"symbol","company_name","security_type","sector","officially_listed","lifecycle_status","first_raw_date","last_raw_date","raw_row_count","processed_master_row_count","usable_row_count","training_rows","validation_rows","test_rows","processed_dataset_exists","processed_dataset_row_count","split_exists","scaler_exists","current_readiness_status","exact_exclusion_reason","ready_for_training"
"786","786 Investments Limited","ordinary_equity","INV. BANKS / INV. COS. / SECURITIES COS.",True,"listed_recently_traded","2018-09-03","2026-08-05",1703,0,0,0,0,0,False,0,False,False,"Data Quality Issue","price is not positive",False
"786-ODL","","unknown","",False,"historical_only","2019-01-10","2020-04-09",78,0,0,0,0,0,False,0,False,False,"Not In Active Readiness Scope","Historical-only / not currently listed",False
"786R","786 Investment (Right)","right","INV. BANKS / INV. COS. / SECURITIES COS.",True,"listed_not_recently_traded","2025-12-22","2026-01-02",9,0,0,0,0,0,False,0,False,False,"Not In Active Readiness Scope","Currently listed but not recently traded",False
"AABS","Al-Abbas Sugar Mills Limited","ordinary_equity","SUGAR & ALLIED INDUSTRIES",True,"listed_recently_traded","2016-07-26","2026-08-05",2040,0,0,0,0,0,False,0,False,False,"Data Quality Issue","price is not positive",False
"AABS-ODL","","unknown","",False,"historical_only","2019-01-10","2020-04-09",113,0,0,0,0,0,False,0,False,False,"Not In Active Readiness Scope","Historical-only / not currently listed",False
"AAL","Agro Allianz Limited","ordinary_equity","TEXTILE SPINNING",True,"non_compliant","2021-10-25","2024-09-26",21,0,0,0,0,0,False,0,False,False,"Not In Active Readiness Scope","Currently listed but not recently traded",False
"AASM","Al-Abid Silk Mills Limited","ordinary_equity","SYNTHETIC & RAYON",True,"non_compliant","2016-07-26","2024-09-26",306,0,0,0,0,0,False,0,False,False,"Not In Active Readiness Scope","Currently listed but not recently traded",False
"AATM","Ali Asghar Textile Mills Limited","ordinary_equity","TEXTILE SPINNING",True,"listed_recently_traded","2016-07-26","2026-08-05",671,0,0,0,0,0,False,0,False,False,"Data Quality Issue","price is not positive",False
"ABL","Allied Bank Limited","ordinary_equity","COMMERCIAL BANKS",True,"listed_recently_traded","2016-07-26","2026-08-05",2427,0,0,0,0,0,False,0,False,False,"Data Quality Issue","price is not positive",False
"ABL-APR","","other","",False,"historical_only","2022-01-31","2022-03-02",23,0,0,0,0,0,False,0,False,False,"Not In Active Readiness Scope","Historical-only / not currently listed",False
"ABL-APRB","","other","",False,"historical_only","2022-02-28","2022-04-25",40,0,0,0,0,0,False,0,False,False,"Not In Active Readiness Scope","Historical-only / not currently listed",False
"ABL-AUG","","other","",False,"historical_only","2019-07-22","2022-08-26",86,0,0,0,0,0,False,0,False,False,"Not In Active Readiness Scope","Historical-only / not currently listed",False
"ABL-CNOV","","unknown","",False,"historical_only","2021-08-30","2021-08-30",1,0,0,0,0,0,False,0,False,False,"Not In Active Readiness Scope","Historical-only / not currently listed",False
"ABL-FEB","","other","",False,"historical_only","2022-02-01","2022-02-25",19,0,0,0,0,0,False,0,False,False,"Not In Active Readiness Scope","Historical-only / not currently listed",False
"ABL-JUL","","other","",False,"historical_only","2019-06-24","2022-07-29",83,0,0,0,0,0,False,0,False,False,"Not In Active Readiness Scope","Historical-only / not currently listed",False
"ABL-JUN","","other","",False,"historical_only","2022-03-28","2022-04-25",21,0,0,0,0,0,False,0,False,False,"Not In Active Readiness Scope","Historical-only / not currently listed",False
"ABL-JUNB","","other","",False,"historical_only","2022-04-21","2022-06-24",42,0,0,0,0,0,False,0,False,False,"Not In Active Readiness Scope","Historical-only / not currently listed",False
"ABL-MAR","","other","",False,"historical_only","2022-02-01","2022-03-02",22,0,0,0,0,0,False,0,False,False,"Not In Active Readiness Scope","Historical-only / not currently listed",False
"ABL-MARB","","other","",False,"historical_only","2022-02-28","2022-03-25",19,0,0,0,0,0,False,0,False,False,"Not In Active Readiness Scope","Historical-only / not currently listed",False
"ABL-MAY","","other","",False,"historical_only","2022-02-28","2022-04-25",40,0,0,0,0,0,False,0,False,False,"Not In Active Readiness Scope","Historical-only / not currently listed",False
"ABL-MAYB","","other","",False,"historical_only","2022-04-21","2022-05-27",22,0,0,0,0,0,False,0,False,False,"Not In Active Readiness Scope","Historical-only / not currently listed",False
"ABL-NOV","","other","",False,"historical_only","2021-08-30","2021-08-30",1,0,0,0,0,0,False,0,False,False,"Not In Active Readiness Scope","Historical-only / not currently listed",False
"ABL-OCT","","other","",False,"historical_only","2022-08-01","2022-08-26",18,0,0,0,0,0,False,0,False,False,"Not In Active Readiness Scope","Historical-only / not currently listed",False
"ABL-OCTB","","other","",False,"historical_only","2022-08-22","2022-10-28",50,0,0,0,0,0,False,0,False,False,"Not In Active Readiness Scope","Historical-only / not currently listed",False
"ABL-ODL","","unknown","",False,"historical_only","2019-01-10","2020-04-10",254,0,0,0,0,0,False,0,False,False,"Not In Active Readiness Scope","Historical-only / not currently listed",False
"ABL-SEP","","other","",False,"historical_only","2019-08-26","2022-08-26",63,0,0,0,0,0,False,0,False,False,"Not In Active Readiness Scope","Historical-only / not currently listed",False
"ABL-SEPB","","other","",False,"historical_only","2022-08-22","2022-09-30",30,0,0,0,0,0,False,0,False,False,"Not In Active Readiness Scope","Historical-only / not currently listed",False
"ABOT","Abbott Laboratories (Pakistan) Limited","ordinary_equity","PHARMACEUTICALS",True,"listed_recently_traded","2016-07-26","2026-08-05",2423,0,0,0,0,0,False,0,False,False,"Data Quality Issue","price is not positive",False
"ABOT-ODL","","unknown","",False,"historical_only","2019-01-10","2020-04-10",240,0,0,0,0,0,False,0,False,False,"Not In Active Readiness Scope","Historical-only / not currently listed",False
"ABSON","Abson Industries Limited","ordinary_equity","PAPER, BOARD & PACKAGING",True,"non_compliant","2021-10-25","2024-09-26",21,0,0,0,0,0,False,0,False,False,"Not In Active Readiness Scope","Currently listed but not recently traded",False
"ACIETF","Alfalah Consumer Index (ETF)","etf","EXCHANGE TRADED FUNDS",True,"listed_recently_traded","2022-01-17","2026-08-05",754,0,0,0,0,0,False,0,False,False,"Data Quality Issue","price is not positive",False
"ACIETF-APR","","other","",False,"historical_only","2024-01-29","2024-04-26",49,0,0,0,0,0,False,0,False,False,"Not In Active Readiness Scope","Historical-only / not currently listed",False
"ACIETF-AUG","","other","",False,"historical_only","2024-06-03","2024-06-25",13,0,0,0,0,0,False,0,False,False,"Not In Active Readiness Scope","Historical-only / not currently listed",False
"ACIETF-AUGB","","other","",False,"historical_only","2024-06-24","2024-08-30",43,0,0,0,0,0,False,0,False,False,"Not In Active Readiness Scope","Historical-only / not currently listed",False
"ACIETF-FEB","","other","",False,"historical_only","2024-01-29","2024-02-23",14,0,0,0,0,0,False,0,False,False,"Not In Active Readiness Scope","Historical-only / not currently listed",False
"ACIETF-JUL","","other","",False,"historical_only","2024-04-29","2024-06-25",36,0,0,0,0,0,False,0,False,False,"Not In Active Readiness Scope","Historical-only / not currently listed",False
"ACIETF-JULB","","other","",False,"historical_only","2024-06-24","2024-07-26",22,0,0,0,0,0,False,0,False,False,"Not In Active Readiness Scope","Historical-only / not currently listed",False
"ACIETF-JUN","","other","",False,"historical_only","2024-04-01","2024-06-25",49,0,0,0,0,0,False,0,False,False,"Not In Active Readiness Scope","Historical-only / not currently listed",False
"ACIETF-MAR","","other","",False,"historical_only","2024-01-29","2024-03-29",36,0,0,0,0,0,False,0,False,False,"Not In Active Readiness Scope","Historical-only / not currently listed",False
"ACIETF-MAY","","other","",False,"historical_only","2024-02-26","2024-05-31",58,0,0,0,0,0,False,0,False,False,"Not In Active Readiness Scope","Historical-only / not currently listed",False
"ACIETF-SEP","","other","",False,"historical_only","2024-07-01","2024-09-26",58,0,0,0,0,0,False,0,False,False,"Not In Active Readiness Scope","Historical-only / not currently listed",False
"ACPL","Attock Cement Pakistan Limited","ordinary_equity","CEMENT",True,"listed_recently_traded","2016-07-26","2026-08-05",2467,0,0,0,0,0,False,0,False,False,"Data Quality Issue","price is not positive",False
"ACPL-ODL","","unknown","",False,"historical_only","2019-01-10","2020-04-10",293,0,0,0,0,0,False,0,False,False,"Not In Active Readiness Scope","Historical-only / not currently listed",False
"ADAMS","Adam Sugar Mills Limited","ordinary_equity","SUGAR & ALLIED INDUSTRIES",True,"listed_recently_traded","2016-07-26","2026-08-05",2090,0,0,0,0,0,False,0,False,False,"Data Quality Issue","price is not positive",False
"ADAMS-ODL","","unknown","",False,"historical_only","2019-01-10","2020-03-27",123,0,0,0,0,0,False,0,False,False,"Not In Active Readiness Scope","Historical-only / not currently listed",False
"ADMM","Artistic Denim Mills Limited","ordinary_equity","TEXTILE COMPOSITE",True,"listed_recently_traded","2016-07-26","2026-08-05",1973,0,0,0,0,0,False,0,False,False,"Data Quality Issue","price is not positive",False
"ADMM-ODL","","unknown","",False,"historical_only","2019-01-17","2020-04-06",66,0,0,0,0,0,False,0,False,False,"Not In Active Readiness Scope","Historical-only / not currently listed",False
"ADOS","","unknown","",False,"historical_only","2016-07-26","2023-01-02",964,0,0,0,0,0,False,0,False,False,"Not In Active Readiness Scope","Historical-only / not currently listed",False
"ADOS-ODL","","unknown","",False,"historical_only","2019-01-11","2020-04-08",44,0,0,0,0,0,False,0,False,False,"Not In Active Readiness Scope","Historical-only / not currently listed",False
"AEL","","unknown","",False,"historical_only","2016-07-26","2024-01-05",1069,0,0,0,0,0,False,0,False,False,"Not In Active Readiness Scope","Historical-only / not currently listed",False
"AEL-ODL","","unknown","",False,"historical_only","2019-01-23","2020-03-25",57,0,0,0,0,0,False,0,False,False,"Not In Active Readiness Scope","Historical-only / not currently listed",False
"AGHA","Agha Steel Ind.Ltd","ordinary_equity","ENGINEERING",True,"listed_recently_traded","2020-11-02","2026-08-05",1426,1377,1377,963,206,208,True,1377,True,True,"Ready","Eligible active ordinary equity with sufficient usable history and complete split/scaler artifacts",True
"AGHA-APR","","other","",False,"historical_only","2022-01-31","2026-04-24",231,0,0,0,0,0,False,0,False,False,"Not In Active Readiness Scope","Historical-only / not currently listed",False
"AGHA-AUG","","other","",False,"historical_only","2021-07-26","2026-08-05",242,0,0,0,0,0,False,0,False,False,"Not In Active Readiness Scope","Historical-only / not currently listed",False
"AGHA-CDEC","","unknown","",False,"historical_only","2021-09-27","2021-10-22",19,0,0,0,0,0,False,0,False,False,"Not In Active Readiness Scope","Historical-only / not currently listed",False
"AGHA-CNOV","","unknown","",False,"historical_only","2021-08-30","2021-10-22",39,0,0,0,0,0,False,0,False,False,"Not In Active Readiness Scope","Historical-only / not currently listed",False
"AGHA-COCT","","unknown","",False,"historical_only","2021-08-02","2021-10-22",57,0,0,0,0,0,False,0,False,False,"Not In Active Readiness Scope","Historical-only / not currently listed",False
"AGHA-DEC","","other","",False,"historical_only","2021-09-27","2025-12-26",234,0,0,0,0,0,False,0,False,False,"Not In Active Readiness Scope","Historical-only / not currently listed",False
"AGHA-FEB","","other","",False,"historical_only","2021-11-29","2026-02-27",250,0,0,0,0,0,False,0,False,False,"Not In Active Readiness Scope","Historical-only / not currently listed",False
"AGHA-JAN","","other","",False,"historical_only","2021-11-01","2026-01-30",248,0,0,0,0,0,False,0,False,False,"Not In Active Readiness Scope","Historical-only / not currently listed",False
"AGHA-JUL","","other","",False,"historical_only","2022-05-06","2026-07-31",235,0,0,0,0,0,False,0,False,False,"Not In Active Readiness Scope","Historical-only / not currently listed",False
"AGHA-JUN","","other","",False,"historical_only","2022-03-28","2026-06-24",224,0,0,0,0,0,False,0,False,False,"Not In Active Readiness Scope","Historical-only / not currently listed",False
"AGHA-MAR","","other","",False,"historical_only","2022-01-03","2026-03-27",242,0,0,0,0,0,False,0,False,False,"Not In Active Readiness Scope","Historical-only / not currently listed",False
"AGHA-MAY","","other","",False,"historical_only","2022-02-28","2026-05-29",239,0,0,0,0,0,False,0,False,False,"Not In Active Readiness Scope","Historical-only / not currently listed",False
"AGHA-NOV","","other","",False,"historical_only","2021-08-30","2025-11-28",220,0,0,0,0,0,False,0,False,False,"Not In Active Readiness Scope","Historical-only / not currently listed",False
"AGHA-NOVB","","other","",False,"historical_only","2021-09-27","2021-11-26",37,0,0,0,0,0,False,0,False,False,"Not In Active Readiness Scope","Historical-only / not currently listed",False
"AGHA-OCT","","other","",False,"historical_only","2021-09-06","2025-10-31",233,0,0,0,0,0,False,0,False,False,"Not In Active Readiness Scope","Historical-only / not currently listed",False
"AGHA-OCTB","","other","",False,"historical_only","2021-09-28","2021-10-29",7,0,0,0,0,0,False,0,False,False,"Not In Active Readiness Scope","Historical-only / not currently listed",False
"AGHA-SEP","","other","",False,"historical_only","2021-07-26","2026-07-28",250,0,0,0,0,0,False,0,False,False,"Not In Active Readiness Scope","Historical-only / not currently listed",False
"AGIC","Askari General Insurance Company Limited","ordinary_equity","INSURANCE",True,"listed_recently_traded","2016-07-26","2026-08-05",2098,0,0,0,0,0,False,0,False,False,"Data Quality Issue","price is not positive",False
"AGIC-ODL","","unknown","",False,"historical_only","2019-01-10","2020-04-10",141,0,0,0,0,0,False,0,False,False,"Not In Active Readiness Scope","Historical-only / not currently listed",False
"AGICR2","Askari General Insurance Co.Ltd.(Right)","right","INSURANCE",True,"listed_not_recently_traded","2025-11-10","2025-11-24",11,0,0,0,0,0,False,0,False,False,"Not In Active Readiness Scope","Currently listed but not recently traded",False
"AGIL","Agriauto Industries Limited","ordinary_equity","AUTOMOBILE PARTS & ACCESSORIES",True,"listed_recently_traded","2016-07-26","2026-08-05",2180,0,0,0,0,0,False,0,False,False,"Data Quality Issue","price is not positive",False
"AGIL-ODL","","unknown","",False,"historical_only","2019-01-23","2020-04-10",121,0,0,0,0,0,False,0,False,False,"Not In Active Readiness Scope","Historical-only / not currently listed",False
"AGL","Agritech Limited","ordinary_equity","FERTILIZER",True,"listed_recently_traded","2016-07-26","2026-08-05",2483,0,0,0,0,0,False,0,False,False,"Data Quality Issue","price is not positive",False
"AGL-APR","","other","",False,"historical_only","2022-01-31","2026-04-24",235,0,0,0,0,0,False,0,False,False,"Not In Active Readiness Scope","Historical-only / not currently listed",False
"AGL-AUG","","other","",False,"historical_only","2022-05-30","2025-08-29",204,0,0,0,0,0,False,0,False,False,"Not In Active Readiness Scope","Historical-only / not currently listed",False
"AGL-DEC","","other","",False,"historical_only","2021-11-01","2025-12-26",190,0,0,0,0,0,False,0,False,False,"Not In Active Readiness Scope","Historical-only / not currently listed",False
"AGL-DECB","","other","",False,"historical_only","2024-11-28","2024-12-27",19,0,0,0,0,0,False,0,False,False,"Not In Active Readiness Scope","Historical-only / not currently listed",False
"AGL-FEB","","other","",False,"historical_only","2021-11-29","2026-02-27",243,0,0,0,0,0,False,0,False,False,"Not In Active Readiness Scope","Historical-only / not currently listed",False
"AGL-JAN","","other","",False,"historical_only","2021-11-01","2026-01-30",222,0,0,0,0,0,False,0,False,False,"Not In Active Readiness Scope","Historical-only / not currently listed",False
"AGL-JANB","","other","",False,"historical_only","2024-12-23","2025-01-31",23,0,0,0,0,0,False,0,False,False,"Not In Active Readiness Scope","Historical-only / not currently listed",False
"AGL-JUL","","other","",False,"historical_only","2022-05-06","2026-07-31",229,0,0,0,0,0,False,0,False,False,"Not In Active Readiness Scope","Historical-only / not currently listed",False
"AGL-JUN","","other","",False,"historical_only","2022-05-06","2026-06-24",196,0,0,0,0,0,False,0,False,False,"Not In Active Readiness Scope","Historical-only / not currently listed",False
"AGL-MAR","","other","",False,"historical_only","2022-01-03","2026-03-27",242,0,0,0,0,0,False,0,False,False,"Not In Active Readiness Scope","Historical-only / not currently listed",False
"AGL-MAY","","other","",False,"historical_only","2022-05-06","2026-05-29",193,0,0,0,0,0,False,0,False,False,"Not In Active Readiness Scope","Historical-only / not currently listed",False
"AGL-NOV","","other","",False,"historical_only","2021-11-15","2025-11-28",205,0,0,0,0,0,False,0,False,False,"Not In Active Readiness Scope","Historical-only / not currently listed",False
"AGL-OCT","","other","",False,"historical_only","2022-08-01","2025-10-31",219,0,0,0,0,0,False,0,False,False,"Not In Active Readiness Scope","Historical-only / not currently listed",False
"AGL-ODL","","unknown","",False,"historical_only","2019-01-10","2020-04-10",177,0,0,0,0,0,False,0,False,False,"Not In Active Readiness Scope","Historical-only / not currently listed",False
"AGL-SEP","","other","",False,"historical_only","2022-06-27","2025-09-26",212,0,0,0,0,0,False,0,False,False,"Not In Active Readiness Scope","Historical-only / not currently listed",False
"AGLNCPS","Agritech Non-Voting (Pref) Class A","preference_share","FERTILIZER",True,"listed_recently_traded","2021-10-25","2026-07-27",136,0,0,0,0,0,False,0,False,False,"Data Quality Issue","price is not positive",False
"AGP","AGP Limited","ordinary_equity","PHARMACEUTICALS",True,"listed_recently_traded","2018-03-05","2026-08-05",2080,2031,2031,1421,304,306,True,2031,True,True,"Ready","Eligible active ordinary equity with sufficient usable history and complete split/scaler artifacts",True
"AGP-APR","","other","",False,"historical_only","2022-01-31","2026-04-10",61,0,0,0,0,0,False,0,False,False,"Not In Active Readiness Scope","Historical-only / not currently listed",False
"AGP-APRB","","other","",False,"historical_only","2022-04-06","2026-04-24",37,0,0,0,0,0,False,0,False,False,"Not In Active Readiness Scope","Historical-only / not currently listed",False
"AGP-AUG","","other","",False,"historical_only","2022-05-30","2026-08-04",87,0,0,0,0,0,False,0,False,False,"Not In Active Readiness Scope","Historical-only / not currently listed",False
"AGP-DEC","","other","",False,"historical_only","2021-11-01","2025-12-26",55,0,0,0,0,0,False,0,False,False,"Not In Active Readiness Scope","Historical-only / not currently listed",False
"AGP-FEB","","other","",False,"historical_only","2021-11-29","2026-02-27",90,0,0,0,0,0,False,0,False,False,"Not In Active Readiness Scope","Historical-only / not currently listed",False
"AGP-JAN","","other","",False,"historical_only","2021-11-15","2026-01-30",83,0,0,0,0,0,False,0,False,False,"Not In Active Readiness Scope","Historical-only / not currently listed",False
"AGP-JUL","","other","",False,"historical_only","2022-05-06","2026-07-31",101,0,0,0,0,0,False,0,False,False,"Not In Active Readiness Scope","Historical-only / not currently listed",False
"AGP-JUN","","other","",False,"historical_only","2022-03-28","2025-06-27",17,0,0,0,0,0,False,0,False,False,"Not In Active Readiness Scope","Historical-only / not currently listed",False
"AGP-JUNB","","other","",False,"historical_only","2022-04-06","2026-06-24",75,0,0,0,0,0,False,0,False,False,"Not In Active Readiness Scope","Historical-only / not currently listed",False
"AGP-MAR","","other","",False,"historical_only","2022-01-03","2026-03-27",83,0,0,0,0,0,False,0,False,False,"Not In Active Readiness Scope","Historical-only / not currently listed",False
"AGP-MAY","","other","",False,"historical_only","2022-02-28","2022-04-08",29,0,0,0,0,0,False,0,False,False,"Not In Active Readiness Scope","Historical-only / not currently listed",False
"AGP-MAYB","","other","",False,"historical_only","2022-04-06","2026-05-29",76,0,0,0,0,0,False,0,False,False,"Not In Active Readiness Scope","Historical-only / not currently listed",False
"AGP-NOV","","other","",False,"historical_only","2021-11-02","2025-11-28",39,0,0,0,0,0,False,0,False,False,"Not In Active Readiness Scope","Historical-only / not currently listed",False
"AGP-OCT","","other","",False,"historical_only","2022-08-01","2022-10-28",63,0,0,0,0,0,False,0,False,False,"Not In Active Readiness Scope","Historical-only / not currently listed",False
"AGP-OCTB","","other","",False,"historical_only","2025-09-18","2025-10-31",25,0,0,0,0,0,False,0,False,False,"Not In Active Readiness Scope","Historical-only / not currently listed",False
"AGP-ODL","","unknown","",False,"historical_only","2019-01-10","2020-04-09",249,0,0,0,0,0,False,0,False,False,"Not In Active Readiness Scope","Historical-only / not currently listed",False
"AGP-SEP","","other","",False,"historical_only","2022-06-27","2025-09-01",68,0,0,0,0,0,False,0,False,False,"Not In Active Readiness Scope","Historical-only / not currently listed",False
"AGP-SEPB","","other","",False,"historical_only","2025-09-05","2025-09-25",11,0,0,0,0,0,False,0,False,False,"Not In Active Readiness Scope","Historical-only / not currently listed",False
"AGSILSC","","unknown","",False,"historical_only","2019-10-14","2022-08-31",27,0,0,0,0,0,False,0,False,False,"Not In Active Readiness Scope","Historical-only / not currently listed",False
"AGSML","Abdullah Shah Ghazi Sugar Mills Limited","ordinary_equity","SUGAR & ALLIED INDUSTRIES",True,"listed_recently_traded","2016-07-26","2026-08-05",1972,0,0,0,0,0,False,0,False,False,"Data Quality Issue","price is not positive",False
"AGSML-ODL","","unknown","",False,"historical_only","2019-01-16","2020-03-31",67,0,0,0,0,0,False,0,False,False,"Not In Active Readiness Scope","Historical-only / not currently listed",False
"AGTL","Al-Ghazi Tractors Limited","ordinary_equity","AUTOMOBILE ASSEMBLER",True,"listed_recently_traded","2016-07-26","2026-08-05",2453,0,0,0,0,0,False,0,False,False,"Data Quality Issue","price is not positive",False
"AGTL-ODL","","unknown","",False,"historical_only","2019-01-10","2020-04-10",242,0,0,0,0,0,False,0,False,False,"Not In Active Readiness Scope","Historical-only / not currently listed",False
"AHBL-NOV","","other","",False,"historical_only","2021-08-30","2021-08-30",1,0,0,0,0,0,False,0,False,False,"Not In Active Readiness Scope","Historical-only / not currently listed",False
"AHCL","Arif Habib Corporation Limited","ordinary_equity","FERTILIZER",True,"listed_recently_traded","2016-07-26","2026-08-05",2326,0,0,0,0,0,False,0,False,False,"Data Quality Issue","price is not positive",False
"AHCL-CNOV","","unknown","",False,"historical_only","2021-08-30","2021-08-30",1,0,0,0,0,0,False,0,False,False,"Not In Active Readiness Scope","Historical-only / not currently listed",False
"AHCL-NOV","","other","",False,"historical_only","2021-08-30","2021-08-30",1,0,0,0,0,0,False,0,False,False,"Not In Active Readiness Scope","Historical-only / not currently listed",False
"AHCL-ODL","","unknown","",False,"historical_only","2019-01-10","2020-04-09",244,0,0,0,0,0,False,0,False,False,"Not In Active Readiness Scope","Historical-only / not currently listed",False
"AHL","Arif Habib Limited","ordinary_equity","INV. BANKS / INV. COS. / SECURITIES COS.",True,"listed_recently_traded","2016-07-26","2026-08-05",2467,0,0,0,0,0,False,0,False,False,"Data Quality Issue","price is not positive",False
"AHL-ODL","","unknown","",False,"historical_only","2019-01-10","2020-04-09",270,0,0,0,0,0,False,0,False,False,"Not In Active Readiness Scope","Historical-only / not currently listed",False
"AHTM","Ahmad Hassan Textile Mills Limited","ordinary_equity","TEXTILE COMPOSITE",True,"listed_recently_traded","2016-07-26","2026-08-05",592,0,0,0,0,0,False,0,False,False,"Data Quality Issue","price is not positive",False
"AHTM-ODL","","unknown","",False,"historical_only","2019-01-23","2020-04-02",22,0,0,0,0,0,False,0,False,False,"Not In Active Readiness Scope","Historical-only / not currently listed",False
"AICL","Adamjee Insurance Company Limited","ordinary_equity","INSURANCE",True,"listed_recently_traded","2016-07-26","2026-08-05",2454,0,0,0,0,0,False,0,False,False,"Data Quality Issue","price is not positive",False
"AICL-APR","","other","",False,"historical_only","2018-03-26","2026-04-15",122,0,0,0,0,0,False,0,False,False,"Not In Active Readiness Scope","Historical-only / not currently listed",False
"AICL-APRB","","other","",False,"historical_only","2019-04-08","2026-04-24",52,0,0,0,0,0,False,0,False,False,"Not In Active Readiness Scope","Historical-only / not currently listed",False
"AICL-AUG","","other","",False,"historical_only","2018-07-23","2026-08-05",127,0,0,0,0,0,False,0,False,False,"Not In Active Readiness Scope","Historical-only / not currently listed",False
"AICL-CDEC","","unknown","",False,"historical_only","2017-10-02","2021-10-22",82,0,0,0,0,0,False,0,False,False,"Not In Active Readiness Scope","Historical-only / not currently listed",False
"AICL-CFEB","","unknown","",False,"historical_only","2017-01-02","2017-02-24",40,0,0,0,0,0,False,0,False,False,"Not In Active Readiness Scope","Historical-only / not currently listed",False
"AICL-CJAN","","unknown","",False,"historical_only","2017-01-02","2017-01-27",20,0,0,0,0,0,False,0,False,False,"Not In Active Readiness Scope","Historical-only / not currently listed",False
"AICL-CMAR","","unknown","",False,"historical_only","2017-01-02","2017-03-31",64,0,0,0,0,0,False,0,False,False,"Not In Active Readiness Scope","Historical-only / not currently listed",False
"AICL-CNOV","","unknown","",False,"historical_only","2017-08-28","2021-10-22",102,0,0,0,0,0,False,0,False,False,"Not In Active Readiness Scope","Historical-only / not currently listed",False
"AICL-COCT","","unknown","",False,"historical_only","2021-08-02","2021-10-22",57,0,0,0,0,0,False,0,False,False,"Not In Active Readiness Scope","Historical-only / not currently listed",False
"AICL-DEC","","other","",False,"historical_only","2018-11-26","2025-12-26",125,0,0,0,0,0,False,0,False,False,"Not In Active Readiness Scope","Historical-only / not currently listed",False
"AICL-FEB","","other","",False,"historical_only","2018-01-22","2026-02-27",139,0,0,0,0,0,False,0,False,False,"Not In Active Readiness Scope","Historical-only / not currently listed",False
"AICL-JAN","","other","",False,"historical_only","2017-01-02","2026-01-30",126,0,0,0,0,0,False,0,False,False,"Not In Active Readiness Scope","Historical-only / not currently listed",False
"AICL-JUL","","other","",False,"historical_only","2018-06-25","2026-07-31",134,0,0,0,0,0,False,0,False,False,"Not In Active Readiness Scope","Historical-only / not currently listed",False
"AICL-JUN","","other","",False,"historical_only","2018-05-21","2024-06-28",103,0,0,0,0,0,False,0,False,False,"Not In Active Readiness Scope","Historical-only / not currently listed",False
"AICL-JUNB","","other","",False,"historical_only","2025-05-02","2026-06-24",42,0,0,0,0,0,False,0,False,False,"Not In Active Readiness Scope","Historical-only / not currently listed",False
"AICL-MAR","","other","",False,"historical_only","2018-02-19","2026-03-27",149,0,0,0,0,0,False,0,False,False,"Not In Active Readiness Scope","Historical-only / not currently listed",False
"AICL-MARB","","other","",False,"historical_only","2019-04-08","2019-04-08",1,0,0,0,0,0,False,0,False,False,"Not In Active Readiness Scope","Historical-only / not currently listed",False
"AICL-MAY","","other","",False,"historical_only","2018-04-23","2026-04-15",92,0,0,0,0,0,False,0,False,False,"Not In Active Readiness Scope","Historical-only / not currently listed",False
"AICL-MAYB","","other","",False,"historical_only","2024-03-28","2026-05-29",94,0,0,0,0,0,False,0,False,False,"Not In Active Readiness Scope","Historical-only / not currently listed",False
"AICL-NOV","","other","",False,"historical_only","2018-10-22","2025-11-28",122,0,0,0,0,0,False,0,False,False,"Not In Active Readiness Scope","Historical-only / not currently listed",False
"AICL-OCT","","other","",False,"historical_only","2017-09-25","2024-08-30",92,0,0,0,0,0,False,0,False,False,"Not In Active Readiness Scope","Historical-only / not currently listed",False
"AICL-OCTB","","other","",False,"historical_only","2021-08-30","2025-10-31",72,0,0,0,0,0,False,0,False,False,"Not In Active Readiness Scope","Historical-only / not currently listed",False
"AICL-ODL","","unknown","",False,"historical_only","2019-01-11","2020-04-10",204,0,0,0,0,0,False,0,False,False,"Not In Active Readiness Scope","Historical-only / not currently listed",False
"AICL-SEP","","other","",False,"historical_only","2017-08-21","2025-09-02",99,0,0,0,0,0,False,0,False,False,"Not In Active Readiness Scope","Historical-only / not currently listed",False
"AICL-SEPB","","other","",False,"historical_only","2018-09-03","2025-09-26",62,0,0,0,0,0,False,0,False,False,"Not In Active Readiness Scope","Historical-only / not currently listed",False
"AIRLINK","Air Link Communication Limited","ordinary_equity","TECHNOLOGY & COMMUNICATION",True,"listed_recently_traded","2021-09-22","2026-08-05",1207,1158,1158,810,173,175,True,1158,True,True,"Ready","Eligible active ordinary equity with sufficient usable history and complete split/scaler artifacts",True
"AIRLINK-APR","","other","",False,"historical_only","2023-01-30","2026-04-24",95,0,0,0,0,0,False,0,False,False,"Not In Active Readiness Scope","Historical-only / not currently listed",False
"AIRLINK-APRB","","other","",False,"historical_only","2024-01-31","2025-04-25",79,0,0,0,0,0,False,0,False,False,"Not In Active Readiness Scope","Historical-only / not currently listed",False
"AIRLINK-AUG","","other","",False,"historical_only","2022-05-30","2026-08-05",223,0,0,0,0,0,False,0,False,False,"Not In Active Readiness Scope","Historical-only / not currently listed",False
"AIRLINK-CDEC","","unknown","",False,"historical_only","2025-12-01","2025-12-26",13,0,0,0,0,0,False,0,False,False,"Not In Active Readiness Scope","Historical-only / not currently listed",False
"AIRLINK-CFEB","","unknown","",False,"historical_only","2026-02-03","2026-02-03",1,0,0,0,0,0,False,0,False,False,"Not In Active Readiness Scope","Historical-only / not currently listed",False
"AIRLINK-CJAN","","unknown","",False,"historical_only","2025-12-29","2026-01-26",16,0,0,0,0,0,False,0,False,False,"Not In Active Readiness Scope","Historical-only / not currently listed",False
"AIRLINK-CMAY","","unknown","",False,"historical_only","2026-05-06","2026-05-11",2,0,0,0,0,0,False,0,False,False,"Not In Active Readiness Scope","Historical-only / not currently listed",False
"AIRLINK-DEC","","other","",False,"historical_only","2022-10-03","2024-12-27",47,0,0,0,0,0,False,0,False,False,"Not In Active Readiness Scope","Historical-only / not currently listed",False
"AIRLINK-DECB","","other","",False,"historical_only","2022-10-12","2023-12-29",113,0,0,0,0,0,False,0,False,False,"Not In Active Readiness Scope","Historical-only / not currently listed",False
"AIRLINK-DECC","","other","",False,"historical_only","2025-11-20","2025-12-26",26,0,0,0,0,0,False,0,False,False,"Not In Active Readiness Scope","Historical-only / not currently listed",False
"AIRLINK-FEB","","other","",False,"historical_only","2022-11-28","2026-02-27",171,0,0,0,0,0,False,0,False,False,"Not In Active Readiness Scope","Historical-only / not currently listed",False
"AIRLINK-FEBB","","other","",False,"historical_only","2024-01-31","2024-02-23",16,0,0,0,0,0,False,0,False,False,"Not In Active Readiness Scope","Historical-only / not currently listed",False
"AIRLINK-JAN","","other","",False,"historical_only","2022-10-31","2026-01-30",192,0,0,0,0,0,False,0,False,False,"Not In Active Readiness Scope","Historical-only / not currently listed",False
"AIRLINK-JUL","","other","",False,"historical_only","2022-05-06","2026-07-31",235,0,0,0,0,0,False,0,False,False,"Not In Active Readiness Scope","Historical-only / not currently listed",False
"AIRLINK-JUN","","other","",False,"historical_only","2022-05-06","2026-06-24",203,0,0,0,0,0,False,0,False,False,"Not In Active Readiness Scope","Historical-only / not currently listed",False
"AIRLINK-MAR","","other","",False,"historical_only","2023-01-02","2026-03-27",123,0,0,0,0,0,False,0,False,False,"Not In Active Readiness Scope","Historical-only / not currently listed",False
"AIRLINK-MARB","","other","",False,"historical_only","2024-01-31","2025-03-27",60,0,0,0,0,0,False,0,False,False,"Not In Active Readiness Scope","Historical-only / not currently listed",False
"AIRLINK-MAY","","other","",False,"historical_only","2022-05-06","2026-05-29",197,0,0,0,0,0,False,0,False,False,"Not In Active Readiness Scope","Historical-only / not currently listed",False
"AIRLINK-NOV","","other","",False,"historical_only","2022-08-29","2025-10-10",77,0,0,0,0,0,False,0,False,False,"Not In Active Readiness Scope","Historical-only / not currently listed",False
"AIRLINK-NOVB","","other","",False,"historical_only","2022-10-12","2025-10-29",115,0,0,0,0,0,False,0,False,False,"Not In Active Readiness Scope","Historical-only / not currently listed",False
"AIRLINK-NOVC","","other","",False,"historical_only","2025-10-27","2025-11-28",25,0,0,0,0,0,False,0,False,False,"Not In Active Readiness Scope","Historical-only / not currently listed",False
"AIRLINK-OCT","","other","",False,"historical_only","2022-08-01","2025-10-10",153,0,0,0,0,0,False,0,False,False,"Not In Active Readiness Scope","Historical-only / not currently listed",False
"AIRLINK-OCTB","","other","",False,"historical_only","2022-10-12","2025-10-29",76,0,0,0,0,0,False,0,False,False,"Not In Active Readiness Scope","Historical-only / not currently listed",False
"AIRLINK-SEP","","other","",False,"historical_only","2022-06-27","2025-09-26",205,0,0,0,0,0,False,0,False,False,"Not In Active Readiness Scope","Historical-only / not currently listed",False
"AIRLINK-SEPB","","other","",False,"historical_only","2024-09-09","2024-09-27",14,0,0,0,0,0,False,0,False,False,"Not In Active Readiness Scope","Historical-only / not currently listed",False
"AKBL","Askari Bank Limited","ordinary_equity","COMMERCIAL BANKS",True,"listed_recently_traded","2016-07-26","2026-08-05",2483,2434,2434,1703,365,366,True,2434,True,True,"Ready","Eligible active ordinary equity with sufficient usable history and complete split/scaler artifacts",True
"AKBL-APR","","other","",False,"historical_only","2017-03-27","2026-02-24",143,0,0,0,0,0,False,0,False,False,"Not In Active Readiness Scope","Historical-only / not currently listed",False
"AKBL-APRB","","other","",False,"historical_only","2023-02-20","2026-04-24",124,0,0,0,0,0,False,0,False,False,"Not In Active Readiness Scope","Historical-only / not currently listed",False
"AKBL-AUG","","other","",False,"historical_only","2017-07-24","2026-08-05",256,0,0,0,0,0,False,0,False,False,"Not In Active Readiness Scope","Historical-only / not currently listed",False
"AKBL-AUGB","","other","",False,"historical_only","2026-08-03","2026-08-05",3,0,0,0,0,0,False,0,False,False,"Not In Active Readiness Scope","Historical-only / not currently listed",False
"AKBL-CAPR","","unknown","",False,"historical_only","2017-01-30","2018-04-27",127,0,0,0,0,0,False,0,False,False,"Not In Active Readiness Scope","Historical-only / not currently listed",False
"AKBL-CAUG","","unknown","",False,"historical_only","2017-05-29","2018-08-31",122,0,0,0,0,0,False,0,False,False,"Not In Active Readiness Scope","Historical-only / not currently listed",False
"AKBL-CDEC","","unknown","",False,"historical_only","2017-10-02","2021-10-22",145,0,0,0,0,0,False,0,False,False,"Not In Active Readiness Scope","Historical-only / not currently listed",False
"AKBL-CFEB","","unknown","",False,"historical_only","2017-01-02","2018-02-23",102,0,0,0,0,0,False,0,False,False,"Not In Active Readiness Scope","Historical-only / not currently listed",False
"AKBL-CJAN","","unknown","",False,"historical_only","2017-01-02","2018-01-26",83,0,0,0,0,0,False,0,False,False,"Not In Active Readiness Scope","Historical-only / not currently listed",False
"AKBL-CJUL","","unknown","",False,"historical_only","2017-05-02","2018-07-27",120,0,0,0,0,0,False,0,False,False,"Not In Active Readiness Scope","Historical-only / not currently listed",False
"AKBL-CJUN","","unknown","",False,"historical_only","2017-04-03","2018-06-29",121,0,0,0,0,0,False,0,False,False,"Not In Active Readiness Scope","Historical-only / not currently listed",False
"AKBL-CMAR","","unknown","",False,"historical_only","2017-01-02","2018-03-30",127,0,0,0,0,0,False,0,False,False,"Not In Active Readiness Scope","Historical-only / not currently listed",False
"AKBL-CMAY","","unknown","",False,"historical_only","2017-02-27","2018-05-25",126,0,0,0,0,0,False,0,False,False,"Not In Active Readiness Scope","Historical-only / not currently listed",False
"AKBL-CNOV","","unknown","",False,"historical_only","2017-08-28","2021-10-22",164,0,0,0,0,0,False,0,False,False,"Not In Active Readiness Scope","Historical-only / not currently listed",False
"AKBL-COCT","","unknown","",False,"historical_only","2017-07-31","2021-10-22",178,0,0,0,0,0,False,0,False,False,"Not In Active Readiness Scope","Historical-only / not currently listed",False
"AKBL-CSEP","","unknown","",False,"historical_only","2017-07-03","2018-09-28",120,0,0,0,0,0,False,0,False,False,"Not In Active Readiness Scope","Historical-only / not currently listed",False
"AKBL-DEC","","other","",False,"historical_only","2017-11-20","2025-11-03",258,0,0,0,0,0,False,0,False,False,"Not In Active Readiness Scope","Historical-only / not currently listed",False
"AKBL-DECB","","other","",False,"historical_only","2025-11-10","2025-12-26",25,0,0,0,0,0,False,0,False,False,"Not In Active Readiness Scope","Historical-only / not currently listed",False
"AKBL-FEB","","other","",False,"historical_only","2017-01-23","2026-02-27",268,0,0,0,0,0,False,0,False,False,"Not In Active Readiness Scope","Historical-only / not currently listed",False
"AKBL-JAN","","other","",False,"historical_only","2017-01-02","2026-01-30",280,0,0,0,0,0,False,0,False,False,"Not In Active Readiness Scope","Historical-only / not currently listed",False
"AKBL-JUL","","other","",False,"historical_only","2017-06-29","2025-07-25",227,0,0,0,0,0,False,0,False,False,"Not In Active Readiness Scope","Historical-only / not currently listed",False
"AKBL-JULB","","other","",False,"historical_only","2026-06-15","2026-07-31",31,0,0,0,0,0,False,0,False,False,"Not In Active Readiness Scope","Historical-only / not currently listed",False
"AKBL-JUN","","other","",False,"historical_only","2017-05-22","2026-05-05",227,0,0,0,0,0,False,0,False,False,"Not In Active Readiness Scope","Historical-only / not currently listed",False
"AKBL-JUNB","","other","",False,"historical_only","2026-05-05","2026-06-24",26,0,0,0,0,0,False,0,False,False,"Not In Active Readiness Scope","Historical-only / not currently listed",False
"AKBL-MAR","","other","",False,"historical_only","2017-02-20","2026-02-27",210,0,0,0,0,0,False,0,False,False,"Not In Active Readiness Scope","Historical-only / not currently listed",False
"AKBL-MARB","","other","",False,"historical_only","2019-03-04","2026-03-27",97,0,0,0,0,0,False,0,False,False,"Not In Active Readiness Scope","Historical-only / not currently listed",False
"AKBL-MAY","","other","",False,"historical_only","2017-04-24","2026-05-06",163,0,0,0,0,0,False,0,False,False,"Not In Active Readiness Scope","Historical-only / not currently listed",False
"AKBL-MAYB","","other","",False,"historical_only","2024-03-13","2026-05-29",96,0,0,0,0,0,False,0,False,False,"Not In Active Readiness Scope","Historical-only / not currently listed",False
"AKBL-NOV","","other","",False,"historical_only","2017-10-23","2025-11-04",270,0,0,0,0,0,False,0,False,False,"Not In Active Readiness Scope","Historical-only / not currently listed",False
"AKBL-NOVB","","other","",False,"historical_only","2025-10-31","2025-11-28",21,0,0,0,0,0,False,0,False,False,"Not In Active Readiness Scope","Historical-only / not currently listed",False
"AKBL-OCT","","other","",False,"historical_only","2017-09-25","2024-10-25",279,0,0,0,0,0,False,0,False,False,"Not In Active Readiness Scope","Historical-only / not currently listed",False
"AKBL-OCTB","","other","",False,"historical_only","2025-09-23","2025-10-31",29,0,0,0,0,0,False,0,False,False,"Not In Active Readiness Scope","Historical-only / not currently listed",False
"AKBL-ODL","","unknown","",False,"historical_only","2019-01-10","2020-04-10",289,0,0,0,0,0,False,0,False,False,"Not In Active Readiness Scope","Historical-only / not currently listed",False
"AKBL-SEP","","other","",False,"historical_only","2017-08-21","2025-08-27",253,0,0,0,0,0,False,0,False,False,"Not In Active Readiness Scope","Historical-only / not currently listed",False
"AKBL-SEPB","","other","",False,"historical_only","2021-08-30","2025-09-26",26,0,0,0,0,0,False,0,False,False,"Not In Active Readiness Scope","Historical-only / not currently listed",False
"AKBLTFC7","","unknown","",False,"historical_only","2020-09-24","2024-12-27",70,0,0,0,0,0,False,0,False,False,"Not In Active Readiness Scope","Historical-only / not currently listed",False
"AKDCL","","unknown","",False,"historical_only","2016-07-26","2021-07-08",778,0,0,0,0,0,False,0,False,False,"Not In Active Readiness Scope","Historical-only / not currently listed",False
"AKDCL-ODL","","unknown","",False,"historical_only","2019-01-16","2020-03-27",67,0,0,0,0,0,False,0,False,False,"Not In Active Readiness Scope","Historical-only / not currently listed",False
"AKDHL","AKD Hospitality Limited","ordinary_equity","MISCELLANEOUS",True,"listed_recently_traded","2021-07-09","2026-08-05",1078,0,0,0,0,0,False,0,False,False,"Data Quality Issue","price is not positive",False
"AKDSL","AKD Securities Limited","ordinary_equity","INV. BANKS / INV. COS. / SECURITIES COS.",True,"listed_recently_traded","2017-01-02","2026-08-05",1638,0,0,0,0,0,False,0,False,False,"Data Quality Issue","price is not positive",False
"AKGL","Al-Khair Gadoon Limited","ordinary_equity","MISCELLANEOUS",True,"listed_recently_traded","2016-07-26","2026-08-05",956,0,0,0,0,0,False,0,False,False,"Data Quality Issue","price is not positive",False
"AKGL-ODL","","unknown","",False,"historical_only","2019-01-23","2019-11-15",15,0,0,0,0,0,False,0,False,False,"Not In Active Readiness Scope","Historical-only / not currently listed",False
"AKZO","","unknown","",False,"historical_only","2016-07-26","2020-08-07",957,0,0,0,0,0,False,0,False,False,"Not In Active Readiness Scope","Historical-only / not currently listed",False
"AKZO-ODL","","unknown","",False,"historical_only","2019-01-10","2020-04-10",235,0,0,0,0,0,False,0,False,False,"Not In Active Readiness Scope","Historical-only / not currently listed",False
"ALAC","Askari Life Assurance Company Limited","ordinary_equity","INSURANCE",True,"listed_recently_traded","2018-07-16","2026-08-05",1508,0,0,0,0,0,False,0,False,False,"Data Quality Issue","price is not positive",False
"ALAC-ODL","","unknown","",False,"historical_only","2019-01-10","2020-03-20",76,0,0,0,0,0,False,0,False,False,"Not In Active Readiness Scope","Historical-only / not currently listed",False
"ALACR3","","unknown","",False,"historical_only","2018-10-29","2018-11-19",16,0,0,0,0,0,False,0,False,False,"Not In Active Readiness Scope","Historical-only / not currently listed",False
"ALACR4","","unknown","",False,"historical_only","2020-10-06","2020-10-27",16,0,0,0,0,0,False,0,False,False,"Not In Active Readiness Scope","Historical-only / not currently listed",False
"ALIFE","Adamjee Life Assurance Company Limited","ordinary_equity","INSURANCE",True,"listed_recently_traded","2022-03-04","2026-08-05",956,0,0,0,0,0,False,0,False,False,"Data Quality Issue","price is not positive",False
"ALNRS","Al-Noor Sugar Mills Limited","ordinary_equity","SUGAR & ALLIED INDUSTRIES",True,"listed_recently_traded","2016-07-26","2026-08-05",1490,0,0,0,0,0,False,0,False,False,"Data Quality Issue","price is not positive",False
"ALNRS-ODL","","unknown","",False,"historical_only","2019-01-23","2020-04-02",44,0,0,0,0,0,False,0,False,False,"Not In Active Readiness Scope","Historical-only / not currently listed",False
"ALQT","","unknown","",False,"historical_only","2017-01-02","2017-11-02",21,0,0,0,0,0,False,0,False,False,"Not In Active Readiness Scope","Historical-only / not currently listed",False
"ALTN","Altern Energy Limited","ordinary_equity","POWER GENERATION & DISTRIBUTION",True,"listed_recently_traded","2016-07-26","2026-08-05",2009,0,0,0,0,0,False,0,False,False,"Data Quality Issue","price is not positive",False
"ALTN-ODL","","unknown","",False,"historical_only","2019-01-18","2020-04-09",53,0,0,0,0,0,False,0,False,False,"Not In Active Readiness Scope","Historical-only / not currently listed",False
"AMBL","Apna Microfinance Bank Limited","ordinary_equity","INV. BANKS / INV. COS. / SECURITIES COS.",True,"listed_recently_traded","2016-07-26","2026-08-05",1281,0,0,0,0,0,False,0,False,False,"Data Quality Issue","price is not positive",False
"AMBL-ODL","","unknown","",False,"historical_only","2019-01-23","2020-04-02",59,0,10,0,0,0,False,0,False,False,"Not In Active Readiness Scope","Historical-only / not currently listed",False
"AMBLR2","","unknown","",False,"historical_only","2017-07-20","2017-08-24",20,0,0,0,0,0,False,0,False,False,"Not In Active Readiness Scope","Historical-only / not currently listed",False
"AMBLR3","","unknown","",False,"historical_only","2018-12-31","2019-01-01",2,0,0,0,0,0,False,0,False,False,"Not In Active Readiness Scope","Historical-only / not currently listed",False
"AMBLR4","","unknown","",False,"historical_only","2021-06-17","2021-07-09",16,0,0,0,0,0,False,0,False,False,"Not In Active Readiness Scope","Historical-only / not currently listed",False
"AMSL","Al-Mal Securities & Services Limited","ordinary_equity","INV. BANKS / INV. COS. / SECURITIES COS.",True,"non_compliant","2021-10-25","2024-09-26",21,0,0,0,0,0,False,0,False,False,"Not In Active Readiness Scope","Currently listed but not recently traded",False
"AMTEX","Amtex Limited","ordinary_equity","TEXTILE SPINNING",True,"non_compliant","2016-07-26","2026-08-05",1433,0,0,0,0,0,False,0,False,False,"Data Quality Issue","price is not positive",False
"AMTEX-ODL","","unknown","",False,"historical_only","2019-01-16","2020-03-04",70,0,0,0,0,0,False,0,False,False,"Not In Active Readiness Scope","Historical-only / not currently listed",False
"ANL","Azgard Nine Limited","ordinary_equity","TEXTILE COMPOSITE",True,"listed_recently_traded","2016-07-26","2026-08-05",2484,2435,2435,1704,365,366,True,2435,True,True,"Ready","Eligible active ordinary equity with sufficient usable history and complete split/scaler artifacts",True
"ANL-APR","","other","",False,"historical_only","2021-03-22","2024-04-26",209,0,0,0,0,0,False,0,False,False,"Not In Active Readiness Scope","Historical-only / not currently listed",False
"ANL-AUG","","other","",False,"historical_only","2021-07-26","2023-08-25",141,0,0,0,0,0,False,0,False,False,"Not In Active Readiness Scope","Historical-only / not currently listed",False
"ANL-CAUG","","unknown","",False,"historical_only","2021-05-31","2021-08-27",60,0,0,0,0,0,False,0,False,False,"Not In Active Readiness Scope","Historical-only / not currently listed",False
"ANL-CDEC","","unknown","",False,"historical_only","2021-09-27","2021-10-22",19,0,0,0,0,0,False,0,False,False,"Not In Active Readiness Scope","Historical-only / not currently listed",False
"ANL-CJUL","","unknown","",False,"historical_only","2021-05-03","2021-07-30",56,0,0,0,0,0,False,0,False,False,"Not In Active Readiness Scope","Historical-only / not currently listed",False
"ANL-CJUN","","unknown","",False,"historical_only","2021-03-29","2021-06-25",59,0,0,0,0,0,False,0,False,False,"Not In Active Readiness Scope","Historical-only / not currently listed",False
"ANL-CNOV","","unknown","",False,"historical_only","2021-08-30","2021-10-22",39,0,0,0,0,0,False,0,False,False,"Not In Active Readiness Scope","Historical-only / not currently listed",False
"ANL-COCT","","unknown","",False,"historical_only","2021-08-02","2021-10-22",57,0,0,0,0,0,False,0,False,False,"Not In Active Readiness Scope","Historical-only / not currently listed",False
"ANL-CSEP","","unknown","",False,"historical_only","2021-06-28","2021-09-24",60,0,0,0,0,0,False,0,False,False,"Not In Active Readiness Scope","Historical-only / not currently listed",False
"ANL-DEC","","other","",False,"historical_only","2021-10-25","2023-12-29",167,0,0,0,0,0,False,0,False,False,"Not In Active Readiness Scope","Historical-only / not currently listed",False
"ANL-FEB","","other","",False,"historical_only","2021-11-29","2024-02-23",191,0,0,0,0,0,False,0,False,False,"Not In Active Readiness Scope","Historical-only / not currently listed",False
"ANL-JAN","","other","",False,"historical_only","2021-11-01","2024-01-26",187,0,0,0,0,0,False,0,False,False,"Not In Active Readiness Scope","Historical-only / not currently listed",False
"ANL-JUL","","other","",False,"historical_only","2021-06-21","2023-07-27",143,0,0,0,0,0,False,0,False,False,"Not In Active Readiness Scope","Historical-only / not currently listed",False
"ANL-JUN","","other","",False,"historical_only","2021-05-24","2023-06-27",142,0,0,0,0,0,False,0,False,False,"Not In Active Readiness Scope","Historical-only / not currently listed",False
"ANL-MAR","","other","",False,"historical_only","2022-01-03","2024-03-29",185,0,0,0,0,0,False,0,False,False,"Not In Active Readiness Scope","Historical-only / not currently listed",False
"ANL-MAY","","other","",False,"historical_only","2021-04-26","2023-05-26",137,0,0,0,0,0,False,0,False,False,"Not In Active Readiness Scope","Historical-only / not currently listed",False
"ANL-NOV","","other","",False,"historical_only","2021-08-30","2023-11-24",156,0,0,0,0,0,False,0,False,False,"Not In Active Readiness Scope","Historical-only / not currently listed",False
"ANL-OCT","","other","",False,"historical_only","2021-09-02","2023-10-27",159,0,0,0,0,0,False,0,False,False,"Not In Active Readiness Scope","Historical-only / not currently listed",False
"ANL-ODL","","unknown","",False,"historical_only","2019-01-10","2020-04-10",211,0,0,0,0,0,False,0,False,False,"Not In Active Readiness Scope","Historical-only / not currently listed",False
"ANL-SEP","","other","",False,"historical_only","2021-08-16","2023-09-28",154,0,0,0,0,0,False,0,False,False,"Not In Active Readiness Scope","Historical-only / not currently listed",False
"ANLNV","Azgard Nine Non-Voting Ordinary Shares","ordinary_equity","TEXTILE COMPOSITE",True,"listed_recently_traded","2021-10-25","2026-08-05",87,0,0,0,0,0,False,0,False,False,"Data Quality Issue","price is not positive",False
"ANLNV-ODL","","unknown","",False,"historical_only","2019-01-24","2019-01-24",1,0,0,0,0,0,False,0,False,False,"Not In Active Readiness Scope","Historical-only / not currently listed",False
"ANLNVR","","unknown","",False,"historical_only","2021-10-25","2021-10-29",2,0,0,0,0,0,False,0,False,False,"Not In Active Readiness Scope","Historical-only / not currently listed",False
"ANLPS","Azgard Nine 8.95%(Pref)","preference_share","TEXTILE COMPOSITE",True,"listed_not_recently_traded","2021-10-25","2024-09-26",21,0,0,0,0,0,False,0,False,False,"Not In Active Readiness Scope","Currently listed but not recently traded",False
"ANLR","","unknown","",False,"historical_only","2020-02-27","2021-10-29",18,0,0,0,0,0,False,0,False,False,"Not In Active Readiness Scope","Historical-only / not currently listed",False
"ANLR-ODL","","unknown","",False,"historical_only","2020-02-27","2020-03-19",16,0,0,0,0,0,False,0,False,False,"Not In Active Readiness Scope","Historical-only / not currently listed",False
"ANNT","Annoor Textile Mills Limited","ordinary_equity","TEXTILE SPINNING",True,"non_compliant","2021-10-25","2024-09-26",21,0,0,0,0,0,False,0,False,False,"Not In Active Readiness Scope","Currently listed but not recently traded",False
"ANSM","Ansari Sugar Mills Limited","ordinary_equity","SUGAR & ALLIED INDUSTRIES",True,"listed_recently_traded","2016-07-26","2026-08-05",1038,0,0,0,0,0,False,0,False,False,"Data Quality Issue","price is not positive",False
"ANSM-ODL","","unknown","",False,"historical_only","2019-01-11","2020-01-28",101,0,0,0,0,0,False,0,False,False,"Not In Active Readiness Scope","Historical-only / not currently listed",False
"ANSMR","","unknown","",False,"historical_only","2018-05-08","2018-05-30",17,0,0,0,0,0,False,0,False,False,"Not In Active Readiness Scope","Historical-only / not currently listed",False
"ANTM","AN Textile Mills Limited","ordinary_equity","TEXTILE COMPOSITE",True,"listed_recently_traded","2019-05-29","2026-08-05",685,0,0,0,0,0,False,0,False,False,"Data Quality Issue","price is not positive",False
"ANTM-ODL","","unknown","",False,"historical_only","2019-07-24","2020-03-02",22,0,0,0,0,0,False,0,False,False,"Not In Active Readiness Scope","Historical-only / not currently listed",False
"APL","Attock Petroleum Limited","ordinary_equity","OIL & GAS MARKETING COMPANIES",True,"listed_recently_traded","2016-07-26","2026-08-05",2481,0,0,0,0,0,False,0,False,False,"Data Quality Issue","price is not positive",False
"APL-APR","","other","",False,"historical_only","2023-01-30","2024-02-13",38,0,0,0,0,0,False,0,False,False,"Not In Active Readiness Scope","Historical-only / not currently listed",False
"APL-APRB","","other","",False,"historical_only","2023-03-06","2024-04-26",87,0,0,0,0,0,False,0,False,False,"Not In Active Readiness Scope","Historical-only / not currently listed",False
"APL-AUG","","other","",False,"historical_only","2023-05-29","2023-08-25",60,0,0,0,0,0,False,0,False,False,"Not In Active Readiness Scope","Historical-only / not currently listed",False
"APL-DEC","","other","",False,"historical_only","2022-10-31","2023-12-29",107,0,0,0,0,0,False,0,False,False,"Not In Active Readiness Scope","Historical-only / not currently listed",False
"APL-FEB","","other","",False,"historical_only","2022-11-28","2024-02-13",119,0,0,0,0,0,False,0,False,False,"Not In Active Readiness Scope","Historical-only / not currently listed",False
"APL-FEBB","","other","",False,"historical_only","2024-02-09","2024-02-23",11,0,0,0,0,0,False,0,False,False,"Not In Active Readiness Scope","Historical-only / not currently listed",False
"APL-JAN","","other","",False,"historical_only","2022-10-31","2024-01-26",127,0,0,0,0,0,False,0,False,False,"Not In Active Readiness Scope","Historical-only / not currently listed",False
"APL-JUL","","other","",False,"historical_only","2023-05-02","2024-07-26",118,0,0,0,0,0,False,0,False,False,"Not In Active Readiness Scope","Historical-only / not currently listed",False
"APL-JUN","","other","",False,"historical_only","2023-04-03","2024-06-28",113,0,0,0,0,0,False,0,False,False,"Not In Active Readiness Scope","Historical-only / not currently listed",False
"APL-MAR","","other","",False,"historical_only","2023-01-02","2024-02-13",78,0,0,0,0,0,False,0,False,False,"Not In Active Readiness Scope","Historical-only / not currently listed",False
"APL-MARB","","other","",False,"historical_only","2023-03-06","2024-03-29",55,0,0,0,0,0,False,0,False,False,"Not In Active Readiness Scope","Historical-only / not currently listed",False
"APL-MAY","","other","",False,"historical_only","2023-02-27","2024-05-31",72,0,0,0,0,0,False,0,False,False,"Not In Active Readiness Scope","Historical-only / not currently listed",False
"APL-MAYB","","other","",False,"historical_only","2023-03-06","2023-05-26",54,0,0,0,0,0,False,0,False,False,"Not In Active Readiness Scope","Historical-only / not currently listed",False
"APL-NOV","","other","",False,"historical_only","2021-08-30","2023-09-27",43,0,0,0,0,0,False,0,False,False,"Not In Active Readiness Scope","Historical-only / not currently listed",False
"APL-NOVB","","other","",False,"historical_only","2023-09-25","2023-11-24",43,0,0,0,0,0,False,0,False,False,"Not In Active Readiness Scope","Historical-only / not currently listed",False
"APL-OCT","","other","",False,"historical_only","2023-07-31","2023-09-27",42,0,0,0,0,0,False,0,False,False,"Not In Active Readiness Scope","Historical-only / not currently listed",False
"APL-OCTB","","other","",False,"historical_only","2023-09-25","2023-10-27",24,0,0,0,0,0,False,0,False,False,"Not In Active Readiness Scope","Historical-only / not currently listed",False
"APL-ODL","","unknown","",False,"historical_only","2019-01-10","2020-04-10",291,0,0,0,0,0,False,0,False,False,"Not In Active Readiness Scope","Historical-only / not currently listed",False
"APL-SEP","","other","",False,"historical_only","2023-07-03","2023-09-27",61,0,0,0,0,0,False,0,False,False,"Not In Active Readiness Scope","Historical-only / not currently listed",False
"APOT","Apollo Textile Mills Limited","ordinary_equity","TEXTILE SPINNING",True,"non_compliant","2016-07-26","2024-09-26",149,0,0,0,0,0,False,0,False,False,"Not In Active Readiness Scope","Currently listed but not recently traded",False
"ARCTM","Arctic Textile Mills Limited","ordinary_equity","TEXTILE SPINNING",True,"listed_recently_traded","2016-07-26","2026-08-05",1300,0,0,0,0,0,False,0,False,False,"Data Quality Issue","price is not positive",False
"ARM","","unknown","",False,"historical_only","2016-07-26","2024-02-20",852,0,0,0,0,0,False,0,False,False,"Not In Active Readiness Scope","Historical-only / not currently listed",False
"ARM-ODL","","unknown","",False,"historical_only","2019-01-23","2020-03-26",52,0,0,0,0,0,False,0,False,False,"Not In Active Readiness Scope","Historical-only / not currently listed",False
"ARMG","ARM Green Industries Limited","ordinary_equity","INV. BANKS / INV. COS. / SECURITIES COS.",True,"listed_recently_traded","2026-03-30","2026-08-05",84,0,0,0,0,0,False,0,False,False,"Data Quality Issue","price is not positive",False
"ARMR4","","unknown","",False,"historical_only","2017-12-26","2018-01-17",15,0,0,0,0,0,False,0,False,False,"Not In Active Readiness Scope","Historical-only / not currently listed",False
"ARPAK","Arpak International Investments Ltd.","ordinary_equity","MISCELLANEOUS",True,"listed_recently_traded","2016-07-26","2026-08-05",815,0,0,0,0,0,False,0,False,False,"Data Quality Issue","price is not positive",False
"ARPAK-ODL","","unknown","",False,"historical_only","2019-01-23","2020-03-13",10,0,0,0,0,0,False,0,False,False,"Not In Active Readiness Scope","Historical-only / not currently listed",False
"ARPL","Archroma Pakistan Limited","ordinary_equity","CHEMICAL",True,"listed_recently_traded","2016-07-26","2026-08-05",2389,0,0,0,0,0,False,0,False,False,"Data Quality Issue","price is not positive",False
"ARPL-ODL","","unknown","",False,"historical_only","2019-01-21","2020-04-02",186,0,0,0,0,0,False,0,False,False,"Not In Active Readiness Scope","Historical-only / not currently listed",False
"ARUJ","Aruj Industries Limited","ordinary_equity","TEXTILE COMPOSITE",True,"non_compliant","2016-07-26","2026-08-05",1212,0,0,0,0,0,False,0,False,False,"Data Quality Issue","price is not positive",False
"ARUJ-ODL","","unknown","",False,"historical_only","2019-01-23","2020-03-26",12,0,0,0,0,0,False,0,False,False,"Not In Active Readiness Scope","Historical-only / not currently listed",False
"ASC","Al Shaheer Corporation Limited","ordinary_equity","FOOD & PERSONAL CARE PRODUCTS",True,"non_compliant","2016-07-26","2026-08-05",2484,2435,2435,1704,365,366,True,2435,True,True,"Ready","Eligible active ordinary equity with sufficient usable history and complete split/scaler artifacts",True
"ASC-APR","","other","",False,"historical_only","2021-03-22","2024-04-26",210,0,0,0,0,0,False,0,False,False,"Not In Active Readiness Scope","Historical-only / not currently listed",False
"ASC-AUG","","other","",False,"historical_only","2021-07-26","2024-08-30",199,0,0,0,0,0,False,0,False,False,"Not In Active Readiness Scope","Historical-only / not currently listed",False
"ASC-CAUG","","unknown","",False,"historical_only","2021-05-31","2021-08-27",60,0,0,0,0,0,False,0,False,False,"Not In Active Readiness Scope","Historical-only / not currently listed",False
"ASC-CDEC","","unknown","",False,"historical_only","2021-09-27","2021-10-22",19,0,0,0,0,0,False,0,False,False,"Not In Active Readiness Scope","Historical-only / not currently listed",False
"ASC-CJUL","","unknown","",False,"historical_only","2021-05-03","2021-07-30",56,0,0,0,0,0,False,0,False,False,"Not In Active Readiness Scope","Historical-only / not currently listed",False
"ASC-CJUN","","unknown","",False,"historical_only","2021-03-29","2021-06-25",59,0,0,0,0,0,False,0,False,False,"Not In Active Readiness Scope","Historical-only / not currently listed",False
"ASC-CNOV","","unknown","",False,"historical_only","2021-08-30","2021-10-22",39,0,0,0,0,0,False,0,False,False,"Not In Active Readiness Scope","Historical-only / not currently listed",False
"ASC-COCT","","unknown","",False,"historical_only","2021-08-02","2021-10-22",57,0,0,0,0,0,False,0,False,False,"Not In Active Readiness Scope","Historical-only / not currently listed",False
"ASC-CSEP","","unknown","",False,"historical_only","2021-06-28","2021-09-24",60,0,0,0,0,0,False,0,False,False,"Not In Active Readiness Scope","Historical-only / not currently listed",False
"ASC-DEC","","other","",False,"historical_only","2021-09-27","2024-12-27",187,0,0,0,0,0,False,0,False,False,"Not In Active Readiness Scope","Historical-only / not currently listed",False
"ASC-DECB","","other","",False,"historical_only","2022-12-12","2022-12-30",15,0,0,0,0,0,False,0,False,False,"Not In Active Readiness Scope","Historical-only / not currently listed",False
"ASC-FEB","","other","",False,"historical_only","2021-11-29","2024-02-23",138,0,0,0,0,0,False,0,False,False,"Not In Active Readiness Scope","Historical-only / not currently listed",False
"ASC-FEBB","","other","",False,"historical_only","2022-12-12","2023-02-24",55,0,0,0,0,0,False,0,False,False,"Not In Active Readiness Scope","Historical-only / not currently listed",False
"ASC-JAN","","other","",False,"historical_only","2021-11-01","2025-01-31",190,0,0,0,0,0,False,0,False,False,"Not In Active Readiness Scope","Historical-only / not currently listed",False
"ASC-JANB","","other","",False,"historical_only","2022-12-12","2023-01-27",35,0,0,0,0,0,False,0,False,False,"Not In Active Readiness Scope","Historical-only / not currently listed",False
"ASC-JUL","","other","",False,"historical_only","2021-06-21","2024-07-26",199,0,0,0,0,0,False,0,False,False,"Not In Active Readiness Scope","Historical-only / not currently listed",False
"ASC-JUN","","other","",False,"historical_only","2021-05-24","2024-06-28",198,0,0,0,0,0,False,0,False,False,"Not In Active Readiness Scope","Historical-only / not currently listed",False
"ASC-MAR","","other","",False,"historical_only","2022-01-03","2024-03-29",185,0,0,0,0,0,False,0,False,False,"Not In Active Readiness Scope","Historical-only / not currently listed",False
"ASC-MAY","","other","",False,"historical_only","2021-04-26","2024-05-31",201,0,0,0,0,0,False,0,False,False,"Not In Active Readiness Scope","Historical-only / not currently listed",False
"ASC-NOV","","other","",False,"historical_only","2021-10-15","2024-11-29",204,0,0,0,0,0,False,0,False,False,"Not In Active Readiness Scope","Historical-only / not currently listed",False
"ASC-OCT","","other","",False,"historical_only","2021-09-17","2024-10-25",214,0,0,0,0,0,False,0,False,False,"Not In Active Readiness Scope","Historical-only / not currently listed",False
"ASC-ODL","","unknown","",False,"historical_only","2019-01-10","2020-04-10",263,0,0,0,0,0,False,0,False,False,"Not In Active Readiness Scope","Historical-only / not currently listed",False
"ASC-SEP","","other","",False,"historical_only","2021-08-20","2024-09-27",208,0,0,0,0,0,False,0,False,False,"Not In Active Readiness Scope","Historical-only / not currently listed",False
"ASCR","","unknown","",False,"historical_only","2020-01-22","2021-10-29",18,0,0,0,0,0,False,0,False,False,"Not In Active Readiness Scope","Historical-only / not currently listed",False
"ASCR-ODL","","unknown","",False,"historical_only","2020-01-22","2020-02-13",16,0,0,0,0,0,False,0,False,False,"Not In Active Readiness Scope","Historical-only / not currently listed",False
"ASCR1","","unknown","",False,"historical_only","2021-01-13","2021-02-03",16,0,0,0,0,0,False,0,False,False,"Not In Active Readiness Scope","Historical-only / not currently listed",False
"ASCR2","","unknown","",False,"historical_only","2023-01-02","2023-01-24",17,0,0,0,0,0,False,0,False,False,"Not In Active Readiness Scope","Historical-only / not currently listed",False
"ASHT","Ashfaq Textile Mills Limited","ordinary_equity","TEXTILE WEAVING",True,"listed_recently_traded","2016-07-26","2026-08-05",1148,0,0,0,0,0,False,0,False,False,"Data Quality Issue","price is not positive",False
"ASHT-ODL","","unknown","",False,"historical_only","2019-01-23","2020-03-18",15,0,0,0,0,0,False,0,False,False,"Not In Active Readiness Scope","Historical-only / not currently listed",False
"ASIC","Asia Insurance Company Limited","ordinary_equity","INSURANCE",True,"listed_recently_traded","2016-07-26","2026-08-05",416,0,0,0,0,0,False,0,False,False,"Data Quality Issue","price is not positive",False
"ASIC-ODL","","unknown","",False,"historical_only","2019-01-16","2020-03-12",26,0,0,0,0,0,False,0,False,False,"Not In Active Readiness Scope","Historical-only / not currently listed",False
"ASL","Aisha Steel Mills Limited","ordinary_equity","ENGINEERING",True,"listed_recently_traded","2016-07-26","2026-08-05",2484,2435,2435,1704,365,366,True,2435,True,True,"Ready","Eligible active ordinary equity with sufficient usable history and complete split/scaler artifacts",True
"ASL-APR","","other","",False,"historical_only","2018-03-26","2026-04-24",310,0,0,0,0,0,False,0,False,False,"Not In Active Readiness Scope","Historical-only / not currently listed",False
"ASL-AUG","","other","",False,"historical_only","2018-07-23","2026-08-05",267,0,0,0,0,0,False,0,False,False,"Not In Active Readiness Scope","Historical-only / not currently listed",False
"ASL-CDEC","","unknown","",False,"historical_only","2021-09-27","2021-10-22",19,0,0,0,0,0,False,0,False,False,"Not In Active Readiness Scope","Historical-only / not currently listed",False
"ASL-CNOV","","unknown","",False,"historical_only","2021-08-30","2021-10-22",39,0,0,0,0,0,False,0,False,False,"Not In Active Readiness Scope","Historical-only / not currently listed",False
"ASL-COCT","","unknown","",False,"historical_only","2021-08-02","2021-10-22",57,0,0,0,0,0,False,0,False,False,"Not In Active Readiness Scope","Historical-only / not currently listed",False
"ASL-DEC","","other","",False,"historical_only","2018-11-26","2025-12-26",197,0,0,0,0,0,False,0,False,False,"Not In Active Readiness Scope","Historical-only / not currently listed",False
"ASL-DECB","","other","",False,"historical_only","2021-10-25","2021-12-31",37,0,0,0,0,0,False,0,False,False,"Not In Active Readiness Scope","Historical-only / not currently listed",False
"ASL-FEB","","other","",False,"historical_only","2018-01-22","2026-02-27",291,0,0,0,0,0,False,0,False,False,"Not In Active Readiness Scope","Historical-only / not currently listed",False
"ASL-JAN","","other","",False,"historical_only","2018-12-24","2026-01-30",266,0,0,0,0,0,False,0,False,False,"Not In Active Readiness Scope","Historical-only / not currently listed",False
"ASL-JUL","","other","",False,"historical_only","2018-06-25","2026-07-31",287,0,0,0,0,0,False,0,False,False,"Not In Active Readiness Scope","Historical-only / not currently listed",False
"ASL-JUN","","other","",False,"historical_only","2018-05-21","2026-06-24",294,0,0,0,0,0,False,0,False,False,"Not In Active Readiness Scope","Historical-only / not currently listed",False
"ASL-MAR","","other","",False,"historical_only","2018-02-19","2026-03-27",317,0,0,0,0,0,False,0,False,False,"Not In Active Readiness Scope","Historical-only / not currently listed",False
"ASL-MAY","","other","",False,"historical_only","2018-04-23","2026-05-29",308,0,0,0,0,0,False,0,False,False,"Not In Active Readiness Scope","Historical-only / not currently listed",False
"ASL-NOV","","other","",False,"historical_only","2018-10-22","2025-11-28",235,0,0,0,0,0,False,0,False,False,"Not In Active Readiness Scope","Historical-only / not currently listed",False
"ASL-NOVB","","other","",False,"historical_only","2021-10-20","2021-11-26",28,0,0,0,0,0,False,0,False,False,"Not In Active Readiness Scope","Historical-only / not currently listed",False
"ASL-OCT","","other","",False,"historical_only","2018-09-24","2025-10-31",262,0,0,0,0,0,False,0,False,False,"Not In Active Readiness Scope","Historical-only / not currently listed",False
"ASL-OCTB","","other","",False,"historical_only","2021-10-11","2021-10-29",14,0,0,0,0,0,False,0,False,False,"Not In Active Readiness Scope","Historical-only / not currently listed",False
"ASL-ODL","","unknown","",False,"historical_only","2019-01-10","2020-04-10",280,0,0,0,0,0,False,0,False,False,"Not In Active Readiness Scope","Historical-only / not currently listed",False
"ASL-SEP","","other","",False,"historical_only","2018-08-27","2026-07-31",274,0,0,0,0,0,False,0,False,False,"Not In Active Readiness Scope","Historical-only / not currently listed",False
"ASLCPS","Aisha Steel Convt (Pref) Right","right","ENGINEERING",True,"listed_recently_traded","2017-01-02","2026-08-05",286,0,0,0,0,0,False,0,False,False,"Data Quality Issue","price is not positive",False
"ASLCPS-ODL","","unknown","",False,"historical_only","2019-01-23","2019-04-26",2,0,0,0,0,0,False,0,False,False,"Not In Active Readiness Scope","Historical-only / not currently listed",False
"ASLPS","Aisha Steel Convertible (Pref)","preference_share","ENGINEERING",True,"listed_recently_traded","2017-01-02","2026-08-05",845,0,0,0,0,0,False,0,False,False,"Data Quality Issue","price is not positive",False
"ASLPS-ODL","","unknown","",False,"historical_only","2019-01-11","2020-03-20",89,0,0,0,0,0,False,0,False,False,"Not In Active Readiness Scope","Historical-only / not currently listed",False
"ASLR","","unknown","",False,"historical_only","2017-05-23","2017-06-15",18,0,0,0,0,0,False,0,False,False,"Not In Active Readiness Scope","Historical-only / not currently listed",False
"ASTL","Amreli Steels Limited","ordinary_equity","ENGINEERING",True,"listed_recently_traded","2016-07-26","2026-08-05",2484,2435,2435,1704,365,366,True,2435,True,True,"Ready","Eligible active ordinary equity with sufficient usable history and complete split/scaler artifacts",True
"ASTL-APR","","other","",False,"historical_only","2019-03-25","2024-04-26",260,0,0,0,0,0,False,0,False,False,"Not In Active Readiness Scope","Historical-only / not currently listed",False
"ASTL-AUG","","other","",False,"historical_only","2019-07-22","2023-08-25",192,0,0,0,0,0,False,0,False,False,"Not In Active Readiness Scope","Historical-only / not currently listed",False
"ASTL-CAPR","","unknown","",False,"historical_only","2017-01-30","2021-04-30",127,0,0,0,0,0,False,0,False,False,"Not In Active Readiness Scope","Historical-only / not currently listed",False
"ASTL-CAUG","","unknown","",False,"historical_only","2019-06-03","2020-08-28",120,0,0,0,0,0,False,0,False,False,"Not In Active Readiness Scope","Historical-only / not currently listed",False
"ASTL-CDEC","","unknown","",False,"historical_only","2017-10-02","2021-10-22",145,0,0,0,0,0,False,0,False,False,"Not In Active Readiness Scope","Historical-only / not currently listed",False
"ASTL-CFEB","","unknown","",False,"historical_only","2017-01-02","2021-02-26",165,0,0,0,0,0,False,0,False,False,"Not In Active Readiness Scope","Historical-only / not currently listed",False
"ASTL-CJAN","","unknown","",False,"historical_only","2017-01-02","2021-01-29",147,0,0,0,0,0,False,0,False,False,"Not In Active Readiness Scope","Historical-only / not currently listed",False
"ASTL-CJUL","","unknown","",False,"historical_only","2019-04-29","2020-07-30",123,0,0,0,0,0,False,0,False,False,"Not In Active Readiness Scope","Historical-only / not currently listed",False
"ASTL-CJUN","","unknown","",False,"historical_only","2019-04-01","2020-06-26",119,0,0,0,0,0,False,0,False,False,"Not In Active Readiness Scope","Historical-only / not currently listed",False
"ASTL-CMAR","","unknown","",False,"historical_only","2017-01-02","2021-03-26",126,0,0,0,0,0,False,0,False,False,"Not In Active Readiness Scope","Historical-only / not currently listed",False
"ASTL-CMAY","","unknown","",False,"historical_only","2021-03-01","2021-05-28",58,0,0,0,0,0,False,0,False,False,"Not In Active Readiness Scope","Historical-only / not currently listed",False
"ASTL-CNOV","","unknown","",False,"historical_only","2017-08-28","2021-10-22",229,0,0,0,0,0,False,0,False,False,"Not In Active Readiness Scope","Historical-only / not currently listed",False
"ASTL-COCT","","unknown","",False,"historical_only","2019-07-29","2021-10-22",179,0,0,0,0,0,False,0,False,False,"Not In Active Readiness Scope","Historical-only / not currently listed",False
"ASTL-CSEP","","unknown","",False,"historical_only","2019-07-01","2020-09-25",122,0,0,0,0,0,False,0,False,False,"Not In Active Readiness Scope","Historical-only / not currently listed",False
"ASTL-DEC","","other","",False,"historical_only","2017-11-20","2023-12-29",240,0,0,0,0,0,False,0,False,False,"Not In Active Readiness Scope","Historical-only / not currently listed",False
"ASTL-FEB","","other","",False,"historical_only","2017-01-23","2024-02-23",265,0,0,0,0,0,False,0,False,False,"Not In Active Readiness Scope","Historical-only / not currently listed",False
"ASTL-JAN","","other","",False,"historical_only","2017-01-02","2024-01-26",260,0,0,0,0,0,False,0,False,False,"Not In Active Readiness Scope","Historical-only / not currently listed",False
"ASTL-JUL","","other","",False,"historical_only","2019-06-24","2023-07-27",199,0,0,0,0,0,False,0,False,False,"Not In Active Readiness Scope","Historical-only / not currently listed",False
"ASTL-JUN","","other","",False,"historical_only","2019-05-27","2023-06-27",184,0,0,0,0,0,False,0,False,False,"Not In Active Readiness Scope","Historical-only / not currently listed",False
"ASTL-MAR","","other","",False,"historical_only","2020-02-24","2024-03-29",234,0,0,0,0,0,False,0,False,False,"Not In Active Readiness Scope","Historical-only / not currently listed",False
"ASTL-MAY","","other","",False,"historical_only","2019-04-22","2023-05-26",190,0,0,0,0,0,False,0,False,False,"Not In Active Readiness Scope","Historical-only / not currently listed",False
"ASTL-NOV","","other","",False,"historical_only","2017-10-23","2023-11-24",231,0,0,0,0,0,False,0,False,False,"Not In Active Readiness Scope","Historical-only / not currently listed",False
"ASTL-OCT","","other","",False,"historical_only","2017-09-25","2023-10-27",236,0,0,0,0,0,False,0,False,False,"Not In Active Readiness Scope","Historical-only / not currently listed",False
"ASTL-ODL","","unknown","",False,"historical_only","2019-01-10","2020-04-10",296,0,0,0,0,0,False,0,False,False,"Not In Active Readiness Scope","Historical-only / not currently listed",False
"ASTL-SEP","","other","",False,"historical_only","2017-08-21","2023-09-28",229,0,0,0,0,0,False,0,False,False,"Not In Active Readiness Scope","Historical-only / not currently listed",False
"ASTM","Asim Textile Mills Limited","ordinary_equity","TEXTILE SPINNING",True,"listed_recently_traded","2016-07-26","2026-08-05",2024,0,0,0,0,0,False,0,False,False,"Data Quality Issue","price is not positive",False
"ASTM-ODL","","unknown","",False,"historical_only","2019-01-23","2020-03-18",12,0,0,0,0,0,False,0,False,False,"Not In Active Readiness Scope","Historical-only / not currently listed",False
"ATBA","Atlas Battery Limited","ordinary_equity","AUTOMOBILE PARTS & ACCESSORIES",True,"listed_recently_traded","2016-07-26","2026-08-05",2419,0,0,0,0,0,False,0,False,False,"Data Quality Issue","price is not positive",False
"ATBA-ODL","","unknown","",False,"historical_only","2019-01-10","2020-04-10",282,0,0,0,0,0,False,0,False,False,"Not In Active Readiness Scope","Historical-only / not currently listed",False
"ATIL","Atlas Insurance Limited","ordinary_equity","INSURANCE",True,"listed_recently_traded","2016-07-26","2026-08-05",1977,0,0,0,0,0,False,0,False,False,"Data Quality Issue","price is not positive",False
"ATIL-ODL","","unknown","",False,"historical_only","2019-01-16","2020-04-09",228,0,0,0,0,0,False,0,False,False,"Not In Active Readiness Scope","Historical-only / not currently listed",False
"ATLH","Atlas Honda Limited","ordinary_equity","AUTOMOBILE ASSEMBLER",True,"listed_recently_traded","2016-07-26","2026-08-05",2178,0,0,0,0,0,False,0,False,False,"Data Quality Issue","price is not positive",False
"ATLH-ODL","","unknown","",False,"historical_only","2019-01-18","2020-04-10",180,0,0,0,0,0,False,0,False,False,"Not In Active Readiness Scope","Historical-only / not currently listed",False
"ATRL","Attock Refinery Limited","ordinary_equity","REFINERY",True,"listed_recently_traded","2016-07-26","2026-08-05",2484,2435,2435,1704,365,366,True,2435,True,True,"Ready","Eligible active ordinary equity with sufficient usable history and complete split/scaler artifacts",True
"ATRL-APR","","other","",False,"historical_only","2017-03-27","2025-04-25",286,0,0,0,0,0,False,0,False,False,"Not In Active Readiness Scope","Historical-only / not currently listed",False
"ATRL-APRB","","other","",False,"historical_only","2024-02-09","2026-04-24",78,0,0,0,0,0,False,0,False,False,"Not In Active Readiness Scope","Historical-only / not currently listed",False
"ATRL-AUG","","other","",False,"historical_only","2017-07-24","2026-08-05",349,0,0,0,0,0,False,0,False,False,"Not In Active Readiness Scope","Historical-only / not currently listed",False
"ATRL-CAPR","","unknown","",False,"historical_only","2017-01-30","2019-04-26",191,0,0,0,0,0,False,0,False,False,"Not In Active Readiness Scope","Historical-only / not currently listed",False
"ATRL-CAUG","","unknown","",False,"historical_only","2017-05-29","2018-08-31",122,0,0,0,0,0,False,0,False,False,"Not In Active Readiness Scope","Historical-only / not currently listed",False
"ATRL-CDEC","","unknown","",False,"historical_only","2017-10-02","2021-10-22",145,0,0,0,0,0,False,0,False,False,"Not In Active Readiness Scope","Historical-only / not currently listed",False
"ATRL-CFEB","","unknown","",False,"historical_only","2017-01-02","2019-02-22",159,0,0,0,0,0,False,0,False,False,"Not In Active Readiness Scope","Historical-only / not currently listed",False
"ATRL-CJAN","","unknown","",False,"historical_only","2017-01-02","2019-01-25",145,0,0,0,0,0,False,0,False,False,"Not In Active Readiness Scope","Historical-only / not currently listed",False
"ATRL-CJUL","","unknown","",False,"historical_only","2017-05-02","2018-07-27",120,0,0,0,0,0,False,0,False,False,"Not In Active Readiness Scope","Historical-only / not currently listed",False
"ATRL-CJUN","","unknown","",False,"historical_only","2017-04-03","2018-06-29",121,0,0,0,0,0,False,0,False,False,"Not In Active Readiness Scope","Historical-only / not currently listed",False
"ATRL-CMAR","","unknown","",False,"historical_only","2017-01-02","2019-03-29",190,0,0,0,0,0,False,0,False,False,"Not In Active Readiness Scope","Historical-only / not currently listed",False
"ATRL-CMAY","","unknown","",False,"historical_only","2017-02-27","2019-05-30",194,0,0,0,0,0,False,0,False,False,"Not In Active Readiness Scope","Historical-only / not currently listed",False
"ATRL-CNOV","","unknown","",False,"historical_only","2017-08-28","2021-10-22",164,0,0,0,0,0,False,0,False,False,"Not In Active Readiness Scope","Historical-only / not currently listed",False
"ATRL-COCT","","unknown","",False,"historical_only","2017-07-31","2021-10-22",178,0,0,0,0,0,False,0,False,False,"Not In Active Readiness Scope","Historical-only / not currently listed",False
"ATRL-CSEP","","unknown","",False,"historical_only","2017-07-03","2018-09-28",120,0,0,0,0,0,False,0,False,False,"Not In Active Readiness Scope","Historical-only / not currently listed",False
"ATRL-DEC","","other","",False,"historical_only","2017-11-20","2025-12-26",323,0,0,0,0,0,False,0,False,False,"Not In Active Readiness Scope","Historical-only / not currently listed",False
"ATRL-FEB","","other","",False,"historical_only","2017-01-23","2026-02-27",349,0,0,0,0,0,False,0,False,False,"Not In Active Readiness Scope","Historical-only / not currently listed",False
"ATRL-FEBB","","other","",False,"historical_only","2024-02-09","2025-02-28",34,0,0,0,0,0,False,0,False,False,"Not In Active Readiness Scope","Historical-only / not currently listed",False
"ATRL-JAN","","other","",False,"historical_only","2017-01-02","2026-01-30",374,0,0,0,0,0,False,0,False,False,"Not In Active Readiness Scope","Historical-only / not currently listed",False
"ATRL-JUL","","other","",False,"historical_only","2017-06-29","2026-07-31",363,0,0,0,0,0,False,0,False,False,"Not In Active Readiness Scope","Historical-only / not currently listed",False
"ATRL-JUN","","other","",False,"historical_only","2017-05-22","2026-06-24",359,0,0,0,0,0,False,0,False,False,"Not In Active Readiness Scope","Historical-only / not currently listed",False
"ATRL-MAR","","other","",False,"historical_only","2017-02-20","2026-02-27",298,0,0,0,0,0,False,0,False,False,"Not In Active Readiness Scope","Historical-only / not currently listed",False
"ATRL-MARB","","other","",False,"historical_only","2024-02-09","2026-03-27",84,0,0,0,0,0,False,0,False,False,"Not In Active Readiness Scope","Historical-only / not currently listed",False
"ATRL-MAY","","other","",False,"historical_only","2017-04-24","2026-05-29",361,0,0,0,0,0,False,0,False,False,"Not In Active Readiness Scope","Historical-only / not currently listed",False
"ATRL-NOV","","other","",False,"historical_only","2017-10-23","2024-09-26",249,0,0,0,0,0,False,0,False,False,"Not In Active Readiness Scope","Historical-only / not currently listed",False
"ATRL-NOVB","","other","",False,"historical_only","2023-09-25","2025-11-28",108,0,0,0,0,0,False,0,False,False,"Not In Active Readiness Scope","Historical-only / not currently listed",False
"ATRL-OCT","","other","",False,"historical_only","2017-09-25","2025-09-26",248,0,0,0,0,0,False,0,False,False,"Not In Active Readiness Scope","Historical-only / not currently listed",False
"ATRL-OCTB","","other","",False,"historical_only","2021-08-30","2025-10-31",129,0,0,0,0,0,False,0,False,False,"Not In Active Readiness Scope","Historical-only / not currently listed",False
"ATRL-ODL","","unknown","",False,"historical_only","2019-01-10","2020-04-10",308,0,259,0,0,0,False,0,False,False,"Not In Active Readiness Scope","Historical-only / not currently listed",False
"ATRL-SEP","","other","",False,"historical_only","2017-08-21","2025-09-26",318,0,0,0,0,0,False,0,False,False,"Not In Active Readiness Scope","Historical-only / not currently listed",False
"ATRL-SEPB","","other","",False,"historical_only","2022-08-22","2022-09-30",30,0,0,0,0,0,False,0,False,False,"Not In Active Readiness Scope","Historical-only / not currently listed",False
"AVN","Avanceon Limited","ordinary_equity","TECHNOLOGY & COMMUNICATION",True,"listed_recently_traded","2016-07-26","2026-08-05",2484,2435,2435,1704,365,366,True,2435,True,True,"Ready","Eligible active ordinary equity with sufficient usable history and complete split/scaler artifacts",True
"AVN-APR","","other","",False,"historical_only","2020-03-24","2026-04-24",259,0,0,0,0,0,False,0,False,False,"Not In Active Readiness Scope","Historical-only / not currently listed",False
"AVN-APRB","","other","",False,"historical_only","2022-04-06","2024-04-26",27,0,0,0,0,0,False,0,False,False,"Not In Active Readiness Scope","Historical-only / not currently listed",False
"AVN-AUG","","other","",False,"historical_only","2020-07-27","2025-08-29",257,0,0,0,0,0,False,0,False,False,"Not In Active Readiness Scope","Historical-only / not currently listed",False
"AVN-CDEC","","unknown","",False,"historical_only","2021-09-27","2021-10-22",19,0,0,0,0,0,False,0,False,False,"Not In Active Readiness Scope","Historical-only / not currently listed",False
"AVN-CJAN","","unknown","",False,"historical_only","2025-12-29","2025-12-29",1,0,0,0,0,0,False,0,False,False,"Not In Active Readiness Scope","Historical-only / not currently listed",False
"AVN-CNOV","","unknown","",False,"historical_only","2021-08-30","2021-10-22",39,0,0,0,0,0,False,0,False,False,"Not In Active Readiness Scope","Historical-only / not currently listed",False
"AVN-COCT","","unknown","",False,"historical_only","2021-08-02","2021-10-22",57,0,0,0,0,0,False,0,False,False,"Not In Active Readiness Scope","Historical-only / not currently listed",False
"AVN-DEC","","other","",False,"historical_only","2020-11-23","2025-12-26",237,0,0,0,0,0,False,0,False,False,"Not In Active Readiness Scope","Historical-only / not currently listed",False
"AVN-FEB","","other","",False,"historical_only","2021-01-25","2026-02-27",269,0,0,0,0,0,False,0,False,False,"Not In Active Readiness Scope","Historical-only / not currently listed",False
"AVN-JAN","","other","",False,"historical_only","2020-12-21","2026-01-30",271,0,0,0,0,0,False,0,False,False,"Not In Active Readiness Scope","Historical-only / not currently listed",False
"AVN-JUL","","other","",False,"historical_only","2020-06-22","2025-07-25",259,0,0,0,0,0,False,0,False,False,"Not In Active Readiness Scope","Historical-only / not currently listed",False
"AVN-JULB","","other","",False,"historical_only","2026-06-19","2026-07-31",29,0,0,0,0,0,False,0,False,False,"Not In Active Readiness Scope","Historical-only / not currently listed",False
"AVN-JUN","","other","",False,"historical_only","2020-05-28","2025-06-27",109,0,0,0,0,0,False,0,False,False,"Not In Active Readiness Scope","Historical-only / not currently listed",False
"AVN-JUNB","","other","",False,"historical_only","2022-04-06","2026-06-24",169,0,0,0,0,0,False,0,False,False,"Not In Active Readiness Scope","Historical-only / not currently listed",False
"AVN-MAR","","other","",False,"historical_only","2020-02-24","2026-03-27",282,0,0,0,0,0,False,0,False,False,"Not In Active Readiness Scope","Historical-only / not currently listed",False
"AVN-MAY","","other","",False,"historical_only","2020-04-20","2026-05-13",183,0,0,0,0,0,False,0,False,False,"Not In Active Readiness Scope","Historical-only / not currently listed",False
"AVN-MAYB","","other","",False,"historical_only","2020-05-08","2026-05-29",111,0,0,0,0,0,False,0,False,False,"Not In Active Readiness Scope","Historical-only / not currently listed",False
"AVN-NOV","","other","",False,"historical_only","2020-10-26","2025-11-28",270,0,0,0,0,0,False,0,False,False,"Not In Active Readiness Scope","Historical-only / not currently listed",False
"AVN-OCT","","other","",False,"historical_only","2020-09-21","2025-10-31",303,0,0,0,0,0,False,0,False,False,"Not In Active Readiness Scope","Historical-only / not currently listed",False
"AVN-ODL","","unknown","",False,"historical_only","2019-01-10","2020-04-10",294,0,245,0,0,0,False,0,False,False,"Not In Active Readiness Scope","Historical-only / not currently listed",False
"AVN-SEP","","other","",False,"historical_only","2020-08-24","2025-09-26",277,0,0,0,0,0,False,0,False,False,"Not In Active Readiness Scope","Historical-only / not currently listed",False
"AWTX","Allawasaya Tex. & Finishing Mills Ltd","ordinary_equity","TEXTILE SPINNING",True,"listed_recently_traded","2016-07-26","2026-08-04",298,0,0,0,0,0,False,0,False,False,"Data Quality Issue","price is not positive",False
"AWTX-ODL","","unknown","",False,"historical_only","2019-01-23","2020-01-03",5,0,0,0,0,0,False,0,False,False,"Not In Active Readiness Scope","Historical-only / not currently listed",False
"AWWAL","","unknown","",False,"historical_only","2016-07-26","2023-04-05",341,0,0,0,0,0,False,0,False,False,"Not In Active Readiness Scope","Historical-only / not currently listed",False
"AWWAL-ODL","","unknown","",False,"historical_only","2019-03-08","2020-04-06",38,0,0,0,0,0,False,0,False,False,"Not In Active Readiness Scope","Historical-only / not currently listed",False
"AYTM","","unknown","",False,"historical_only","2016-07-26","2019-11-07",129,0,0,0,0,0,False,0,False,False,"Not In Active Readiness Scope","Historical-only / not currently listed",False
"AZMT","Azmat Textile Mills Limited","ordinary_equity","TEXTILE SPINNING",True,"non_compliant","2021-10-25","2024-09-26",21,0,0,0,0,0,False,0,False,False,"Not In Active Readiness Scope","Currently listed but not recently traded",False
"AZTM","","unknown","",False,"historical_only","2016-07-26","2017-01-27",128,0,0,0,0,0,False,0,False,False,"Not In Active Readiness Scope","Historical-only / not currently listed",False
"BAFL","Bank Alfalah Limited","ordinary_equity","COMMERCIAL BANKS",True,"listed_recently_traded","2016-07-26","2026-08-05",2483,2434,2434,1703,365,366,True,2434,True,True,"Ready","Eligible active ordinary equity with sufficient usable history and complete split/scaler artifacts",True
"BAFL-APR","","other","",False,"historical_only","2017-03-27","2024-02-23",177,0,0,0,0,0,False,0,False,False,"Not In Active Readiness Scope","Historical-only / not currently listed",False
"BAFL-APRB","","other","",False,"historical_only","2022-02-28","2026-04-15",171,0,0,0,0,0,False,0,False,False,"Not In Active Readiness Scope","Historical-only / not currently listed",False
"BAFL-APRC","","other","",False,"historical_only","2026-04-14","2026-04-24",9,0,0,0,0,0,False,0,False,False,"Not In Active Readiness Scope","Historical-only / not currently listed",False
"BAFL-AUG","","other","",False,"historical_only","2017-07-24","2026-08-05",271,0,0,0,0,0,False,0,False,False,"Not In Active Readiness Scope","Historical-only / not currently listed",False
"BAFL-AUGB","","other","",False,"historical_only","2022-08-01","2026-08-05",69,0,0,0,0,0,False,0,False,False,"Not In Active Readiness Scope","Historical-only / not currently listed",False
"BAFL-CAPR","","unknown","",False,"historical_only","2017-01-30","2021-04-30",312,0,0,0,0,0,False,0,False,False,"Not In Active Readiness Scope","Historical-only / not currently listed",False
"BAFL-CAUG","","unknown","",False,"historical_only","2017-05-29","2021-08-27",302,0,0,0,0,0,False,0,False,False,"Not In Active Readiness Scope","Historical-only / not currently listed",False
"BAFL-CDEC","","unknown","",False,"historical_only","2017-10-02","2025-12-26",274,0,0,0,0,0,False,0,False,False,"Not In Active Readiness Scope","Historical-only / not currently listed",False
"BAFL-CFEB","","unknown","",False,"historical_only","2017-01-02","2021-02-26",285,0,0,0,0,0,False,0,False,False,"Not In Active Readiness Scope","Historical-only / not currently listed",False
"BAFL-CJAN","","unknown","",False,"historical_only","2017-01-02","2026-01-22",289,0,0,0,0,0,False,0,False,False,"Not In Active Readiness Scope","Historical-only / not currently listed",False
"BAFL-CJUL","","unknown","",False,"historical_only","2017-05-02","2021-07-30",299,0,0,0,0,0,False,0,False,False,"Not In Active Readiness Scope","Historical-only / not currently listed",False
"BAFL-CJUN","","unknown","",False,"historical_only","2017-04-03","2021-06-25",299,0,0,0,0,0,False,0,False,False,"Not In Active Readiness Scope","Historical-only / not currently listed",False
"BAFL-CMAR","","unknown","",False,"historical_only","2017-01-02","2021-03-26",314,0,0,0,0,0,False,0,False,False,"Not In Active Readiness Scope","Historical-only / not currently listed",False
"BAFL-CMAY","","unknown","",False,"historical_only","2017-02-27","2021-05-28",311,0,0,0,0,0,False,0,False,False,"Not In Active Readiness Scope","Historical-only / not currently listed",False
"BAFL-CNOV","","unknown","",False,"historical_only","2017-08-28","2021-10-22",291,0,0,0,0,0,False,0,False,False,"Not In Active Readiness Scope","Historical-only / not currently listed",False
"BAFL-COCT","","unknown","",False,"historical_only","2017-07-31","2021-10-22",300,0,0,0,0,0,False,0,False,False,"Not In Active Readiness Scope","Historical-only / not currently listed",False
"BAFL-CSEP","","unknown","",False,"historical_only","2017-07-03","2021-09-24",302,0,0,0,0,0,False,0,False,False,"Not In Active Readiness Scope","Historical-only / not currently listed",False
"BAFL-DEC","","other","",False,"historical_only","2017-11-20","2023-12-29",262,0,0,0,0,0,False,0,False,False,"Not In Active Readiness Scope","Historical-only / not currently listed",False
"BAFL-DECB","","other","",False,"historical_only","2024-11-25","2025-12-26",47,0,0,0,0,0,False,0,False,False,"Not In Active Readiness Scope","Historical-only / not currently listed",False
"BAFL-FEB","","other","",False,"historical_only","2017-01-23","2026-02-27",354,0,0,0,0,0,False,0,False,False,"Not In Active Readiness Scope","Historical-only / not currently listed",False
"BAFL-JAN","","other","",False,"historical_only","2017-01-02","2026-01-30",359,0,0,0,0,0,False,0,False,False,"Not In Active Readiness Scope","Historical-only / not currently listed",False
"BAFL-JUL","","other","",False,"historical_only","2017-06-29","2026-07-31",350,0,0,0,0,0,False,0,False,False,"Not In Active Readiness Scope","Historical-only / not currently listed",False
"BAFL-JUN","","other","",False,"historical_only","2017-05-22","2024-04-30",246,0,0,0,0,0,False,0,False,False,"Not In Active Readiness Scope","Historical-only / not currently listed",False
"BAFL-JUNB","","other","",False,"historical_only","2024-04-25","2025-06-27",62,0,0,0,0,0,False,0,False,False,"Not In Active Readiness Scope","Historical-only / not currently listed",False
"BAFL-JUNC","","other","",False,"historical_only","2026-04-27","2026-06-24",26,0,0,0,0,0,False,0,False,False,"Not In Active Readiness Scope","Historical-only / not currently listed",False
"BAFL-MAR","","other","",False,"historical_only","2017-02-20","2026-03-13",242,0,0,0,0,0,False,0,False,False,"Not In Active Readiness Scope","Historical-only / not currently listed",False
"BAFL-MARB","","other","",False,"historical_only","2018-03-05","2026-03-27",141,0,0,0,0,0,False,0,False,False,"Not In Active Readiness Scope","Historical-only / not currently listed",False
"BAFL-MAY","","other","",False,"historical_only","2017-04-24","2025-04-25",277,0,0,0,0,0,False,0,False,False,"Not In Active Readiness Scope","Historical-only / not currently listed",False
"BAFL-MAYB","","other","",False,"historical_only","2024-04-25","2026-04-13",51,0,0,0,0,0,False,0,False,False,"Not In Active Readiness Scope","Historical-only / not currently listed",False
"BAFL-MAYC","","other","",False,"historical_only","2026-04-21","2026-04-28",6,0,0,0,0,0,False,0,False,False,"Not In Active Readiness Scope","Historical-only / not currently listed",False
"BAFL-MAYD","","other","",False,"historical_only","2026-04-24","2026-05-29",22,0,0,0,0,0,False,0,False,False,"Not In Active Readiness Scope","Historical-only / not currently listed",False
"BAFL-NOV","","other","",False,"historical_only","2017-10-23","2025-10-31",277,0,0,0,0,0,False,0,False,False,"Not In Active Readiness Scope","Historical-only / not currently listed",False
"BAFL-NOVB","","other","",False,"historical_only","2024-10-25","2025-11-28",41,0,0,0,0,0,False,0,False,False,"Not In Active Readiness Scope","Historical-only / not currently listed",False
"BAFL-OCT","","other","",False,"historical_only","2017-09-25","2024-08-07",185,0,0,0,0,0,False,0,False,False,"Not In Active Readiness Scope","Historical-only / not currently listed",False
"BAFL-OCTB","","other","",False,"historical_only","2021-08-30","2025-10-31",157,0,0,0,0,0,False,0,False,False,"Not In Active Readiness Scope","Historical-only / not currently listed",False
"BAFL-ODL","","unknown","",False,"historical_only","2019-01-10","2020-03-20",290,0,241,0,0,0,False,0,False,False,"Not In Active Readiness Scope","Historical-only / not currently listed",False
"BAFL-SEP","","other","",False,"historical_only","2017-08-21","2024-08-07",172,0,0,0,0,0,False,0,False,False,"Not In Active Readiness Scope","Historical-only / not currently listed",False
"BAFL-SEPB","","other","",False,"historical_only","2018-09-03","2025-09-26",167,0,0,0,0,0,False,0,False,False,"Not In Active Readiness Scope","Historical-only / not currently listed",False
"BAFLTFC5","","unknown","",False,"historical_only","2017-01-02","2020-02-27",477,0,0,0,0,0,False,0,False,False,"Not In Active Readiness Scope","Historical-only / not currently listed",False
"BAFLTFC7","","unknown","",False,"historical_only","2021-04-20","2021-10-25",2,0,0,0,0,0,False,0,False,False,"Not In Active Readiness Scope","Historical-only / not currently listed",False
"BAFS","Baba Farid Sugar Mills Limited","ordinary_equity","SUGAR & ALLIED INDUSTRIES",True,"listed_recently_traded","2016-07-26","2026-08-05",670,0,0,0,0,0,False,0,False,False,"Data Quality Issue","price is not positive",False
"BAFS-ODL","","unknown","",False,"historical_only","2019-01-16","2020-03-06",34,0,0,0,0,0,False,0,False,False,"Not In Active Readiness Scope","Historical-only / not currently listed",False
"BAHL","Bank AL Habib Limited","ordinary_equity","COMMERCIAL BANKS",True,"listed_recently_traded","2016-07-26","2026-08-05",2484,2435,2435,1704,365,366,True,2435,True,True,"Ready","Eligible active ordinary equity with sufficient usable history and complete split/scaler artifacts",True
"BAHL-APR","","other","",False,"historical_only","2018-03-26","2024-02-21",149,0,0,0,0,0,False,0,False,False,"Not In Active Readiness Scope","Historical-only / not currently listed",False
"BAHL-APRB","","other","",False,"historical_only","2022-02-28","2026-04-24",162,0,0,0,0,0,False,0,False,False,"Not In Active Readiness Scope","Historical-only / not currently listed",False
"BAHL-AUG","","other","",False,"historical_only","2018-07-23","2026-08-05",267,0,0,0,0,0,False,0,False,False,"Not In Active Readiness Scope","Historical-only / not currently listed",False
"BAHL-AUGB","","other","",False,"historical_only","2024-08-12","2024-08-30",14,0,0,0,0,0,False,0,False,False,"Not In Active Readiness Scope","Historical-only / not currently listed",False
"BAHL-CAPR","","unknown","",False,"historical_only","2020-02-03","2020-04-24",58,0,0,0,0,0,False,0,False,False,"Not In Active Readiness Scope","Historical-only / not currently listed",False
"BAHL-CAUG","","unknown","",False,"historical_only","2019-06-03","2019-08-30",57,0,0,0,0,0,False,0,False,False,"Not In Active Readiness Scope","Historical-only / not currently listed",False
"BAHL-CDEC","","unknown","",False,"historical_only","2018-10-01","2021-10-22",146,0,0,0,0,0,False,0,False,False,"Not In Active Readiness Scope","Historical-only / not currently listed",False
"BAHL-CFEB","","unknown","",False,"historical_only","2017-01-02","2020-02-28",159,0,0,0,0,0,False,0,False,False,"Not In Active Readiness Scope","Historical-only / not currently listed",False
"BAHL-CJAN","","unknown","",False,"historical_only","2017-01-02","2020-01-31",151,0,0,0,0,0,False,0,False,False,"Not In Active Readiness Scope","Historical-only / not currently listed",False
"BAHL-CJUL","","unknown","",False,"historical_only","2019-04-29","2019-07-26",59,0,0,0,0,0,False,0,False,False,"Not In Active Readiness Scope","Historical-only / not currently listed",False
"BAHL-CJUN","","unknown","",False,"historical_only","2019-04-01","2020-06-26",119,0,0,0,0,0,False,0,False,False,"Not In Active Readiness Scope","Historical-only / not currently listed",False
"BAHL-CMAR","","unknown","",False,"historical_only","2017-01-02","2020-03-27",127,0,0,0,0,0,False,0,False,False,"Not In Active Readiness Scope","Historical-only / not currently listed",False
"BAHL-CMAY","","unknown","",False,"historical_only","2019-02-25","2020-05-29",127,0,0,0,0,0,False,0,False,False,"Not In Active Readiness Scope","Historical-only / not currently listed",False
"BAHL-CNOV","","unknown","",False,"historical_only","2018-09-03","2021-10-22",164,0,0,0,0,0,False,0,False,False,"Not In Active Readiness Scope","Historical-only / not currently listed",False
"BAHL-COCT","","unknown","",False,"historical_only","2019-07-29","2021-10-22",116,0,0,0,0,0,False,0,False,False,"Not In Active Readiness Scope","Historical-only / not currently listed",False
"BAHL-CSEP","","unknown","",False,"historical_only","2019-07-01","2019-09-27",59,0,0,0,0,0,False,0,False,False,"Not In Active Readiness Scope","Historical-only / not currently listed",False
"BAHL-DEC","","other","",False,"historical_only","2018-11-26","2023-10-31",190,0,0,0,0,0,False,0,False,False,"Not In Active Readiness Scope","Historical-only / not currently listed",False
"BAHL-DECB","","other","",False,"historical_only","2023-10-26","2025-12-26",89,0,0,0,0,0,False,0,False,False,"Not In Active Readiness Scope","Historical-only / not currently listed",False
"BAHL-FEB","","other","",False,"historical_only","2018-01-22","2026-02-26",270,0,0,0,0,0,False,0,False,False,"Not In Active Readiness Scope","Historical-only / not currently listed",False
"BAHL-FEBB","","other","",False,"historical_only","2025-02-11","2025-02-28",13,0,0,0,0,0,False,0,False,False,"Not In Active Readiness Scope","Historical-only / not currently listed",False
"BAHL-JAN","","other","",False,"historical_only","2017-01-02","2026-01-30",292,0,0,0,0,0,False,0,False,False,"Not In Active Readiness Scope","Historical-only / not currently listed",False
"BAHL-JUL","","other","",False,"historical_only","2018-06-25","2026-07-31",303,0,0,0,0,0,False,0,False,False,"Not In Active Readiness Scope","Historical-only / not currently listed",False
"BAHL-JUN","","other","",False,"historical_only","2018-05-21","2024-04-30",213,0,0,0,0,0,False,0,False,False,"Not In Active Readiness Scope","Historical-only / not currently listed",False
"BAHL-JUNB","","other","",False,"historical_only","2024-04-26","2026-06-24",65,0,0,0,0,0,False,0,False,False,"Not In Active Readiness Scope","Historical-only / not currently listed",False
"BAHL-MAR","","other","",False,"historical_only","2018-02-19","2026-02-27",208,0,0,0,0,0,False,0,False,False,"Not In Active Readiness Scope","Historical-only / not currently listed",False
"BAHL-MARB","","other","",False,"historical_only","2022-02-28","2026-03-27",96,0,0,0,0,0,False,0,False,False,"Not In Active Readiness Scope","Historical-only / not currently listed",False
"BAHL-MAY","","other","",False,"historical_only","2018-04-23","2026-04-28",241,0,0,0,0,0,False,0,False,False,"Not In Active Readiness Scope","Historical-only / not currently listed",False
"BAHL-MAYB","","other","",False,"historical_only","2024-04-26","2026-05-29",56,0,0,0,0,0,False,0,False,False,"Not In Active Readiness Scope","Historical-only / not currently listed",False
"BAHL-NOV","","other","",False,"historical_only","2018-10-22","2025-10-29",223,0,0,0,0,0,False,0,False,False,"Not In Active Readiness Scope","Historical-only / not currently listed",False
"BAHL-NOVB","","other","",False,"historical_only","2023-10-26","2025-11-28",52,0,0,0,0,0,False,0,False,False,"Not In Active Readiness Scope","Historical-only / not currently listed",False
"BAHL-OCT","","other","",False,"historical_only","2018-09-24","2024-08-15",182,0,0,0,0,0,False,0,False,False,"Not In Active Readiness Scope","Historical-only / not currently listed",False
"BAHL-OCTB","","other","",False,"historical_only","2023-08-28","2025-10-29",108,0,0,0,0,0,False,0,False,False,"Not In Active Readiness Scope","Historical-only / not currently listed",False
"BAHL-ODL","","unknown","",False,"historical_only","2019-01-10","2020-03-20",245,0,0,0,0,0,False,0,False,False,"Not In Active Readiness Scope","Historical-only / not currently listed",False
"BAHL-SEP","","other","",False,"historical_only","2018-08-27","2025-08-28",210,0,0,0,0,0,False,0,False,False,"Not In Active Readiness Scope","Historical-only / not currently listed",False
"BAHL-SEPB","","other","",False,"historical_only","2023-08-28","2025-09-26",72,0,0,0,0,0,False,0,False,False,"Not In Active Readiness Scope","Historical-only / not currently listed",False
"BAPL","Bawany Air Products Limited","ordinary_equity","CHEMICAL",True,"listed_recently_traded","2016-07-26","2026-08-05",1997,0,0,0,0,0,False,0,False,False,"Data Quality Issue","price is not positive",False
"BAPL-ODL","","unknown","",False,"historical_only","2019-01-10","2020-04-10",103,0,0,0,0,0,False,0,False,False,"Not In Active Readiness Scope","Historical-only / not currently listed",False
"BATA","Bata Pakistan Limited","ordinary_equity","LEATHER & TANNERIES",True,"listed_recently_traded","2016-07-26","2026-08-05",2023,0,0,0,0,0,False,0,False,False,"Data Quality Issue","price is not positive",False
"BATA-ODL","","unknown","",False,"historical_only","2019-01-10","2020-04-09",161,0,0,0,0,0,False,0,False,False,"Not In Active Readiness Scope","Historical-only / not currently listed",False
"BBFL","Big Bird Foods Limited","ordinary_equity","FOOD & PERSONAL CARE PRODUCTS",True,"listed_recently_traded","2024-08-05","2026-08-05",500,451,451,315,67,69,True,451,True,True,"Ready","Eligible active ordinary equity with sufficient usable history and complete split/scaler artifacts",True
"BCEMSTSC","","unknown","",False,"historical_only","2025-11-18","2025-12-19",2,0,0,0,0,0,False,0,False,False,"Not In Active Readiness Scope","Historical-only / not currently listed",False
"BCL","Bolan Castings Limited","ordinary_equity","ENGINEERING",True,"listed_recently_traded","2016-07-26","2026-08-05",2362,0,0,0,0,0,False,0,False,False,"Data Quality Issue","price is not positive",False
"BCL-ODL","","unknown","",False,"historical_only","2019-01-10","2020-04-07",167,0,0,0,0,0,False,0,False,False,"Not In Active Readiness Scope","Historical-only / not currently listed",False
"BCML","","unknown","",False,"historical_only","2016-07-26","2022-02-15",311,0,0,0,0,0,False,0,False,False,"Not In Active Readiness Scope","Historical-only / not currently listed",False
"BCML-ODL","","unknown","",False,"historical_only","2019-01-23","2020-01-06",14,0,0,0,0,0,False,0,False,False,"Not In Active Readiness Scope","Historical-only / not currently listed",False
"BECO","Beco Steel Limited","ordinary_equity","ENGINEERING",True,"listed_recently_traded","2021-08-04","2026-08-05",1214,0,0,0,0,0,False,0,False,False,"Data Quality Issue","price is not positive",False
"BECO-AUG","","other","",False,"historical_only","2026-07-28","2026-08-05",7,0,0,0,0,0,False,0,False,False,"Not In Active Readiness Scope","Historical-only / not currently listed",False
"BECO-JUL","","other","",False,"historical_only","2026-06-04","2026-07-31",30,0,0,0,0,0,False,0,False,False,"Not In Active Readiness Scope","Historical-only / not currently listed",False
"BECO-JUN","","other","",False,"historical_only","2026-05-18","2026-06-24",22,0,0,0,0,0,False,0,False,False,"Not In Active Readiness Scope","Historical-only / not currently listed",False
"BECO-MAY","","other","",False,"historical_only","2026-04-27","2026-05-29",19,0,0,0,0,0,False,0,False,False,"Not In Active Readiness Scope","Historical-only / not currently listed",False
"BELA","Bela Automotives Limited","ordinary_equity","AUTOMOBILE PARTS & ACCESSORIES",True,"non_compliant","2021-10-25","2026-08-05",632,0,0,0,0,0,False,0,False,False,"Data Quality Issue","price is not positive",False
"BERG","Berger Paints Pakistan Limited","ordinary_equity","CHEMICAL",True,"listed_recently_traded","2016-07-26","2026-08-05",2288,0,0,0,0,0,False,0,False,False,"Data Quality Issue","price is not positive",False
"BERG-ODL","","unknown","",False,"historical_only","2019-01-11","2020-04-02",174,0,0,0,0,0,False,0,False,False,"Not In Active Readiness Scope","Historical-only / not currently listed",False
"BFAGRO","Barkat Frisian Agro Limited","ordinary_equity","FOOD & PERSONAL CARE PRODUCTS",True,"listed_recently_traded","2025-03-07","2026-08-05",350,301,301,210,45,46,True,301,True,True,"Ready","Eligible active ordinary equity with sufficient usable history and complete split/scaler artifacts",True
"BFBIO","BF Biosciences Limited","ordinary_equity","PHARMACEUTICALS",True,"listed_recently_traded","2024-10-21","2026-08-05",447,398,398,278,59,61,True,398,True,True,"Ready","Eligible active ordinary equity with sufficient usable history and complete split/scaler artifacts",True
"BFMOD","B.F. Modaraba","ordinary_equity","MODARABAS",True,"listed_recently_traded","2016-07-26","2026-08-05",947,0,0,0,0,0,False,0,False,False,"Data Quality Issue","price is not positive",False
"BFMOD-ODL","","unknown","",False,"historical_only","2019-01-22","2020-03-20",82,0,0,0,0,0,False,0,False,False,"Not In Active Readiness Scope","Historical-only / not currently listed",False
"BGL","Baluchistan Glass Limited","ordinary_equity","GLASS & CERAMICS",True,"listed_recently_traded","2016-07-26","2026-08-05",2484,2435,2435,1704,365,366,True,2435,True,True,"Ready","Eligible active ordinary equity with sufficient usable history and complete split/scaler artifacts",True
"BGL-APR","","other","",False,"historical_only","2022-01-31","2022-04-28",63,0,0,0,0,0,False,0,False,False,"Not In Active Readiness Scope","Historical-only / not currently listed",False
"BGL-AUG","","other","",False,"historical_only","2021-07-26","2021-08-27",23,0,0,0,0,0,False,0,False,False,"Not In Active Readiness Scope","Historical-only / not currently listed",False
"BGL-CDEC","","unknown","",False,"historical_only","2021-09-27","2021-10-22",19,0,0,0,0,0,False,0,False,False,"Not In Active Readiness Scope","Historical-only / not currently listed",False
"BGL-CNOV","","unknown","",False,"historical_only","2021-08-30","2021-10-22",39,0,0,0,0,0,False,0,False,False,"Not In Active Readiness Scope","Historical-only / not currently listed",False
"BGL-COCT","","unknown","",False,"historical_only","2021-08-02","2021-10-22",57,0,0,0,0,0,False,0,False,False,"Not In Active Readiness Scope","Historical-only / not currently listed",False
"BGL-DEC","","other","",False,"historical_only","2021-09-27","2021-12-31",38,0,0,0,0,0,False,0,False,False,"Not In Active Readiness Scope","Historical-only / not currently listed",False
"BGL-FEB","","other","",False,"historical_only","2021-11-29","2022-02-25",65,0,0,0,0,0,False,0,False,False,"Not In Active Readiness Scope","Historical-only / not currently listed",False
"BGL-JAN","","other","",False,"historical_only","2021-11-01","2022-01-28",65,0,0,0,0,0,False,0,False,False,"Not In Active Readiness Scope","Historical-only / not currently listed",False
"BGL-MAR","","other","",False,"historical_only","2022-01-03","2022-03-25",59,0,0,0,0,0,False,0,False,False,"Not In Active Readiness Scope","Historical-only / not currently listed",False
"BGL-NOV","","other","",False,"historical_only","2021-08-30","2021-11-26",27,0,0,0,0,0,False,0,False,False,"Not In Active Readiness Scope","Historical-only / not currently listed",False
"BGL-OCT","","other","",False,"historical_only","2021-09-20","2021-10-29",29,0,0,0,0,0,False,0,False,False,"Not In Active Readiness Scope","Historical-only / not currently listed",False
"BGL-ODL","","unknown","",False,"historical_only","2019-01-10","2020-04-09",117,0,0,0,0,0,False,0,False,False,"Not In Active Readiness Scope","Historical-only / not currently listed",False
"BGL-SEP","","other","",False,"historical_only","2021-08-23","2021-09-24",24,0,0,0,0,0,False,0,False,False,"Not In Active Readiness Scope","Historical-only / not currently listed",False
"BHAT","Bhanero Textile Mills Limited","ordinary_equity","TEXTILE COMPOSITE",True,"listed_recently_traded","2016-07-26","2026-08-05",1023,0,0,0,0,0,False,0,False,False,"Data Quality Issue","price is not positive",False
"BHAT-ODL","","unknown","",False,"historical_only","2019-01-17","2020-04-02",41,0,0,0,0,0,False,0,False,False,"Not In Active Readiness Scope","Historical-only / not currently listed",False
"BIFO","Biafo Industries Limited","ordinary_equity","CHEMICAL",True,"listed_recently_traded","2016-07-26","2026-08-05",2420,0,0,0,0,0,False,0,False,False,"Data Quality Issue","price is not positive",False
"BIFO-ODL","","unknown","",False,"historical_only","2019-01-11","2020-04-10",231,0,0,0,0,0,False,0,False,False,"Not In Active Readiness Scope","Historical-only / not currently listed",False
"BIIC","Business & Industrial Insurance Company","ordinary_equity","INSURANCE",True,"non_compliant","2021-10-25","2024-09-26",21,0,0,0,0,0,False,0,False,False,"Not In Active Readiness Scope","Currently listed but not recently traded",False
"BILF","","unknown","",False,"historical_only","2016-07-26","2025-10-23",2131,0,0,0,0,0,False,0,False,False,"Not In Active Readiness Scope","Historical-only / not currently listed",False
"BILF-ODL","","unknown","",False,"historical_only","2019-01-10","2020-03-31",28,0,0,0,0,0,False,0,False,False,"Not In Active Readiness Scope","Historical-only / not currently listed",False
"BIPL","BankIslami Pakistan Limited","ordinary_equity","COMMERCIAL BANKS",True,"listed_recently_traded","2016-07-26","2026-08-05",2414,0,0,0,0,0,False,0,False,False,"Data Quality Issue","price is not positive",False
"BIPL-APR","","other","",False,"historical_only","2021-03-22","2024-03-15",132,0,0,0,0,0,False,0,False,False,"Not In Active Readiness Scope","Historical-only / not currently listed",False
"BIPL-APRB","","other","",False,"historical_only","2023-03-06","2026-04-24",103,0,0,0,0,0,False,0,False,False,"Not In Active Readiness Scope","Historical-only / not currently listed",False
"BIPL-AUG","","other","",False,"historical_only","2021-08-05","2026-08-05",200,0,0,0,0,0,False,0,False,False,"Not In Active Readiness Scope","Historical-only / not currently listed",False
"BIPL-AUGB","","other","",False,"historical_only","2023-07-24","2023-08-25",23,0,0,0,0,0,False,0,False,False,"Not In Active Readiness Scope","Historical-only / not currently listed",False
"BIPL-CDEC","","unknown","",False,"historical_only","2021-09-27","2021-10-22",19,0,0,0,0,0,False,0,False,False,"Not In Active Readiness Scope","Historical-only / not currently listed",False
"BIPL-CNOV","","unknown","",False,"historical_only","2021-08-30","2021-10-22",39,0,0,0,0,0,False,0,False,False,"Not In Active Readiness Scope","Historical-only / not currently listed",False
"BIPL-COCT","","unknown","",False,"historical_only","2021-08-02","2021-10-22",57,0,0,0,0,0,False,0,False,False,"Not In Active Readiness Scope","Historical-only / not currently listed",False
"BIPL-DEC","","other","",False,"historical_only","2021-09-27","2025-12-26",180,0,0,0,0,0,False,0,False,False,"Not In Active Readiness Scope","Historical-only / not currently listed",False
"BIPL-DECB","","other","",False,"historical_only","2023-10-25","2023-12-29",46,0,0,0,0,0,False,0,False,False,"Not In Active Readiness Scope","Historical-only / not currently listed",False
"BIPL-FEB","","other","",False,"historical_only","2021-11-29","2026-02-27",233,0,0,0,0,0,False,0,False,False,"Not In Active Readiness Scope","Historical-only / not currently listed",False
"BIPL-JAN","","other","",False,"historical_only","2021-11-01","2026-01-30",236,0,0,0,0,0,False,0,False,False,"Not In Active Readiness Scope","Historical-only / not currently listed",False
"BIPL-JUL","","other","",False,"historical_only","2021-06-24","2026-07-31",237,0,0,0,0,0,False,0,False,False,"Not In Active Readiness Scope","Historical-only / not currently listed",False
"BIPL-JUN","","other","",False,"historical_only","2021-05-24","2026-06-24",231,0,0,0,0,0,False,0,False,False,"Not In Active Readiness Scope","Historical-only / not currently listed",False
"BIPL-MAR","","other","",False,"historical_only","2021-03-17","2026-03-16",189,0,0,0,0,0,False,0,False,False,"Not In Active Readiness Scope","Historical-only / not currently listed",False
"BIPL-MARB","","other","",False,"historical_only","2023-03-06","2026-03-27",43,0,0,0,0,0,False,0,False,False,"Not In Active Readiness Scope","Historical-only / not currently listed",False
"BIPL-MAY","","other","",False,"historical_only","2021-04-26","2024-03-15",92,0,0,0,0,0,False,0,False,False,"Not In Active Readiness Scope","Historical-only / not currently listed",False
"BIPL-MAYB","","other","",False,"historical_only","2023-03-06","2026-05-29",150,0,0,0,0,0,False,0,False,False,"Not In Active Readiness Scope","Historical-only / not currently listed",False
"BIPL-NOV","","other","",False,"historical_only","2021-08-30","2025-11-28",213,0,0,0,0,0,False,0,False,False,"Not In Active Readiness Scope","Historical-only / not currently listed",False
"BIPL-NOVB","","other","",False,"historical_only","2023-10-25","2023-11-24",22,0,0,0,0,0,False,0,False,False,"Not In Active Readiness Scope","Historical-only / not currently listed",False
"BIPL-OCT","","other","",False,"historical_only","2021-07-26","2024-08-30",193,0,0,0,0,0,False,0,False,False,"Not In Active Readiness Scope","Historical-only / not currently listed",False
"BIPL-OCTB","","other","",False,"historical_only","2024-08-27","2025-10-31",68,0,0,0,0,0,False,0,False,False,"Not In Active Readiness Scope","Historical-only / not currently listed",False
"BIPL-ODL","","unknown","",False,"historical_only","2019-01-10","2020-04-08",214,0,0,0,0,0,False,0,False,False,"Not In Active Readiness Scope","Historical-only / not currently listed",False
"BIPL-SEP","","other","",False,"historical_only","2021-07-26","2026-07-27",141,0,0,0,0,0,False,0,False,False,"Not In Active Readiness Scope","Historical-only / not currently listed",False
"BIPL-SEPB","","other","",False,"historical_only","2023-07-24","2025-09-26",94,0,0,0,0,0,False,0,False,False,"Not In Active Readiness Scope","Historical-only / not currently listed",False
"BIPLR2","","unknown","",False,"historical_only","2019-10-09","2019-10-31",16,0,0,0,0,0,False,0,False,False,"Not In Active Readiness Scope","Historical-only / not currently listed",False
"BIPLR2-ODL","","unknown","",False,"historical_only","2019-10-09","2019-10-31",17,0,0,0,0,0,False,0,False,False,"Not In Active Readiness Scope","Historical-only / not currently listed",False
"BIPLS","","unknown","",False,"historical_only","2017-01-02","2022-08-01",839,0,0,0,0,0,False,0,False,False,"Not In Active Readiness Scope","Historical-only / not currently listed",False
"BIPLS-ODL","","unknown","",False,"historical_only","2019-01-10","2020-04-09",126,0,0,0,0,0,False,0,False,False,"Not In Active Readiness Scope","Historical-only / not currently listed",False
"BKTI-APR","","other","",False,"historical_only","2024-01-29","2024-04-26",59,0,0,0,0,0,False,0,False,False,"Not In Active Readiness Scope","Historical-only / not currently listed",False
"BKTI-AUG","","other","",False,"historical_only","2023-05-29","2024-08-30",118,0,0,0,0,0,False,0,False,False,"Not In Active Readiness Scope","Historical-only / not currently listed",False
"BKTI-DEC","","other","",False,"historical_only","2021-10-25","2023-12-29",64,0,0,0,0,0,False,0,False,False,"Not In Active Readiness Scope","Historical-only / not currently listed",False
"BKTI-FEB","","other","",False,"historical_only","2023-11-27","2024-02-23",62,0,0,0,0,0,False,0,False,False,"Not In Active Readiness Scope","Historical-only / not currently listed",False
"BKTI-JAN","","other","",False,"historical_only","2023-10-30","2024-01-26",63,0,0,0,0,0,False,0,False,False,"Not In Active Readiness Scope","Historical-only / not currently listed",False
"BKTI-JUL","","other","",False,"historical_only","2023-05-18","2024-07-25",104,0,0,0,0,0,False,0,False,False,"Not In Active Readiness Scope","Historical-only / not currently listed",False
"BKTI-JUN","","other","",False,"historical_only","2023-05-18","2024-06-28",83,0,0,0,0,0,False,0,False,False,"Not In Active Readiness Scope","Historical-only / not currently listed",False
"BKTI-MAR","","other","",False,"historical_only","2024-01-01","2024-03-29",63,0,0,0,0,0,False,0,False,False,"Not In Active Readiness Scope","Historical-only / not currently listed",False
"BKTI-MAY","","other","",False,"historical_only","2023-05-18","2024-05-31",71,0,0,0,0,0,False,0,False,False,"Not In Active Readiness Scope","Historical-only / not currently listed",False
"BKTI-NOV","","other","",False,"historical_only","2021-08-30","2024-09-26",83,0,0,0,0,0,False,0,False,False,"Not In Active Readiness Scope","Historical-only / not currently listed",False
"BKTI-OCT","","other","",False,"historical_only","2021-10-25","2024-09-26",106,0,0,0,0,0,False,0,False,False,"Not In Active Readiness Scope","Historical-only / not currently listed",False
"BKTI-SEP","","other","",False,"historical_only","2023-07-03","2024-09-26",122,0,0,0,0,0,False,0,False,False,"Not In Active Readiness Scope","Historical-only / not currently listed",False
"BLUEX","Blue-Ex Limited","ordinary_equity","TRANSPORT",True,"listed_recently_traded","2025-12-29","2026-08-05",149,100,100,0,0,0,False,0,False,False,"Insufficient History","100 usable rows; minimum is 252",False
"BML","Bank Makramah Limited","ordinary_equity","COMMERCIAL BANKS",True,"listed_recently_traded","2016-07-26","2026-08-05",2482,2433,2433,1703,364,366,True,2433,True,True,"Ready","Eligible active ordinary equity with sufficient usable history and complete split/scaler artifacts",True
"BML-APR","","other","",False,"historical_only","2024-01-30","2026-04-24",94,0,0,0,0,0,False,0,False,False,"Not In Active Readiness Scope","Historical-only / not currently listed",False
"BML-AUG","","other","",False,"historical_only","2025-07-18","2026-08-05",39,0,0,0,0,0,False,0,False,False,"Not In Active Readiness Scope","Historical-only / not currently listed",False
"BML-DEC","","other","",False,"historical_only","2023-11-27","2025-12-26",53,0,0,0,0,0,False,0,False,False,"Not In Active Readiness Scope","Historical-only / not currently listed",False
"BML-FEB","","other","",False,"historical_only","2023-11-27","2026-01-23",78,0,0,0,0,0,False,0,False,False,"Not In Active Readiness Scope","Historical-only / not currently listed",False
"BML-FEBB","","other","",False,"historical_only","2026-02-02","2026-02-27",19,0,0,0,0,0,False,0,False,False,"Not In Active Readiness Scope","Historical-only / not currently listed",False
"BML-JAN","","other","",False,"historical_only","2023-11-27","2026-01-23",83,0,0,0,0,0,False,0,False,False,"Not In Active Readiness Scope","Historical-only / not currently listed",False
"BML-JUL","","other","",False,"historical_only","2024-04-29","2026-07-31",109,0,0,0,0,0,False,0,False,False,"Not In Active Readiness Scope","Historical-only / not currently listed",False
"BML-JUN","","other","",False,"historical_only","2024-04-02","2026-06-24",96,0,0,0,0,0,False,0,False,False,"Not In Active Readiness Scope","Historical-only / not currently listed",False
"BML-MAR","","other","",False,"historical_only","2024-01-01","2025-03-27",72,0,0,0,0,0,False,0,False,False,"Not In Active Readiness Scope","Historical-only / not currently listed",False
"BML-MARB","","other","",False,"historical_only","2026-02-13","2026-03-27",22,0,0,0,0,0,False,0,False,False,"Not In Active Readiness Scope","Historical-only / not currently listed",False
"BML-MAY","","other","",False,"historical_only","2024-02-26","2026-05-29",101,0,0,0,0,0,False,0,False,False,"Not In Active Readiness Scope","Historical-only / not currently listed",False
"BML-NOV","","other","",False,"historical_only","2025-10-22","2025-11-28",28,0,0,0,0,0,False,0,False,False,"Not In Active Readiness Scope","Historical-only / not currently listed",False
"BML-OCT","","other","",False,"historical_only","2025-09-01","2025-10-31",35,0,0,0,0,0,False,0,False,False,"Not In Active Readiness Scope","Historical-only / not currently listed",False
"BML-SEP","","other","",False,"historical_only","2025-08-26","2025-09-26",24,0,0,0,0,0,False,0,False,False,"Not In Active Readiness Scope","Historical-only / not currently listed",False
"BNL","Bunnys Limited","ordinary_equity","FOOD & PERSONAL CARE PRODUCTS",True,"listed_recently_traded","2020-09-08","2026-08-05",1420,0,0,0,0,0,False,0,False,False,"Data Quality Issue","price is not positive",False
"BNL-APR","","other","",False,"historical_only","2026-03-04","2026-04-24",15,0,0,0,0,0,False,0,False,False,"Not In Active Readiness Scope","Historical-only / not currently listed",False
"BNL-AUG","","other","",False,"historical_only","2026-07-24","2026-08-05",9,0,0,0,0,0,False,0,False,False,"Not In Active Readiness Scope","Historical-only / not currently listed",False
"BNL-FEB","","other","",False,"historical_only","2026-02-04","2026-02-27",16,0,0,0,0,0,False,0,False,False,"Not In Active Readiness Scope","Historical-only / not currently listed",False
"BNL-JUL","","other","",False,"historical_only","2026-06-12","2026-07-31",31,0,0,0,0,0,False,0,False,False,"Not In Active Readiness Scope","Historical-only / not currently listed",False
"BNL-JUN","","other","",False,"historical_only","2026-05-14","2026-06-24",27,0,0,0,0,0,False,0,False,False,"Not In Active Readiness Scope","Historical-only / not currently listed",False
"BNL-MAR","","other","",False,"historical_only","2026-02-24","2026-03-27",13,0,0,0,0,0,False,0,False,False,"Not In Active Readiness Scope","Historical-only / not currently listed",False
"BNL-MAY","","other","",False,"historical_only","2026-04-20","2026-05-29",24,0,0,0,0,0,False,0,False,False,"Not In Active Readiness Scope","Historical-only / not currently listed",False
"BNWM","Bannu Woollen Mills Limited","ordinary_equity","WOOLLEN",True,"listed_recently_traded","2016-07-26","2026-08-05",2051,0,0,0,0,0,False,0,False,False,"Data Quality Issue","price is not positive",False
"BNWM-ODL","","unknown","",False,"historical_only","2019-01-14","2020-04-09",61,0,0,0,0,0,False,0,False,False,"Not In Active Readiness Scope","Historical-only / not currently listed",False
"BOK","The Bank of Khyber","ordinary_equity","COMMERCIAL BANKS",True,"listed_recently_traded","2016-07-26","2026-08-05",2205,0,0,0,0,0,False,0,False,False,"Data Quality Issue","price is not positive",False
"BOK-ODL","","unknown","",False,"historical_only","2019-01-10","2020-04-10",213,0,0,0,0,0,False,0,False,False,"Not In Active Readiness Scope","Historical-only / not currently listed",False
"BOP","The Bank of Punjab","ordinary_equity","COMMERCIAL BANKS",True,"listed_recently_traded","2016-07-26","2026-08-05",2484,2435,2435,1704,365,366,True,2435,True,True,"Ready","Eligible active ordinary equity with sufficient usable history and complete split/scaler artifacts",True
"BOP-APR","","other","",False,"historical_only","2017-03-27","2026-03-17",210,0,0,0,0,0,False,0,False,False,"Not In Active Readiness Scope","Historical-only / not currently listed",False
"BOP-APRB","","other","",False,"historical_only","2022-02-28","2026-04-24",175,0,0,0,0,0,False,0,False,False,"Not In Active Readiness Scope","Historical-only / not currently listed",False
"BOP-AUG","","other","",False,"historical_only","2017-07-24","2026-08-05",349,0,0,0,0,0,False,0,False,False,"Not In Active Readiness Scope","Historical-only / not currently listed",False
"BOP-CAPR","","unknown","",False,"historical_only","2017-01-30","2021-04-30",312,0,0,0,0,0,False,0,False,False,"Not In Active Readiness Scope","Historical-only / not currently listed",False
"BOP-CAUG","","unknown","",False,"historical_only","2017-05-29","2021-08-27",302,0,0,0,0,0,False,0,False,False,"Not In Active Readiness Scope","Historical-only / not currently listed",False
"BOP-CDEC","","unknown","",False,"historical_only","2017-10-02","2025-12-23",274,0,0,0,0,0,False,0,False,False,"Not In Active Readiness Scope","Historical-only / not currently listed",False
"BOP-CFEB","","unknown","",False,"historical_only","2017-01-02","2021-02-26",285,0,0,0,0,0,False,0,False,False,"Not In Active Readiness Scope","Historical-only / not currently listed",False
"BOP-CJAN","","unknown","",False,"historical_only","2017-01-02","2026-01-23",289,0,0,0,0,0,False,0,False,False,"Not In Active Readiness Scope","Historical-only / not currently listed",False
"BOP-CJUL","","unknown","",False,"historical_only","2017-05-02","2021-07-30",299,0,0,0,0,0,False,0,False,False,"Not In Active Readiness Scope","Historical-only / not currently listed",False
"BOP-CJUN","","unknown","",False,"historical_only","2017-04-03","2021-06-25",299,0,0,0,0,0,False,0,False,False,"Not In Active Readiness Scope","Historical-only / not currently listed",False
"BOP-CMAR","","unknown","",False,"historical_only","2017-01-02","2021-03-26",314,0,0,0,0,0,False,0,False,False,"Not In Active Readiness Scope","Historical-only / not currently listed",False
"BOP-CMAY","","unknown","",False,"historical_only","2017-02-27","2021-05-28",311,0,0,0,0,0,False,0,False,False,"Not In Active Readiness Scope","Historical-only / not currently listed",False
"BOP-CNOV","","unknown","",False,"historical_only","2017-08-28","2021-10-22",291,0,0,0,0,0,False,0,False,False,"Not In Active Readiness Scope","Historical-only / not currently listed",False
"BOP-COCT","","unknown","",False,"historical_only","2017-07-31","2021-10-22",300,0,0,0,0,0,False,0,False,False,"Not In Active Readiness Scope","Historical-only / not currently listed",False
"BOP-CSEP","","unknown","",False,"historical_only","2017-07-03","2021-09-24",302,0,0,0,0,0,False,0,False,False,"Not In Active Readiness Scope","Historical-only / not currently listed",False
"BOP-DEC","","other","",False,"historical_only","2017-11-20","2025-12-26",330,0,0,0,0,0,False,0,False,False,"Not In Active Readiness Scope","Historical-only / not currently listed",False
"BOP-FEB","","other","",False,"historical_only","2017-01-23","2026-02-27",400,0,0,0,0,0,False,0,False,False,"Not In Active Readiness Scope","Historical-only / not currently listed",False
"BOP-JAN","","other","",False,"historical_only","2017-01-02","2026-01-30",389,0,0,0,0,0,False,0,False,False,"Not In Active Readiness Scope","Historical-only / not currently listed",False
"BOP-JUL","","other","",False,"historical_only","2017-06-29","2026-07-31",363,0,0,0,0,0,False,0,False,False,"Not In Active Readiness Scope","Historical-only / not currently listed",False
"BOP-JUN","","other","",False,"historical_only","2017-05-22","2026-06-24",355,0,0,0,0,0,False,0,False,False,"Not In Active Readiness Scope","Historical-only / not currently listed",False
"BOP-MAR","","other","",False,"historical_only","2017-02-20","2026-03-17",298,0,0,0,0,0,False,0,False,False,"Not In Active Readiness Scope","Historical-only / not currently listed",False
"BOP-MARB","","other","",False,"historical_only","2019-03-11","2026-03-27",113,0,0,0,0,0,False,0,False,False,"Not In Active Readiness Scope","Historical-only / not currently listed",False
"BOP-MAY","","other","",False,"historical_only","2017-04-24","2024-03-15",251,0,0,0,0,0,False,0,False,False,"Not In Active Readiness Scope","Historical-only / not currently listed",False
"BOP-MAYB","","other","",False,"historical_only","2024-03-13","2026-05-29",118,0,0,0,0,0,False,0,False,False,"Not In Active Readiness Scope","Historical-only / not currently listed",False
"BOP-NOV","","other","",False,"historical_only","2017-10-23","2025-11-28",344,0,0,0,0,0,False,0,False,False,"Not In Active Readiness Scope","Historical-only / not currently listed",False
"BOP-OCT","","other","",False,"historical_only","2017-09-25","2025-09-03",323,0,0,0,0,0,False,0,False,False,"Not In Active Readiness Scope","Historical-only / not currently listed",False
"BOP-OCTB","","other","",False,"historical_only","2025-09-02","2025-10-31",41,0,0,0,0,0,False,0,False,False,"Not In Active Readiness Scope","Historical-only / not currently listed",False
"BOP-ODL","","unknown","",False,"historical_only","2019-01-10","2020-04-10",301,0,252,0,0,0,False,0,False,False,"Not In Active Readiness Scope","Historical-only / not currently listed",False
"BOP-SEP","","other","",False,"historical_only","2017-08-21","2025-09-03",326,0,0,0,0,0,False,0,False,False,"Not In Active Readiness Scope","Historical-only / not currently listed",False
"BOP-SEPB","","other","",False,"historical_only","2025-09-01","2025-09-26",20,0,0,0,0,0,False,0,False,False,"Not In Active Readiness Scope","Historical-only / not currently listed",False
"BOPR2","","unknown","",False,"historical_only","2017-05-24","2017-07-04",26,0,0,0,0,0,False,0,False,False,"Not In Active Readiness Scope","Historical-only / not currently listed",False
"BPBL","","unknown","",False,"historical_only","2016-07-26","2021-10-29",758,0,0,0,0,0,False,0,False,False,"Not In Active Readiness Scope","Historical-only / not currently listed",False
"BPBL-ODL","","unknown","",False,"historical_only","2019-01-10","2020-04-02",37,0,0,0,0,0,False,0,False,False,"Not In Active Readiness Scope","Historical-only / not currently listed",False
"BPL","Burshane LPG (Pakistan) Limited","ordinary_equity","OIL & GAS MARKETING COMPANIES",True,"listed_recently_traded","2016-07-26","2026-08-05",1956,0,0,0,0,0,False,0,False,False,"Data Quality Issue","price is not positive",False
"BPL-ODL","","unknown","",False,"historical_only","2019-01-16","2020-04-10",158,0,0,0,0,0,False,0,False,False,"Not In Active Readiness Scope","Historical-only / not currently listed",False
"BROT","","unknown","",False,"historical_only","2016-07-26","2017-03-13",155,0,0,0,0,0,False,0,False,False,"Not In Active Readiness Scope","Historical-only / not currently listed",False
"BRR","","unknown","",False,"historical_only","2017-01-02","2023-06-22",1211,0,0,0,0,0,False,0,False,False,"Not In Active Readiness Scope","Historical-only / not currently listed",False
"BRR-ODL","","unknown","",False,"historical_only","2019-01-10","2020-03-25",113,0,0,0,0,0,False,0,False,False,"Not In Active Readiness Scope","Historical-only / not currently listed",False
"BRRG","B.R.R Guardian Limited","ordinary_equity","PROPERTY",True,"listed_recently_traded","2023-08-07","2026-08-05",693,0,0,0,0,0,False,0,False,False,"Data Quality Issue","price is not positive",False
"BRRR","","unknown","",False,"historical_only","2020-12-30","2021-01-21",17,0,0,0,0,0,False,0,False,False,"Not In Active Readiness Scope","Historical-only / not currently listed",False
"BSBF-NOV","","other","",False,"historical_only","2021-08-30","2021-08-30",1,0,0,0,0,0,False,0,False,False,"Not In Active Readiness Scope","Historical-only / not currently listed",False
"BTL","Blessed Textiles Limited","ordinary_equity","TEXTILE COMPOSITE",True,"listed_recently_traded","2016-07-26","2026-08-05",1417,0,0,0,0,0,False,0,False,False,"Data Quality Issue","price is not positive",False
"BTL-ODL","","unknown","",False,"historical_only","2019-01-23","2020-03-24",54,0,0,0,0,0,False,0,False,False,"Not In Active Readiness Scope","Historical-only / not currently listed",False
"BUXL","Buxly Paints Limited","ordinary_equity","CHEMICAL",True,"listed_recently_traded","2016-07-26","2026-08-05",2000,0,0,0,0,0,False,0,False,False,"Data Quality Issue","price is not positive",False
"BUXL-ODL","","unknown","",False,"historical_only","2019-01-23","2020-04-08",72,0,0,0,0,0,False,0,False,False,"Not In Active Readiness Scope","Historical-only / not currently listed",False
"BWCL","Bestway Cement Limited","ordinary_equity","CEMENT",True,"listed_recently_traded","2016-07-26","2026-08-05",2474,0,0,0,0,0,False,0,False,False,"Data Quality Issue","price is not positive",False
"BWCL-ODL","","unknown","",False,"historical_only","2019-01-11","2020-04-10",255,0,0,0,0,0,False,0,False,False,"Not In Active Readiness Scope","Historical-only / not currently listed",False
"BWHL","Baluchistan Wheels Limited","ordinary_equity","AUTOMOBILE PARTS & ACCESSORIES",True,"listed_recently_traded","2016-07-26","2026-08-05",1839,0,0,0,0,0,False,0,False,False,"Data Quality Issue","price is not positive",False
"BWHL-ODL","","unknown","",False,"historical_only","2019-01-17","2020-04-09",110,0,0,0,0,0,False,0,False,False,"Not In Active Readiness Scope","Historical-only / not currently listed",False
"BYCO","","unknown","",False,"historical_only","2016-07-26","2021-12-20",1339,0,1290,0,0,0,False,0,False,False,"Not In Active Readiness Scope","Historical-only / not currently listed",False
"BYCO-APR","","other","",False,"historical_only","2018-03-26","2021-04-30",79,30,30,0,0,0,False,0,False,False,"Not In Active Readiness Scope","Historical-only / not currently listed",False
"BYCO-AUG","","other","",False,"historical_only","2018-07-23","2021-08-27",48,0,0,0,0,0,False,0,False,False,"Not In Active Readiness Scope","Historical-only / not currently listed",False
"BYCO-CAUG","","unknown","",False,"historical_only","2018-05-28","2018-08-31",62,0,0,0,0,0,False,0,False,False,"Not In Active Readiness Scope","Historical-only / not currently listed",False
"BYCO-CDEC","","unknown","",False,"historical_only","2018-10-01","2021-10-22",82,0,0,0,0,0,False,0,False,False,"Not In Active Readiness Scope","Historical-only / not currently listed",False
"BYCO-CFEB","","unknown","",False,"historical_only","2018-12-04","2019-02-22",56,0,0,0,0,0,False,0,False,False,"Not In Active Readiness Scope","Historical-only / not currently listed",False
"BYCO-CJAN","","unknown","",False,"historical_only","2018-10-29","2019-01-25",62,0,0,0,0,0,False,0,False,False,"Not In Active Readiness Scope","Historical-only / not currently listed",False
"BYCO-CJUN","","unknown","",False,"historical_only","2018-04-02","2018-06-29",61,0,0,0,0,0,False,0,False,False,"Not In Active Readiness Scope","Historical-only / not currently listed",False
"BYCO-CMAR","","unknown","",False,"historical_only","2019-01-01","2019-03-29",63,0,0,0,0,0,False,0,False,False,"Not In Active Readiness Scope","Historical-only / not currently listed",False
"BYCO-CMAY","","unknown","",False,"historical_only","2018-02-26","2018-05-25",63,0,0,0,0,0,False,0,False,False,"Not In Active Readiness Scope","Historical-only / not currently listed",False
"BYCO-CNOV","","unknown","",False,"historical_only","2018-09-03","2021-10-22",101,0,0,0,0,0,False,0,False,False,"Not In Active Readiness Scope","Historical-only / not currently listed",False
"BYCO-COCT","","unknown","",False,"historical_only","2018-07-30","2021-10-22",116,0,0,0,0,0,False,0,False,False,"Not In Active Readiness Scope","Historical-only / not currently listed",False
"BYCO-CSEP","","unknown","",False,"historical_only","2018-07-02","2018-09-28",58,0,0,0,0,0,False,0,False,False,"Not In Active Readiness Scope","Historical-only / not currently listed",False
"BYCO-DEC","","other","",False,"historical_only","2018-11-26","2021-12-20",64,0,0,0,0,0,False,0,False,False,"Not In Active Readiness Scope","Historical-only / not currently listed",False
"BYCO-FEB","","other","",False,"historical_only","2019-01-21","2021-12-20",40,0,0,0,0,0,False,0,False,False,"Not In Active Readiness Scope","Historical-only / not currently listed",False
"BYCO-JAN","","other","",False,"historical_only","2018-12-24","2021-12-20",50,0,0,0,0,0,False,0,False,False,"Not In Active Readiness Scope","Historical-only / not currently listed",False
"BYCO-JUL","","other","",False,"historical_only","2018-06-25","2021-07-30",51,2,2,0,0,0,False,0,False,False,"Not In Active Readiness Scope","Historical-only / not currently listed",False
"BYCO-JUN","","other","",False,"historical_only","2018-05-21","2021-06-25",72,0,0,0,0,0,False,0,False,False,"Not In Active Readiness Scope","Historical-only / not currently listed",False
"BYCO-MAR","","other","",False,"historical_only","2018-02-19","2021-03-26",83,34,34,0,0,0,False,0,False,False,"Not In Active Readiness Scope","Historical-only / not currently listed",False
"BYCO-MAY","","other","",False,"historical_only","2018-04-23","2021-05-28",71,0,0,0,0,0,False,0,False,False,"Not In Active Readiness Scope","Historical-only / not currently listed",False
"BYCO-NOV","","other","",False,"historical_only","2018-10-22","2021-11-26",71,22,22,0,0,0,False,0,False,False,"Not In Active Readiness Scope","Historical-only / not currently listed",False
"BYCO-OCT","","other","",False,"historical_only","2018-09-24","2021-10-29",69,20,20,0,0,0,False,0,False,False,"Not In Active Readiness Scope","Historical-only / not currently listed",False
"BYCO-ODL","","unknown","",False,"historical_only","2019-01-10","2020-04-10",307,0,258,0,0,0,False,0,False,False,"Not In Active Readiness Scope","Historical-only / not currently listed",False
"BYCO-SEP","","other","",False,"historical_only","2018-08-27","2021-09-24",64,15,15,0,0,0,False,0,False,False,"Not In Active Readiness Scope","Historical-only / not currently listed",False
"BYCOSC","","unknown","",False,"historical_only","2018-09-07","2021-10-25",302,0,0,0,0,0,False,0,False,False,"Not In Active Readiness Scope","Historical-only / not currently listed",False
"CASH","","unknown","",False,"historical_only","2021-06-30","2026-03-27",501,0,0,0,0,0,False,0,False,False,"Not In Active Readiness Scope","Historical-only / not currently listed",False
"CCM","Crescent Cotton Mills Limited","ordinary_equity","TEXTILE SPINNING",True,"listed_recently_traded","2016-07-26","2026-08-05",1047,0,0,0,0,0,False,0,False,False,"Data Quality Issue","price is not positive",False
"CCM-ODL","","unknown","",False,"historical_only","2019-01-10","2020-03-26",30,0,0,0,0,0,False,0,False,False,"Not In Active Readiness Scope","Historical-only / not currently listed",False
"CECL","","unknown","",False,"historical_only","2016-07-26","2019-02-12",322,0,0,0,0,0,False,0,False,False,"Not In Active Readiness Scope","Historical-only / not currently listed",False
"CENI","Century Insurance Company Limited","ordinary_equity","INSURANCE",True,"listed_recently_traded","2016-07-26","2026-08-05",1561,0,0,0,0,0,False,0,False,False,"Data Quality Issue","price is not positive",False
"CENI-ODL","","unknown","",False,"historical_only","2019-01-10","2020-04-10",170,0,0,0,0,0,False,0,False,False,"Not In Active Readiness Scope","Historical-only / not currently listed",False
"CEPB","Century Paper & Board Mills Limited","ordinary_equity","PAPER, BOARD & PACKAGING",True,"listed_recently_traded","2016-07-26","2026-08-05",2472,0,0,0,0,0,False,0,False,False,"Data Quality Issue","price is not positive",False
"CEPB-APR","","other","",False,"historical_only","2021-03-22","2025-04-25",48,0,0,0,0,0,False,0,False,False,"Not In Active Readiness Scope","Historical-only / not currently listed",False
"CEPB-AUG","","other","",False,"historical_only","2024-06-03","2024-08-30",59,0,0,0,0,0,False,0,False,False,"Not In Active Readiness Scope","Historical-only / not currently listed",False
"CEPB-DEC","","other","",False,"historical_only","2020-11-23","2024-12-27",45,0,0,0,0,0,False,0,False,False,"Not In Active Readiness Scope","Historical-only / not currently listed",False
"CEPB-FEB","","other","",False,"historical_only","2021-01-25","2025-02-28",51,2,2,0,0,0,False,0,False,False,"Not In Active Readiness Scope","Historical-only / not currently listed",False
"CEPB-JAN","","other","",False,"historical_only","2020-12-21","2025-01-31",61,12,12,0,0,0,False,0,False,False,"Not In Active Readiness Scope","Historical-only / not currently listed",False
"CEPB-JUL","","other","",False,"historical_only","2024-04-29","2025-07-25",82,0,0,0,0,0,False,0,False,False,"Not In Active Readiness Scope","Historical-only / not currently listed",False
"CEPB-JUN","","other","",False,"historical_only","2024-04-29","2025-06-27",60,0,0,0,0,0,False,0,False,False,"Not In Active Readiness Scope","Historical-only / not currently listed",False
"CEPB-MAR","","other","",False,"historical_only","2021-02-22","2025-03-27",44,0,0,0,0,0,False,0,False,False,"Not In Active Readiness Scope","Historical-only / not currently listed",False
"CEPB-MAY","","other","",False,"historical_only","2021-04-27","2025-05-30",62,0,0,0,0,0,False,0,False,False,"Not In Active Readiness Scope","Historical-only / not currently listed",False
"CEPB-NOV","","other","",False,"historical_only","2020-10-26","2024-11-29",66,0,0,0,0,0,False,0,False,False,"Not In Active Readiness Scope","Historical-only / not currently listed",False
"CEPB-OCT","","other","",False,"historical_only","2020-09-21","2024-10-25",88,0,0,0,0,0,False,0,False,False,"Not In Active Readiness Scope","Historical-only / not currently listed",False
"CEPB-ODL","","unknown","",False,"historical_only","2019-01-11","2020-04-10",188,0,0,0,0,0,False,0,False,False,"Not In Active Readiness Scope","Historical-only / not currently listed",False
"CEPB-SEP","","other","",False,"historical_only","2020-08-24","2024-09-27",86,0,0,0,0,0,False,0,False,False,"Not In Active Readiness Scope","Historical-only / not currently listed",False
"CFL","Crescent Fibres Limited","ordinary_equity","TEXTILE SPINNING",True,"listed_recently_traded","2016-07-26","2026-08-05",753,0,0,0,0,0,False,0,False,False,"Data Quality Issue","price is not positive",False
"CFL-ODL","","unknown","",False,"historical_only","2019-01-23","2020-03-17",14,0,0,0,0,0,False,0,False,False,"Not In Active Readiness Scope","Historical-only / not currently listed",False
"CHAS","Chashma Sugar Mills Limited","ordinary_equity","SUGAR & ALLIED INDUSTRIES",True,"listed_recently_traded","2016-07-26","2026-08-05",1899,0,0,0,0,0,False,0,False,False,"Data Quality Issue","price is not positive",False
"CHAS-ODL","","unknown","",False,"historical_only","2019-01-23","2020-04-03",61,0,0,0,0,0,False,0,False,False,"Not In Active Readiness Scope","Historical-only / not currently listed",False
"CHBL","Chenab Limited","ordinary_equity","TEXTILE COMPOSITE",True,"listed_recently_traded","2016-07-26","2026-08-05",894,0,0,0,0,0,False,0,False,False,"Data Quality Issue","price is not positive",False
"CHCC","Cherat Cement Company Limited","ordinary_equity","CEMENT",True,"listed_recently_traded","2016-07-26","2026-08-05",2484,2435,2435,1704,365,366,True,2435,True,True,"Ready","Eligible active ordinary equity with sufficient usable history and complete split/scaler artifacts",True
"CHCC-APR","","other","",False,"historical_only","2018-03-26","2026-02-19",247,0,0,0,0,0,False,0,False,False,"Not In Active Readiness Scope","Historical-only / not currently listed",False
"CHCC-APRB","","other","",False,"historical_only","2024-02-19","2026-04-24",86,0,0,0,0,0,False,0,False,False,"Not In Active Readiness Scope","Historical-only / not currently listed",False
"CHCC-AUG","","other","",False,"historical_only","2018-07-23","2026-08-05",304,0,0,0,0,0,False,0,False,False,"Not In Active Readiness Scope","Historical-only / not currently listed",False
"CHCC-CAPR","","unknown","",False,"historical_only","2021-02-01","2021-04-30",63,0,0,0,0,0,False,0,False,False,"Not In Active Readiness Scope","Historical-only / not currently listed",False
"CHCC-CAUG","","unknown","",False,"historical_only","2020-06-01","2020-08-28",63,0,0,0,0,0,False,0,False,False,"Not In Active Readiness Scope","Historical-only / not currently listed",False
"CHCC-CDEC","","unknown","",False,"historical_only","2020-09-28","2021-10-22",82,0,0,0,0,0,False,0,False,False,"Not In Active Readiness Scope","Historical-only / not currently listed",False
"CHCC-CFEB","","unknown","",False,"historical_only","2017-01-02","2021-02-26",103,0,0,0,0,0,False,0,False,False,"Not In Active Readiness Scope","Historical-only / not currently listed",False
"CHCC-CJAN","","unknown","",False,"historical_only","2017-01-02","2021-01-29",84,0,0,0,0,0,False,0,False,False,"Not In Active Readiness Scope","Historical-only / not currently listed",False
"CHCC-CJUL","","unknown","",False,"historical_only","2020-04-27","2020-07-30",64,0,0,0,0,0,False,0,False,False,"Not In Active Readiness Scope","Historical-only / not currently listed",False
"CHCC-CJUN","","unknown","",False,"historical_only","2020-03-30","2020-06-26",60,0,0,0,0,0,False,0,False,False,"Not In Active Readiness Scope","Historical-only / not currently listed",False
"CHCC-CMAR","","unknown","",False,"historical_only","2017-01-02","2021-03-26",125,0,0,0,0,0,False,0,False,False,"Not In Active Readiness Scope","Historical-only / not currently listed",False
"CHCC-CMAY","","unknown","",False,"historical_only","2020-03-02","2021-05-28",117,0,0,0,0,0,False,0,False,False,"Not In Active Readiness Scope","Historical-only / not currently listed",False
"CHCC-CNOV","","unknown","",False,"historical_only","2020-08-31","2021-10-22",103,0,0,0,0,0,False,0,False,False,"Not In Active Readiness Scope","Historical-only / not currently listed",False
"CHCC-COCT","","unknown","",False,"historical_only","2020-08-03","2021-10-22",120,0,0,0,0,0,False,0,False,False,"Not In Active Readiness Scope","Historical-only / not currently listed",False
"CHCC-CSEP","","unknown","",False,"historical_only","2020-06-29","2020-09-25",63,0,0,0,0,0,False,0,False,False,"Not In Active Readiness Scope","Historical-only / not currently listed",False
"CHCC-DEC","","other","",False,"historical_only","2018-11-26","2025-12-26",281,0,0,0,0,0,False,0,False,False,"Not In Active Readiness Scope","Historical-only / not currently listed",False
"CHCC-FEB","","other","",False,"historical_only","2018-01-22","2026-02-25",275,0,0,0,0,0,False,0,False,False,"Not In Active Readiness Scope","Historical-only / not currently listed",False
"CHCC-JAN","","other","",False,"historical_only","2017-01-02","2026-01-30",282,0,0,0,0,0,False,0,False,False,"Not In Active Readiness Scope","Historical-only / not currently listed",False
"CHCC-JUL","","other","",False,"historical_only","2018-06-25","2026-07-31",323,0,0,0,0,0,False,0,False,False,"Not In Active Readiness Scope","Historical-only / not currently listed",False
"CHCC-JUN","","other","",False,"historical_only","2018-05-21","2026-06-24",273,0,0,0,0,0,False,0,False,False,"Not In Active Readiness Scope","Historical-only / not currently listed",False
"CHCC-JUNB","","other","",False,"historical_only","2023-05-02","2023-06-27",41,0,0,0,0,0,False,0,False,False,"Not In Active Readiness Scope","Historical-only / not currently listed",False
"CHCC-MAR","","other","",False,"historical_only","2018-02-19","2026-02-23",255,0,0,0,0,0,False,0,False,False,"Not In Active Readiness Scope","Historical-only / not currently listed",False
"CHCC-MARB","","other","",False,"historical_only","2024-02-19","2026-03-27",69,0,0,0,0,0,False,0,False,False,"Not In Active Readiness Scope","Historical-only / not currently listed",False
"CHCC-MAY","","other","",False,"historical_only","2018-04-23","2026-05-29",303,0,0,0,0,0,False,0,False,False,"Not In Active Readiness Scope","Historical-only / not currently listed",False
"CHCC-MAYB","","other","",False,"historical_only","2023-05-02","2023-05-26",19,0,0,0,0,0,False,0,False,False,"Not In Active Readiness Scope","Historical-only / not currently listed",False
"CHCC-NOV","","other","",False,"historical_only","2018-10-22","2024-09-26",150,0,0,0,0,0,False,0,False,False,"Not In Active Readiness Scope","Historical-only / not currently listed",False
"CHCC-NOVB","","other","",False,"historical_only","2021-10-07","2025-11-28",166,0,0,0,0,0,False,0,False,False,"Not In Active Readiness Scope","Historical-only / not currently listed",False
"CHCC-OCT","","other","",False,"historical_only","2018-09-24","2025-09-26",220,0,0,0,0,0,False,0,False,False,"Not In Active Readiness Scope","Historical-only / not currently listed",False
"CHCC-OCTB","","other","",False,"historical_only","2021-09-27","2025-10-31",107,0,0,0,0,0,False,0,False,False,"Not In Active Readiness Scope","Historical-only / not currently listed",False
"CHCC-ODL","","unknown","",False,"historical_only","2019-01-10","2020-04-10",301,0,252,0,0,0,False,0,False,False,"Not In Active Readiness Scope","Historical-only / not currently listed",False
"CHCC-SEP","","other","",False,"historical_only","2018-08-27","2025-09-26",308,0,0,0,0,0,False,0,False,False,"Not In Active Readiness Scope","Historical-only / not currently listed",False
"CJPL","Crescent Jute Products Limited","ordinary_equity","JUTE",True,"non_compliant","2016-07-26","2026-08-05",824,0,0,0,0,0,False,0,False,False,"Data Quality Issue","price is not positive",False
"CLCPS","Chenab Limited (Pref)","preference_share","TEXTILE COMPOSITE",True,"listed_recently_traded","2017-01-02","2026-08-05",783,0,0,0,0,0,False,0,False,False,"Data Quality Issue","price is not positive",False
"CLOUD","","unknown","",False,"historical_only","2016-07-26","2024-10-10",1947,0,0,0,0,0,False,0,False,False,"Not In Active Readiness Scope","Historical-only / not currently listed",False
"CLOV","Clover Pakistan Limited","ordinary_equity","FOOD & PERSONAL CARE PRODUCTS",True,"listed_recently_traded","2016-07-26","2026-08-05",2470,0,0,0,0,0,False,0,False,False,"Data Quality Issue","price is not positive",False
"CLOV-ODL","","unknown","",False,"historical_only","2019-01-11","2020-04-09",239,0,0,0,0,0,False,0,False,False,"Not In Active Readiness Scope","Historical-only / not currently listed",False
"CLVL","Cordoba Logistics & Ventures Limited","ordinary_equity","TRANSPORT",True,"listed_recently_traded","2021-09-06","2026-08-05",1169,0,0,0,0,0,False,0,False,False,"Data Quality Issue","price is not positive",False
"CLVLR","","unknown","",False,"historical_only","2022-07-18","2022-08-05",15,0,0,0,0,0,False,0,False,False,"Not In Active Readiness Scope","Historical-only / not currently listed",False
"CNERGY","Cnergyico PK Limited","ordinary_equity","REFINERY",True,"listed_recently_traded","2016-07-26","2026-08-05",2484,2435,2435,1704,365,366,True,2435,True,True,"Ready","Eligible active ordinary equity with sufficient usable history and complete split/scaler artifacts",True
"CNERGY-APR","","other","",False,"historical_only","2022-01-31","2026-04-24",238,0,0,0,0,0,False,0,False,False,"Not In Active Readiness Scope","Historical-only / not currently listed",False
"CNERGY-AUG","","other","",False,"historical_only","2022-05-30","2026-08-05",230,0,0,0,0,0,False,0,False,False,"Not In Active Readiness Scope","Historical-only / not currently listed",False
"CNERGY-DEC","","other","",False,"historical_only","2021-12-21","2025-12-26",200,0,0,0,0,0,False,0,False,False,"Not In Active Readiness Scope","Historical-only / not currently listed",False
"CNERGY-FEB","","other","",False,"historical_only","2021-12-21","2026-02-27",238,0,0,0,0,0,False,0,False,False,"Not In Active Readiness Scope","Historical-only / not currently listed",False
"CNERGY-JAN","","other","",False,"historical_only","2021-12-21","2026-01-30",223,0,0,0,0,0,False,0,False,False,"Not In Active Readiness Scope","Historical-only / not currently listed",False
"CNERGY-JUL","","other","",False,"historical_only","2022-05-06","2026-07-31",239,0,0,0,0,0,False,0,False,False,"Not In Active Readiness Scope","Historical-only / not currently listed",False
"CNERGY-JUN","","other","",False,"historical_only","2022-03-28","2026-06-24",235,0,0,0,0,0,False,0,False,False,"Not In Active Readiness Scope","Historical-only / not currently listed",False
"CNERGY-MAR","","other","",False,"historical_only","2022-01-03","2026-03-27",239,0,0,0,0,0,False,0,False,False,"Not In Active Readiness Scope","Historical-only / not currently listed",False
"CNERGY-MAY","","other","",False,"historical_only","2022-02-28","2026-05-29",246,0,0,0,0,0,False,0,False,False,"Not In Active Readiness Scope","Historical-only / not currently listed",False
"CNERGY-NOV","","other","",False,"historical_only","2022-08-29","2025-11-28",209,0,0,0,0,0,False,0,False,False,"Not In Active Readiness Scope","Historical-only / not currently listed",False
"CNERGY-OCT","","other","",False,"historical_only","2022-08-01","2025-10-31",222,0,0,0,0,0,False,0,False,False,"Not In Active Readiness Scope","Historical-only / not currently listed",False
"CNERGY-SEP","","other","",False,"historical_only","2022-06-27","2026-08-05",238,0,0,0,0,0,False,0,False,False,"Not In Active Readiness Scope","Historical-only / not currently listed",False
"CNERGYSC","","unknown","",False,"historical_only","2022-12-08","2022-12-08",1,0,0,0,0,0,False,0,False,False,"Not In Active Readiness Scope","Historical-only / not currently listed",False
"COLG","Colgate-Palmolive (Pakistan) Limited","ordinary_equity","FOOD & PERSONAL CARE PRODUCTS",True,"listed_recently_traded","2016-07-26","2026-08-05",2058,0,0,0,0,0,False,0,False,False,"Data Quality Issue","price is not positive",False
"COLG-ODL","","unknown","",False,"historical_only","2019-01-14","2020-04-01",125,0,0,0,0,0,False,0,False,False,"Not In Active Readiness Scope","Historical-only / not currently listed",False
"CPAL","","unknown","",False,"historical_only","2016-07-26","2021-06-28",421,0,0,0,0,0,False,0,False,False,"Not In Active Readiness Scope","Historical-only / not currently listed",False
"CPAL-ODL","","unknown","",False,"historical_only","2019-01-23","2020-03-19",24,0,0,0,0,0,False,0,False,False,"Not In Active Readiness Scope","Historical-only / not currently listed",False
"CPHL","Citi Pharma Ltd.","ordinary_equity","PHARMACEUTICALS",True,"listed_recently_traded","2021-07-09","2026-08-05",1256,1207,1207,844,181,182,True,1207,True,True,"Ready","Eligible active ordinary equity with sufficient usable history and complete split/scaler artifacts",True
"CPHL-APR","","other","",False,"historical_only","2023-01-30","2026-04-24",171,0,0,0,0,0,False,0,False,False,"Not In Active Readiness Scope","Historical-only / not currently listed",False
"CPHL-AUG","","other","",False,"historical_only","2022-05-30","2026-08-05",220,0,0,0,0,0,False,0,False,False,"Not In Active Readiness Scope","Historical-only / not currently listed",False
"CPHL-DEC","","other","",False,"historical_only","2022-10-03","2023-12-29",127,0,0,0,0,0,False,0,False,False,"Not In Active Readiness Scope","Historical-only / not currently listed",False
"CPHL-DECB","","other","",False,"historical_only","2024-11-14","2025-12-26",52,3,3,0,0,0,False,0,False,False,"Not In Active Readiness Scope","Historical-only / not currently listed",False
"CPHL-FEB","","other","",False,"historical_only","2022-11-28","2026-02-27",181,0,0,0,0,0,False,0,False,False,"Not In Active Readiness Scope","Historical-only / not currently listed",False
"CPHL-JAN","","other","",False,"historical_only","2022-10-31","2026-01-30",190,0,0,0,0,0,False,0,False,False,"Not In Active Readiness Scope","Historical-only / not currently listed",False
"CPHL-JUL","","other","",False,"historical_only","2022-05-06","2026-07-31",231,0,0,0,0,0,False,0,False,False,"Not In Active Readiness Scope","Historical-only / not currently listed",False
"CPHL-JUN","","other","",False,"historical_only","2022-05-06","2026-06-24",202,0,0,0,0,0,False,0,False,False,"Not In Active Readiness Scope","Historical-only / not currently listed",False
"CPHL-MAR","","other","",False,"historical_only","2023-01-02","2026-03-27",180,0,0,0,0,0,False,0,False,False,"Not In Active Readiness Scope","Historical-only / not currently listed",False
"CPHL-MAY","","other","",False,"historical_only","2022-05-06","2026-05-29",196,0,0,0,0,0,False,0,False,False,"Not In Active Readiness Scope","Historical-only / not currently listed",False
"CPHL-NOV","","other","",False,"historical_only","2022-08-29","2025-10-10",120,0,0,0,0,0,False,0,False,False,"Not In Active Readiness Scope","Historical-only / not currently listed",False
"CPHL-NOVB","","other","",False,"historical_only","2023-10-02","2025-11-28",97,0,0,0,0,0,False,0,False,False,"Not In Active Readiness Scope","Historical-only / not currently listed",False
"CPHL-OCT","","other","",False,"historical_only","2022-08-01","2025-10-15",188,0,0,0,0,0,False,0,False,False,"Not In Active Readiness Scope","Historical-only / not currently listed",False
"CPHL-OCTB","","other","",False,"historical_only","2023-10-02","2025-10-31",47,0,0,0,0,0,False,0,False,False,"Not In Active Readiness Scope","Historical-only / not currently listed",False
"CPHL-SEP","","other","",False,"historical_only","2022-06-27","2025-09-26",218,0,0,0,0,0,False,0,False,False,"Not In Active Readiness Scope","Historical-only / not currently listed",False
"CPL-NOV","","other","",False,"historical_only","2021-08-30","2021-08-30",1,0,0,0,0,0,False,0,False,False,"Not In Active Readiness Scope","Historical-only / not currently listed",False
"CPPL","Cherat Packaging Limited","ordinary_equity","PAPER, BOARD & PACKAGING",True,"listed_recently_traded","2016-07-26","2026-08-05",2457,0,0,0,0,0,False,0,False,False,"Data Quality Issue","price is not positive",False
"CPPL-NOV","","other","",False,"historical_only","2021-08-30","2021-08-30",1,0,0,0,0,0,False,0,False,False,"Not In Active Readiness Scope","Historical-only / not currently listed",False
"CPPL-ODL","","unknown","",False,"historical_only","2019-01-10","2020-04-09",281,0,0,0,0,0,False,0,False,False,"Not In Active Readiness Scope","Historical-only / not currently listed",False
"CPPLR3","","unknown","",False,"historical_only","2017-10-05","2017-10-27",17,0,0,0,0,0,False,0,False,False,"Not In Active Readiness Scope","Historical-only / not currently listed",False
"CRTM","The Crescent Textile Mills Limited","ordinary_equity","TEXTILE COMPOSITE",True,"listed_recently_traded","2016-07-26","2026-08-05",2439,0,0,0,0,0,False,0,False,False,"Data Quality Issue","price is not positive",False
"CRTM-ODL","","unknown","",False,"historical_only","2019-01-11","2020-03-18",74,0,0,0,0,0,False,0,False,False,"Not In Active Readiness Scope","Historical-only / not currently listed",False
"CRTMR2","","unknown","",False,"historical_only","2021-06-07","2021-06-29",17,0,0,0,0,0,False,0,False,False,"Not In Active Readiness Scope","Historical-only / not currently listed",False
"CSAP","Crescent Steel & Allied Products Limited","ordinary_equity","ENGINEERING",True,"listed_recently_traded","2016-07-26","2026-08-05",2473,0,0,0,0,0,False,0,False,False,"Data Quality Issue","price is not positive",False
"CSAP-APRB","","other","",False,"historical_only","2025-03-25","2026-04-24",44,0,0,0,0,0,False,0,False,False,"Not In Active Readiness Scope","Historical-only / not currently listed",False
"CSAP-AUG","","other","",False,"historical_only","2025-07-21","2025-08-29",29,0,0,0,0,0,False,0,False,False,"Not In Active Readiness Scope","Historical-only / not currently listed",False
"CSAP-CDEC","","unknown","",False,"historical_only","2017-10-02","2017-12-29",63,0,0,0,0,0,False,0,False,False,"Not In Active Readiness Scope","Historical-only / not currently listed",False
"CSAP-CNOV","","unknown","",False,"historical_only","2017-08-28","2021-08-30",64,0,0,0,0,0,False,0,False,False,"Not In Active Readiness Scope","Historical-only / not currently listed",False
"CSAP-DECB","","other","",False,"historical_only","2025-11-24","2025-12-26",21,0,0,0,0,0,False,0,False,False,"Not In Active Readiness Scope","Historical-only / not currently listed",False
"CSAP-FEB","","other","",False,"historical_only","2025-02-03","2026-02-13",23,0,0,0,0,0,False,0,False,False,"Not In Active Readiness Scope","Historical-only / not currently listed",False
"CSAP-FEBB","","other","",False,"historical_only","2025-02-06","2026-02-27",31,0,0,0,0,0,False,0,False,False,"Not In Active Readiness Scope","Historical-only / not currently listed",False
"CSAP-JAN","","other","",False,"historical_only","2025-12-24","2026-01-30",27,0,0,0,0,0,False,0,False,False,"Not In Active Readiness Scope","Historical-only / not currently listed",False
"CSAP-JULB","","other","",False,"historical_only","2025-06-23","2025-07-25",23,0,0,0,0,0,False,0,False,False,"Not In Active Readiness Scope","Historical-only / not currently listed",False
"CSAP-JUNB","","other","",False,"historical_only","2025-05-29","2025-06-27",17,0,0,0,0,0,False,0,False,False,"Not In Active Readiness Scope","Historical-only / not currently listed",False
"CSAP-MARB","","other","",False,"historical_only","2025-02-25","2026-03-27",45,0,0,0,0,0,False,0,False,False,"Not In Active Readiness Scope","Historical-only / not currently listed",False
"CSAP-MAY","","other","",False,"historical_only","2025-04-21","2025-05-07",12,0,0,0,0,0,False,0,False,False,"Not In Active Readiness Scope","Historical-only / not currently listed",False
"CSAP-MAYB","","other","",False,"historical_only","2025-05-06","2025-05-30",18,0,0,0,0,0,False,0,False,False,"Not In Active Readiness Scope","Historical-only / not currently listed",False
"CSAP-NOV","","other","",False,"historical_only","2021-08-30","2021-08-30",1,0,0,0,0,0,False,0,False,False,"Not In Active Readiness Scope","Historical-only / not currently listed",False
"CSAP-NOVB","","other","",False,"historical_only","2025-10-28","2025-11-28",23,0,0,0,0,0,False,0,False,False,"Not In Active Readiness Scope","Historical-only / not currently listed",False
"CSAP-OCT","","other","",False,"historical_only","2017-09-25","2025-10-16",45,0,0,0,0,0,False,0,False,False,"Not In Active Readiness Scope","Historical-only / not currently listed",False
"CSAP-OCTB","","other","",False,"historical_only","2025-10-13","2025-10-31",12,0,0,0,0,0,False,0,False,False,"Not In Active Readiness Scope","Historical-only / not currently listed",False
"CSAP-ODL","","unknown","",False,"historical_only","2019-01-10","2020-04-10",257,0,0,0,0,0,False,0,False,False,"Not In Active Readiness Scope","Historical-only / not currently listed",False
"CSAP-SEP","","other","",False,"historical_only","2017-08-21","2025-09-26",55,6,6,0,0,0,False,0,False,False,"Not In Active Readiness Scope","Historical-only / not currently listed",False
"CSIL","Crescent Star Insurance Limited","ordinary_equity","INSURANCE",True,"listed_recently_traded","2016-07-26","2026-08-05",2480,2431,2431,1701,364,366,True,2431,True,True,"Ready","Eligible active ordinary equity with sufficient usable history and complete split/scaler artifacts",True
"CSIL-AUG","","other","",False,"historical_only","2026-07-09","2026-08-05",11,0,0,0,0,0,False,0,False,False,"Not In Active Readiness Scope","Historical-only / not currently listed",False
"CSIL-JUL","","other","",False,"historical_only","2026-06-16","2026-07-31",29,0,0,0,0,0,False,0,False,False,"Not In Active Readiness Scope","Historical-only / not currently listed",False
"CSIL-JUN","","other","",False,"historical_only","2026-05-08","2026-06-24",26,0,0,0,0,0,False,0,False,False,"Not In Active Readiness Scope","Historical-only / not currently listed",False
"CSIL-MAY","","other","",False,"historical_only","2026-04-27","2026-05-29",21,0,0,0,0,0,False,0,False,False,"Not In Active Readiness Scope","Historical-only / not currently listed",False
"CSIL-ODL","","unknown","",False,"historical_only","2019-01-10","2020-04-07",167,0,0,0,0,0,False,0,False,False,"Not In Active Readiness Scope","Historical-only / not currently listed",False
"CSIL-SEP","","other","",False,"historical_only","2026-08-05","2026-08-05",1,0,0,0,0,0,False,0,False,False,"Not In Active Readiness Scope","Historical-only / not currently listed",False
"CSILR2","","unknown","",False,"historical_only","2017-12-12","2018-01-04",17,0,0,0,0,0,False,0,False,False,"Not In Active Readiness Scope","Historical-only / not currently listed",False
"CSILR3","","unknown","",False,"historical_only","2026-01-22","2026-02-06",11,0,0,0,0,0,False,0,False,False,"Not In Active Readiness Scope","Historical-only / not currently listed",False
"CSM","","unknown","",False,"historical_only","2016-07-26","2018-10-04",366,0,0,0,0,0,False,0,False,False,"Not In Active Readiness Scope","Historical-only / not currently listed",False
"CTM","Colony Textile Mills Limited","ordinary_equity","TEXTILE SPINNING",True,"listed_recently_traded","2016-07-26","2026-08-05",2441,0,0,0,0,0,False,0,False,False,"Data Quality Issue","price is not positive",False
"CTM-ODL","","unknown","",False,"historical_only","2019-01-11","2020-04-01",139,0,0,0,0,0,False,0,False,False,"Not In Active Readiness Scope","Historical-only / not currently listed",False
"CWSM","","unknown","",False,"historical_only","2016-07-26","2025-12-29",2252,0,0,0,0,0,False,0,False,False,"Not In Active Readiness Scope","Historical-only / not currently listed",False
"CWSM-ODL","","unknown","",False,"historical_only","2019-01-10","2020-04-08",30,0,0,0,0,0,False,0,False,False,"Not In Active Readiness Scope","Historical-only / not currently listed",False
"CYAN","","unknown","",False,"historical_only","2016-07-26","2026-03-11",2264,0,0,0,0,0,False,0,False,False,"Not In Active Readiness Scope","Historical-only / not currently listed",False
"CYAN-ODL","","unknown","",False,"historical_only","2019-01-10","2020-04-09",194,0,0,0,0,0,False,0,False,False,"Not In Active Readiness Scope","Historical-only / not currently listed",False
"DAAG","Data Agro Limited","ordinary_equity","CHEMICAL",True,"listed_recently_traded","2016-07-26","2026-08-05",1846,0,0,0,0,0,False,0,False,False,"Data Quality Issue","price is not positive",False
"DAAG-ODL","","unknown","",False,"historical_only","2019-01-11","2020-04-02",66,0,0,0,0,0,False,0,False,False,"Not In Active Readiness Scope","Historical-only / not currently listed",False
"DADX","Dadex Eternit Limited","ordinary_equity","ENGINEERING",True,"listed_recently_traded","2016-07-26","2026-08-05",1340,0,0,0,0,0,False,0,False,False,"Data Quality Issue","price is not positive",False
"DADX-ODL","","unknown","",False,"historical_only","2019-01-17","2020-04-09",28,0,0,0,0,0,False,0,False,False,"Not In Active Readiness Scope","Historical-only / not currently listed",False
"DATM","","unknown","",False,"historical_only","2016-07-26","2023-05-12",204,0,0,0,0,0,False,0,False,False,"Not In Active Readiness Scope","Historical-only / not currently listed",False
"DAWH","","unknown","",False,"historical_only","2016-07-26","2025-01-03",2071,0,2022,0,0,0,False,0,False,False,"Not In Active Readiness Scope","Historical-only / not currently listed",False
"DAWH-CNOV","","unknown","",False,"historical_only","2021-08-30","2021-08-30",1,0,0,0,0,0,False,0,False,False,"Not In Active Readiness Scope","Historical-only / not currently listed",False
"DAWH-NOV","","other","",False,"historical_only","2021-08-30","2021-08-30",1,0,0,0,0,0,False,0,False,False,"Not In Active Readiness Scope","Historical-only / not currently listed",False
"DAWH-ODL","","unknown","",False,"historical_only","2019-01-11","2020-04-09",176,0,0,0,0,0,False,0,False,False,"Not In Active Readiness Scope","Historical-only / not currently listed",False
"DAWHSC1","","unknown","",False,"historical_only","2018-11-30","2021-02-08",501,0,0,0,0,0,False,0,False,False,"Not In Active Readiness Scope","Historical-only / not currently listed",False
"DAWHSC2","","unknown","",False,"historical_only","2018-11-23","2021-03-19",465,0,0,0,0,0,False,0,False,False,"Not In Active Readiness Scope","Historical-only / not currently listed",False
"DBCI","Dadabhoy Cement Industries Limited","ordinary_equity","CEMENT",True,"non_compliant","2016-07-26","2026-08-05",670,0,0,0,0,0,False,0,False,False,"Data Quality Issue","price is not positive",False
"DBSL","Dadabhoy Sack Limited","ordinary_equity","PAPER, BOARD & PACKAGING",True,"non_compliant","2016-07-26","2024-09-26",149,0,0,0,0,0,False,0,False,False,"Not In Active Readiness Scope","Currently listed but not recently traded",False
"DCL","Dewan Cement Limited","ordinary_equity","CEMENT",True,"listed_recently_traded","2016-07-26","2026-08-05",2484,2435,2435,1704,365,366,True,2435,True,True,"Ready","Eligible active ordinary equity with sufficient usable history and complete split/scaler artifacts",True
"DCL-APR","","other","",False,"historical_only","2022-01-31","2026-04-24",169,0,0,0,0,0,False,0,False,False,"Not In Active Readiness Scope","Historical-only / not currently listed",False
"DCL-AUG","","other","",False,"historical_only","2021-07-26","2026-08-05",244,0,0,0,0,0,False,0,False,False,"Not In Active Readiness Scope","Historical-only / not currently listed",False
"DCL-CDEC","","unknown","",False,"historical_only","2021-09-27","2021-10-22",19,0,0,0,0,0,False,0,False,False,"Not In Active Readiness Scope","Historical-only / not currently listed",False
"DCL-CNOV","","unknown","",False,"historical_only","2021-08-30","2021-10-22",39,0,0,0,0,0,False,0,False,False,"Not In Active Readiness Scope","Historical-only / not currently listed",False
"DCL-COCT","","unknown","",False,"historical_only","2021-08-02","2021-10-22",57,0,0,0,0,0,False,0,False,False,"Not In Active Readiness Scope","Historical-only / not currently listed",False
"DCL-DEC","","other","",False,"historical_only","2021-09-27","2025-12-26",222,0,0,0,0,0,False,0,False,False,"Not In Active Readiness Scope","Historical-only / not currently listed",False
"DCL-FEB","","other","",False,"historical_only","2021-11-29","2026-02-27",179,0,0,0,0,0,False,0,False,False,"Not In Active Readiness Scope","Historical-only / not currently listed",False
"DCL-JAN","","other","",False,"historical_only","2021-11-01","2026-01-30",253,0,0,0,0,0,False,0,False,False,"Not In Active Readiness Scope","Historical-only / not currently listed",False
"DCL-JUL","","other","",False,"historical_only","2022-05-06","2026-07-31",230,0,0,0,0,0,False,0,False,False,"Not In Active Readiness Scope","Historical-only / not currently listed",False
"DCL-JUN","","other","",False,"historical_only","2022-03-28","2026-06-24",206,0,0,0,0,0,False,0,False,False,"Not In Active Readiness Scope","Historical-only / not currently listed",False
"DCL-MAR","","other","",False,"historical_only","2022-01-03","2026-03-27",171,0,0,0,0,0,False,0,False,False,"Not In Active Readiness Scope","Historical-only / not currently listed",False
"DCL-MAY","","other","",False,"historical_only","2022-02-28","2026-05-29",195,0,0,0,0,0,False,0,False,False,"Not In Active Readiness Scope","Historical-only / not currently listed",False
"DCL-NOV","","other","",False,"historical_only","2021-08-30","2025-11-28",257,0,0,0,0,0,False,0,False,False,"Not In Active Readiness Scope","Historical-only / not currently listed",False
"DCL-OCT","","other","",False,"historical_only","2021-09-21","2025-10-31",240,0,0,0,0,0,False,0,False,False,"Not In Active Readiness Scope","Historical-only / not currently listed",False
"DCL-ODL","","unknown","",False,"historical_only","2019-01-10","2020-04-10",273,0,0,0,0,0,False,0,False,False,"Not In Active Readiness Scope","Historical-only / not currently listed",False
"DCL-SEP","","other","",False,"historical_only","2021-08-23","2025-09-26",235,0,0,0,0,0,False,0,False,False,"Not In Active Readiness Scope","Historical-only / not currently listed",False
"DCR","Dolmen City REIT","other","REAL ESTATE INVESTMENT TRUST",True,"listed_recently_traded","2016-07-26","2026-08-05",2480,2431,2431,0,0,0,False,0,False,False,"Unsupported Security Type","Per-symbol training supports ordinary_equity only; found other",False
"DCR-APR","","other","",False,"historical_only","2019-03-25","2026-04-08",132,0,0,0,0,0,False,0,False,False,"Not In Active Readiness Scope","Historical-only / not currently listed",False
"DCR-APRB","","other","",False,"historical_only","2022-04-18","2026-04-22",26,0,0,0,0,0,False,0,False,False,"Not In Active Readiness Scope","Historical-only / not currently listed",False
"DCR-AUG","","other","",False,"historical_only","2019-07-22","2024-07-23",88,0,0,0,0,0,False,0,False,False,"Not In Active Readiness Scope","Historical-only / not currently listed",False
"DCR-AUGB","","other","",False,"historical_only","2022-07-13","2025-08-28",77,0,0,0,0,0,False,0,False,False,"Not In Active Readiness Scope","Historical-only / not currently listed",False
"DCR-CDEC","","unknown","",False,"historical_only","2021-09-27","2021-10-22",19,0,0,0,0,0,False,0,False,False,"Not In Active Readiness Scope","Historical-only / not currently listed",False
"DCR-CNOV","","unknown","",False,"historical_only","2021-08-30","2021-10-22",39,0,0,0,0,0,False,0,False,False,"Not In Active Readiness Scope","Historical-only / not currently listed",False
"DCR-COCT","","unknown","",False,"historical_only","2021-08-02","2021-10-22",57,0,0,0,0,0,False,0,False,False,"Not In Active Readiness Scope","Historical-only / not currently listed",False
"DCR-DEC","","other","",False,"historical_only","2018-11-26","2023-12-29",121,0,0,0,0,0,False,0,False,False,"Not In Active Readiness Scope","Historical-only / not currently listed",False
"DCR-DECB","","other","",False,"historical_only","2021-10-19","2025-12-23",94,0,0,0,0,0,False,0,False,False,"Not In Active Readiness Scope","Historical-only / not currently listed",False
"DCR-FEB","","other","",False,"historical_only","2019-01-21","2024-01-19",111,0,0,0,0,0,False,0,False,False,"Not In Active Readiness Scope","Historical-only / not currently listed",False
"DCR-FEBB","","other","",False,"historical_only","2022-01-24","2026-02-26",51,0,0,0,0,0,False,0,False,False,"Not In Active Readiness Scope","Historical-only / not currently listed",False
"DCR-JAN","","other","",False,"historical_only","2018-12-24","2025-12-23",213,0,0,0,0,0,False,0,False,False,"Not In Active Readiness Scope","Historical-only / not currently listed",False
"DCR-JANB","","other","",False,"historical_only","2025-01-15","2026-01-28",11,0,0,0,0,0,False,0,False,False,"Not In Active Readiness Scope","Historical-only / not currently listed",False
"DCR-JUL","","other","",False,"historical_only","2019-06-24","2025-07-17",133,0,0,0,0,0,False,0,False,False,"Not In Active Readiness Scope","Historical-only / not currently listed",False
"DCR-JULB","","other","",False,"historical_only","2022-07-13","2022-07-29",13,0,0,0,0,0,False,0,False,False,"Not In Active Readiness Scope","Historical-only / not currently listed",False
"DCR-JUN","","other","",False,"historical_only","2019-05-27","2025-06-26",48,0,0,0,0,0,False,0,False,False,"Not In Active Readiness Scope","Historical-only / not currently listed",False
"DCR-JUNB","","other","",False,"historical_only","2022-04-18","2024-06-28",94,0,0,0,0,0,False,0,False,False,"Not In Active Readiness Scope","Historical-only / not currently listed",False
"DCR-MAR","","other","",False,"historical_only","2019-02-18","2026-03-03",70,0,0,0,0,0,False,0,False,False,"Not In Active Readiness Scope","Historical-only / not currently listed",False
"DCR-MARB","","other","",False,"historical_only","2022-01-24","2024-03-29",91,0,0,0,0,0,False,0,False,False,"Not In Active Readiness Scope","Historical-only / not currently listed",False
"DCR-MAY","","other","",False,"historical_only","2019-04-22","2024-04-16",97,0,0,0,0,0,False,0,False,False,"Not In Active Readiness Scope","Historical-only / not currently listed",False
"DCR-MAYB","","other","",False,"historical_only","2022-04-18","2025-05-29",59,0,0,0,0,0,False,0,False,False,"Not In Active Readiness Scope","Historical-only / not currently listed",False
"DCR-NOV","","other","",False,"historical_only","2018-10-22","2025-10-08",139,0,0,0,0,0,False,0,False,False,"Not In Active Readiness Scope","Historical-only / not currently listed",False
"DCR-NOVB","","other","",False,"historical_only","2021-10-19","2025-11-17",51,0,0,0,0,0,False,0,False,False,"Not In Active Readiness Scope","Historical-only / not currently listed",False
"DCR-OCT","","other","",False,"historical_only","2018-09-24","2025-10-16",169,0,0,0,0,0,False,0,False,False,"Not In Active Readiness Scope","Historical-only / not currently listed",False
"DCR-OCTB","","other","",False,"historical_only","2021-10-25","2025-10-27",11,0,0,0,0,0,False,0,False,False,"Not In Active Readiness Scope","Historical-only / not currently listed",False
"DCR-ODL","","unknown","",False,"historical_only","2019-01-11","2020-04-10",224,0,0,0,0,0,False,0,False,False,"Not In Active Readiness Scope","Historical-only / not currently listed",False
"DCR-SEP","","other","",False,"historical_only","2018-08-27","2024-07-23",76,0,0,0,0,0,False,0,False,False,"Not In Active Readiness Scope","Historical-only / not currently listed",False
"DCR-SEPB","","other","",False,"historical_only","2022-07-13","2025-09-26",117,0,0,0,0,0,False,0,False,False,"Not In Active Readiness Scope","Historical-only / not currently listed",False
"DCTL","Dadabhoy Construction Technology Limited","ordinary_equity","MISCELLANEOUS",True,"non_compliant","2016-07-26","2024-09-26",149,0,0,0,0,0,False,0,False,False,"Not In Active Readiness Scope","Currently listed but not recently traded",False
"DEL","Dawood Equities Limited","ordinary_equity","INV. BANKS / INV. COS. / SECURITIES COS.",True,"listed_recently_traded","2016-07-26","2026-08-05",2095,0,0,0,0,0,False,0,False,False,"Data Quality Issue","price is not positive",False
"DEL-ODL","","unknown","",False,"historical_only","2019-01-10","2020-03-18",25,0,0,0,0,0,False,0,False,False,"Not In Active Readiness Scope","Historical-only / not currently listed",False
"DFML","Dewan Farooque Motors Limited","ordinary_equity","AUTOMOBILE ASSEMBLER",True,"listed_recently_traded","2016-07-26","2026-08-05",2484,2435,2435,1704,365,366,True,2435,True,True,"Ready","Eligible active ordinary equity with sufficient usable history and complete split/scaler artifacts",True
"DFML-APR","","other","",False,"historical_only","2024-01-29","2025-04-25",82,0,0,0,0,0,False,0,False,False,"Not In Active Readiness Scope","Historical-only / not currently listed",False
"DFML-AUG","","other","",False,"historical_only","2023-08-01","2025-08-29",112,0,0,0,0,0,False,0,False,False,"Not In Active Readiness Scope","Historical-only / not currently listed",False
"DFML-DEC","","other","",False,"historical_only","2023-10-02","2025-12-26",116,0,0,0,0,0,False,0,False,False,"Not In Active Readiness Scope","Historical-only / not currently listed",False
"DFML-FEB","","other","",False,"historical_only","2023-11-27","2026-02-27",119,0,0,0,0,0,False,0,False,False,"Not In Active Readiness Scope","Historical-only / not currently listed",False
"DFML-JAN","","other","",False,"historical_only","2023-10-30","2026-01-30",124,0,0,0,0,0,False,0,False,False,"Not In Active Readiness Scope","Historical-only / not currently listed",False
"DFML-JUL","","other","",False,"historical_only","2024-04-29","2025-07-25",87,0,0,0,0,0,False,0,False,False,"Not In Active Readiness Scope","Historical-only / not currently listed",False
"DFML-JUN","","other","",False,"historical_only","2024-04-01","2025-06-27",80,0,0,0,0,0,False,0,False,False,"Not In Active Readiness Scope","Historical-only / not currently listed",False
"DFML-MAR","","other","",False,"historical_only","2024-01-01","2025-03-27",91,0,0,0,0,0,False,0,False,False,"Not In Active Readiness Scope","Historical-only / not currently listed",False
"DFML-MAY","","other","",False,"historical_only","2024-02-26","2025-05-30",91,0,0,0,0,0,False,0,False,False,"Not In Active Readiness Scope","Historical-only / not currently listed",False
"DFML-NOV","","other","",False,"historical_only","2023-08-28","2025-11-28",141,0,0,0,0,0,False,0,False,False,"Not In Active Readiness Scope","Historical-only / not currently listed",False
"DFML-OCT","","other","",False,"historical_only","2023-08-01","2025-10-31",157,0,0,0,0,0,False,0,False,False,"Not In Active Readiness Scope","Historical-only / not currently listed",False
"DFML-ODL","","unknown","",False,"historical_only","2019-01-10","2020-04-09",223,0,0,0,0,0,False,0,False,False,"Not In Active Readiness Scope","Historical-only / not currently listed",False
"DFML-SEP","","other","",False,"historical_only","2023-08-01","2025-09-26",131,0,0,0,0,0,False,0,False,False,"Not In Active Readiness Scope","Historical-only / not currently listed",False
"DFSM","Dewan Farooque Spinning Mills Limited","ordinary_equity","TEXTILE SPINNING",True,"listed_recently_traded","2016-07-26","2026-08-05",2474,0,0,0,0,0,False,0,False,False,"Data Quality Issue","price is not positive",False
"DFSM-ODL","","unknown","",False,"historical_only","2019-01-10","2020-03-18",35,0,0,0,0,0,False,0,False,False,"Not In Active Readiness Scope","Historical-only / not currently listed",False
"DGKC","D.G. Khan Cement Company Limited","ordinary_equity","CEMENT",True,"listed_recently_traded","2016-07-26","2026-08-05",2484,2435,2435,1704,365,366,True,2435,True,True,"Ready","Eligible active ordinary equity with sufficient usable history and complete split/scaler artifacts",True
"DGKC-APR","","other","",False,"historical_only","2017-03-27","2026-04-24",364,0,0,0,0,0,False,0,False,False,"Not In Active Readiness Scope","Historical-only / not currently listed",False
"DGKC-AUG","","other","",False,"historical_only","2017-07-24","2026-08-05",343,0,0,0,0,0,False,0,False,False,"Not In Active Readiness Scope","Historical-only / not currently listed",False
"DGKC-CAPR","","unknown","",False,"historical_only","2017-01-30","2021-04-30",312,0,0,0,0,0,False,0,False,False,"Not In Active Readiness Scope","Historical-only / not currently listed",False
"DGKC-CAUG","","unknown","",False,"historical_only","2017-05-29","2021-08-27",302,0,0,0,0,0,False,0,False,False,"Not In Active Readiness Scope","Historical-only / not currently listed",False
"DGKC-CDEC","","unknown","",False,"historical_only","2017-10-02","2021-10-22",272,0,0,0,0,0,False,0,False,False,"Not In Active Readiness Scope","Historical-only / not currently listed",False
"DGKC-CFEB","","unknown","",False,"historical_only","2017-01-02","2021-02-26",285,0,0,0,0,0,False,0,False,False,"Not In Active Readiness Scope","Historical-only / not currently listed",False
"DGKC-CJAN","","unknown","",False,"historical_only","2017-01-02","2021-01-29",278,0,0,0,0,0,False,0,False,False,"Not In Active Readiness Scope","Historical-only / not currently listed",False
"DGKC-CJUL","","unknown","",False,"historical_only","2017-05-02","2021-07-30",299,0,0,0,0,0,False,0,False,False,"Not In Active Readiness Scope","Historical-only / not currently listed",False
"DGKC-CJUN","","unknown","",False,"historical_only","2017-04-03","2021-06-25",299,0,0,0,0,0,False,0,False,False,"Not In Active Readiness Scope","Historical-only / not currently listed",False
"DGKC-CMAR","","unknown","",False,"historical_only","2017-01-02","2021-03-26",314,0,0,0,0,0,False,0,False,False,"Not In Active Readiness Scope","Historical-only / not currently listed",False
"DGKC-CMAY","","unknown","",False,"historical_only","2017-02-27","2021-05-28",311,0,0,0,0,0,False,0,False,False,"Not In Active Readiness Scope","Historical-only / not currently listed",False
"DGKC-CNOV","","unknown","",False,"historical_only","2017-08-28","2021-10-22",291,0,0,0,0,0,False,0,False,False,"Not In Active Readiness Scope","Historical-only / not currently listed",False
"DGKC-COCT","","unknown","",False,"historical_only","2017-07-31","2021-10-22",300,0,0,0,0,0,False,0,False,False,"Not In Active Readiness Scope","Historical-only / not currently listed",False
"DGKC-CSEP","","unknown","",False,"historical_only","2017-07-03","2021-09-24",302,0,0,0,0,0,False,0,False,False,"Not In Active Readiness Scope","Historical-only / not currently listed",False
"DGKC-DEC","","other","",False,"historical_only","2017-11-20","2025-12-26",314,0,0,0,0,0,False,0,False,False,"Not In Active Readiness Scope","Historical-only / not currently listed",False
"DGKC-FEB","","other","",False,"historical_only","2017-01-23","2026-02-27",371,0,0,0,0,0,False,0,False,False,"Not In Active Readiness Scope","Historical-only / not currently listed",False
"DGKC-JAN","","other","",False,"historical_only","2017-01-02","2026-01-30",377,0,0,0,0,0,False,0,False,False,"Not In Active Readiness Scope","Historical-only / not currently listed",False
"DGKC-JUL","","other","",False,"historical_only","2017-06-29","2026-07-31",360,0,0,0,0,0,False,0,False,False,"Not In Active Readiness Scope","Historical-only / not currently listed",False
"DGKC-JUN","","other","",False,"historical_only","2017-05-22","2026-06-24",351,0,0,0,0,0,False,0,False,False,"Not In Active Readiness Scope","Historical-only / not currently listed",False
"DGKC-MAR","","other","",False,"historical_only","2017-02-20","2026-03-27",375,0,0,0,0,0,False,0,False,False,"Not In Active Readiness Scope","Historical-only / not currently listed",False
"DGKC-MAY","","other","",False,"historical_only","2017-04-24","2026-05-29",359,0,0,0,0,0,False,0,False,False,"Not In Active Readiness Scope","Historical-only / not currently listed",False
"DGKC-NOV","","other","",False,"historical_only","2017-10-23","2024-11-29",244,0,0,0,0,0,False,0,False,False,"Not In Active Readiness Scope","Historical-only / not currently listed",False
"DGKC-NOVB","","other","",False,"historical_only","2021-09-27","2025-11-28",101,0,0,0,0,0,False,0,False,False,"Not In Active Readiness Scope","Historical-only / not currently listed",False
"DGKC-OCT","","other","",False,"historical_only","2017-09-25","2025-09-26",294,0,0,0,0,0,False,0,False,False,"Not In Active Readiness Scope","Historical-only / not currently listed",False
"DGKC-OCTB","","other","",False,"historical_only","2021-08-30","2025-10-31",80,0,0,0,0,0,False,0,False,False,"Not In Active Readiness Scope","Historical-only / not currently listed",False
"DGKC-ODL","","unknown","",False,"historical_only","2019-01-10","2020-04-10",309,0,260,0,0,0,False,0,False,False,"Not In Active Readiness Scope","Historical-only / not currently listed",False
"DGKC-SEP","","other","",False,"historical_only","2017-08-21","2025-09-26",344,0,0,0,0,0,False,0,False,False,"Not In Active Readiness Scope","Historical-only / not currently listed",False
"DHPL","","unknown","",False,"historical_only","2025-02-03","2026-03-11",276,0,227,0,0,0,False,0,False,False,"Not In Active Readiness Scope","Historical-only / not currently listed",False
"DIIL","Diamond Industries Limited","ordinary_equity","MISCELLANEOUS",True,"listed_recently_traded","2016-07-26","2026-08-05",610,0,0,0,0,0,False,0,False,False,"Data Quality Issue","price is not positive",False
"DINT","Din Textile Mills Limited","ordinary_equity","TEXTILE SPINNING",True,"listed_recently_traded","2016-07-26","2026-08-05",995,0,0,0,0,0,False,0,False,False,"Data Quality Issue","price is not positive",False
"DINT-ODL","","unknown","",False,"historical_only","2019-01-23","2020-04-10",74,0,0,0,0,0,False,0,False,False,"Not In Active Readiness Scope","Historical-only / not currently listed",False
"DINTR","","unknown","",False,"historical_only","2020-01-22","2020-02-12",12,0,0,0,0,0,False,0,False,False,"Not In Active Readiness Scope","Historical-only / not currently listed",False
"DINTR-ODL","","unknown","",False,"historical_only","2020-01-21","2020-02-12",16,0,0,0,0,0,False,0,False,False,"Not In Active Readiness Scope","Historical-only / not currently listed",False
"DKL","","unknown","",False,"historical_only","2016-07-26","2022-01-11",998,0,0,0,0,0,False,0,False,False,"Not In Active Readiness Scope","Historical-only / not currently listed",False
"DKL-ODL","","unknown","",False,"historical_only","2019-01-14","2020-04-02",43,0,0,0,0,0,False,0,False,False,"Not In Active Readiness Scope","Historical-only / not currently listed",False
"DKTM","Dewan Khalid Textile Mills Limited","ordinary_equity","TEXTILE SPINNING",True,"non_compliant","2016-07-26","2024-09-26",350,0,0,0,0,0,False,0,False,False,"Not In Active Readiness Scope","Currently listed but not recently traded",False
"DKTM-ODL","","unknown","",False,"historical_only","2019-01-23","2019-04-30",10,0,0,0,0,0,False,0,False,False,"Not In Active Readiness Scope","Historical-only / not currently listed",False
"DLL","Dawood Lawrencepur Limited","ordinary_equity","INV. BANKS / INV. COS. / SECURITIES COS.",True,"listed_recently_traded","2016-07-26","2026-08-05",1709,0,0,0,0,0,False,0,False,False,"Data Quality Issue","price is not positive",False
"DLL-ODL","","unknown","",False,"historical_only","2019-01-11","2020-04-09",67,0,0,0,0,0,False,0,False,False,"Not In Active Readiness Scope","Historical-only / not currently listed",False
"DMC","D.M. Corporation Limited.","ordinary_equity","TEXTILE SPINNING",True,"listed_recently_traded","2016-07-26","2026-08-05",581,0,0,0,0,0,False,0,False,False,"Data Quality Issue","price is not positive",False
"DMIL","","unknown","",False,"historical_only","2020-03-04","2021-01-08",41,0,0,0,0,0,False,0,False,False,"Not In Active Readiness Scope","Historical-only / not currently listed",False
"DMTM","Dewan Mushtaq Textile Mills Limited","ordinary_equity","TEXTILE SPINNING",True,"non_compliant","2016-07-26","2025-11-14",585,0,0,0,0,0,False,0,False,False,"Not In Active Readiness Scope","Currently listed but not recently traded",False
"DMTM-ODL","","unknown","",False,"historical_only","2019-01-10","2019-04-30",13,0,0,0,0,0,False,0,False,False,"Not In Active Readiness Scope","Historical-only / not currently listed",False
"DMTX","","unknown","",False,"historical_only","2016-07-26","2025-05-29",340,0,0,0,0,0,False,0,False,False,"Not In Active Readiness Scope","Historical-only / not currently listed",False
"DMTX-ODL","","unknown","",False,"historical_only","2019-01-23","2019-01-23",1,0,0,0,0,0,False,0,False,False,"Not In Active Readiness Scope","Historical-only / not currently listed",False
"DNCC","Dandot Cement Company Limited","ordinary_equity","CEMENT",True,"listed_recently_traded","2016-07-26","2026-08-05",1890,0,0,0,0,0,False,0,False,False,"Data Quality Issue","price is not positive",False
"DNCC-ODL","","unknown","",False,"historical_only","2019-01-23","2020-03-18",44,0,0,0,0,0,False,0,False,False,"Not In Active Readiness Scope","Historical-only / not currently listed",False
"DNCCR","","unknown","",False,"historical_only","2021-07-01","2021-07-23",14,0,0,0,0,0,False,0,False,False,"Not In Active Readiness Scope","Historical-only / not currently listed",False
"DOL","Descon Oxychem Limited","ordinary_equity","CHEMICAL",True,"listed_recently_traded","2016-07-26","2026-08-05",2484,2435,2435,1704,365,366,True,2435,True,True,"Ready","Eligible active ordinary equity with sufficient usable history and complete split/scaler artifacts",True
"DOL-APR","","other","",False,"historical_only","2018-03-26","2024-04-26",132,0,0,0,0,0,False,0,False,False,"Not In Active Readiness Scope","Historical-only / not currently listed",False
"DOL-AUG","","other","",False,"historical_only","2018-07-23","2023-08-25",157,0,0,0,0,0,False,0,False,False,"Not In Active Readiness Scope","Historical-only / not currently listed",False
"DOL-CAPR","","unknown","",False,"historical_only","2019-01-28","2019-04-26",64,0,0,0,0,0,False,0,False,False,"Not In Active Readiness Scope","Historical-only / not currently listed",False
"DOL-CAUG","","unknown","",False,"historical_only","2019-06-03","2019-08-30",57,0,0,0,0,0,False,0,False,False,"Not In Active Readiness Scope","Historical-only / not currently listed",False
"DOL-CDEC","","unknown","",False,"historical_only","2018-10-01","2021-10-22",146,0,0,0,0,0,False,0,False,False,"Not In Active Readiness Scope","Historical-only / not currently listed",False
"DOL-CFEB","","unknown","",False,"historical_only","2018-12-04","2019-02-22",56,0,0,0,0,0,False,0,False,False,"Not In Active Readiness Scope","Historical-only / not currently listed",False
"DOL-CJAN","","unknown","",False,"historical_only","2018-10-29","2019-01-25",62,0,0,0,0,0,False,0,False,False,"Not In Active Readiness Scope","Historical-only / not currently listed",False
"DOL-CJUL","","unknown","",False,"historical_only","2019-04-29","2019-07-26",59,0,0,0,0,0,False,0,False,False,"Not In Active Readiness Scope","Historical-only / not currently listed",False
"DOL-CJUN","","unknown","",False,"historical_only","2019-04-01","2019-06-28",59,0,0,0,0,0,False,0,False,False,"Not In Active Readiness Scope","Historical-only / not currently listed",False
"DOL-CMAR","","unknown","",False,"historical_only","2019-01-01","2019-03-29",63,0,0,0,0,0,False,0,False,False,"Not In Active Readiness Scope","Historical-only / not currently listed",False
"DOL-CMAY","","unknown","",False,"historical_only","2019-02-25","2019-05-30",68,0,0,0,0,0,False,0,False,False,"Not In Active Readiness Scope","Historical-only / not currently listed",False
"DOL-CNOV","","unknown","",False,"historical_only","2018-09-03","2021-10-22",164,0,0,0,0,0,False,0,False,False,"Not In Active Readiness Scope","Historical-only / not currently listed",False
"DOL-COCT","","unknown","",False,"historical_only","2019-07-29","2021-10-22",116,0,0,0,0,0,False,0,False,False,"Not In Active Readiness Scope","Historical-only / not currently listed",False
"DOL-CSEP","","unknown","",False,"historical_only","2019-07-01","2019-09-27",59,0,0,0,0,0,False,0,False,False,"Not In Active Readiness Scope","Historical-only / not currently listed",False
"DOL-DEC","","other","",False,"historical_only","2018-11-26","2023-12-29",172,0,0,0,0,0,False,0,False,False,"Not In Active Readiness Scope","Historical-only / not currently listed",False
"DOL-FEB","","other","",False,"historical_only","2018-01-22","2024-02-23",157,0,0,0,0,0,False,0,False,False,"Not In Active Readiness Scope","Historical-only / not currently listed",False
"DOL-JAN","","other","",False,"historical_only","2018-12-24","2024-01-26",144,0,0,0,0,0,False,0,False,False,"Not In Active Readiness Scope","Historical-only / not currently listed",False
"DOL-JUL","","other","",False,"historical_only","2018-06-25","2024-07-26",193,0,0,0,0,0,False,0,False,False,"Not In Active Readiness Scope","Historical-only / not currently listed",False
"DOL-JUN","","other","",False,"historical_only","2018-05-21","2024-06-28",163,0,0,0,0,0,False,0,False,False,"Not In Active Readiness Scope","Historical-only / not currently listed",False
"DOL-MAR","","other","",False,"historical_only","2018-02-19","2024-03-29",146,0,0,0,0,0,False,0,False,False,"Not In Active Readiness Scope","Historical-only / not currently listed",False
"DOL-MAY","","other","",False,"historical_only","2018-04-23","2024-05-31",159,0,0,0,0,0,False,0,False,False,"Not In Active Readiness Scope","Historical-only / not currently listed",False
"DOL-NOV","","other","",False,"historical_only","2018-10-22","2023-09-28",107,0,0,0,0,0,False,0,False,False,"Not In Active Readiness Scope","Historical-only / not currently listed",False
"DOL-NOVB","","other","",False,"historical_only","2021-09-27","2023-11-24",72,0,0,0,0,0,False,0,False,False,"Not In Active Readiness Scope","Historical-only / not currently listed",False
"DOL-OCT","","other","",False,"historical_only","2018-09-24","2023-09-28",128,0,0,0,0,0,False,0,False,False,"Not In Active Readiness Scope","Historical-only / not currently listed",False
"DOL-OCTB","","other","",False,"historical_only","2021-09-28","2023-10-27",43,0,0,0,0,0,False,0,False,False,"Not In Active Readiness Scope","Historical-only / not currently listed",False
"DOL-ODL","","unknown","",False,"historical_only","2019-01-10","2020-04-10",247,0,0,0,0,0,False,0,False,False,"Not In Active Readiness Scope","Historical-only / not currently listed",False
"DOL-SEP","","other","",False,"historical_only","2018-08-27","2023-09-28",156,0,0,0,0,0,False,0,False,False,"Not In Active Readiness Scope","Historical-only / not currently listed",False
"DOLCPS","","unknown","",False,"historical_only","2017-02-20","2018-07-16",14,0,0,0,0,0,False,0,False,False,"Not In Active Readiness Scope","Historical-only / not currently listed",False
"DOMF","","unknown","",False,"historical_only","2021-10-25","2021-10-29",2,0,0,0,0,0,False,0,False,False,"Not In Active Readiness Scope","Historical-only / not currently listed",False
"DSFL","Dewan Salman Fibre Limited","ordinary_equity","SYNTHETIC & RAYON",True,"non_compliant","2016-07-26","2024-09-26",413,0,0,0,0,0,False,0,False,False,"Not In Active Readiness Scope","Currently listed but not recently traded",False
"DSFL-NOV","","other","",False,"historical_only","2021-08-30","2021-08-30",1,0,0,0,0,0,False,0,False,False,"Not In Active Readiness Scope","Historical-only / not currently listed",False
"DSFL-OCTB","","other","",False,"historical_only","2021-08-30","2021-08-30",1,0,0,0,0,0,False,0,False,False,"Not In Active Readiness Scope","Historical-only / not currently listed",False
"DSIL","D.S. Industries Limited","ordinary_equity","TEXTILE SPINNING",True,"listed_recently_traded","2016-07-26","2026-08-05",2475,0,0,0,0,0,False,0,False,False,"Data Quality Issue","price is not positive",False
"DSIL-ODL","","unknown","",False,"historical_only","2019-01-10","2020-03-18",72,0,0,0,0,0,False,0,False,False,"Not In Active Readiness Scope","Historical-only / not currently listed",False
"DSL","Dost Steels Limited","ordinary_equity","ENGINEERING",True,"non_compliant","2016-07-26","2026-08-05",2484,2435,2435,1704,365,366,True,2435,True,True,"Ready","Eligible active ordinary equity with sufficient usable history and complete split/scaler artifacts",True
"DSL-ODL","","unknown","",False,"historical_only","2019-01-10","2020-04-07",221,0,0,0,0,0,False,0,False,False,"Not In Active Readiness Scope","Historical-only / not currently listed",False
"DSML","","unknown","",False,"historical_only","2016-07-26","2024-12-27",502,0,0,0,0,0,False,0,False,False,"Not In Active Readiness Scope","Historical-only / not currently listed",False
"DSML-ODL","","unknown","",False,"historical_only","2019-01-23","2020-03-18",18,0,0,0,0,0,False,0,False,False,"Not In Active Readiness Scope","Historical-only / not currently listed",False
"DWAE","Dewan Automotive Engineering Limited","ordinary_equity","AUTOMOBILE PARTS & ACCESSORIES",True,"non_compliant","2016-07-26","2026-08-05",670,0,0,0,0,0,False,0,False,False,"Data Quality Issue","price is not positive",False
"DWSM","Dewan Sugar Mills Limited","ordinary_equity","SUGAR & ALLIED INDUSTRIES",True,"non_compliant","2016-07-26","2026-08-05",2268,0,0,0,0,0,False,0,False,False,"Data Quality Issue","price is not positive",False
"DWSM-ODL","","unknown","",False,"historical_only","2019-01-11","2020-04-02",48,0,0,0,0,0,False,0,False,False,"Not In Active Readiness Scope","Historical-only / not currently listed",False
"DWTM","Dewan Textile Mills Limited","ordinary_equity","TEXTILE SPINNING",True,"non_compliant","2016-07-26","2026-08-05",1212,0,0,0,0,0,False,0,False,False,"Data Quality Issue","price is not positive",False
"DWTM-ODL","","unknown","",False,"historical_only","2019-01-10","2020-03-18",20,0,0,0,0,0,False,0,False,False,"Not In Active Readiness Scope","Historical-only / not currently listed",False
"DYNO","Dynea Pakistan Limited","ordinary_equity","CHEMICAL",True,"listed_recently_traded","2016-07-26","2026-08-05",2298,0,0,0,0,0,False,0,False,False,"Data Quality Issue","price is not positive",False
"DYNO-ODL","","unknown","",False,"historical_only","2019-01-10","2020-04-10",163,0,0,0,0,0,False,0,False,False,"Not In Active Readiness Scope","Historical-only / not currently listed",False
"ECOP","Ecopack Limited","ordinary_equity","MISCELLANEOUS",True,"listed_recently_traded","2016-07-26","2026-08-05",2348,0,0,0,0,0,False,0,False,False,"Data Quality Issue","price is not positive",False
"ECOP-ODL","","unknown","",False,"historical_only","2019-01-10","2020-04-07",187,0,0,0,0,0,False,0,False,False,"Not In Active Readiness Scope","Historical-only / not currently listed",False
"EFERT","Engro Fertilizers Limited","ordinary_equity","FERTILIZER",True,"listed_recently_traded","2016-07-26","2026-08-05",2484,2435,2435,1704,365,366,True,2435,True,True,"Ready","Eligible active ordinary equity with sufficient usable history and complete split/scaler artifacts",True
"EFERT-APR","","other","",False,"historical_only","2017-03-27","2026-03-13",188,0,0,0,0,0,False,0,False,False,"Not In Active Readiness Scope","Historical-only / not currently listed",False
"EFERT-APRB","","other","",False,"historical_only","2022-02-28","2026-04-24",175,0,0,0,0,0,False,0,False,False,"Not In Active Readiness Scope","Historical-only / not currently listed",False
"EFERT-AUG","","other","",False,"historical_only","2017-07-24","2026-08-05",292,0,0,0,0,0,False,0,False,False,"Not In Active Readiness Scope","Historical-only / not currently listed",False
"EFERT-AUGB","","other","",False,"historical_only","2023-07-31","2026-08-05",60,0,0,0,0,0,False,0,False,False,"Not In Active Readiness Scope","Historical-only / not currently listed",False
"EFERT-CAPR","","unknown","",False,"historical_only","2017-01-30","2021-04-30",312,0,0,0,0,0,False,0,False,False,"Not In Active Readiness Scope","Historical-only / not currently listed",False
"EFERT-CAUG","","unknown","",False,"historical_only","2017-05-29","2021-08-27",302,0,0,0,0,0,False,0,False,False,"Not In Active Readiness Scope","Historical-only / not currently listed",False
"EFERT-CDEC","","unknown","",False,"historical_only","2017-10-02","2021-10-22",272,0,0,0,0,0,False,0,False,False,"Not In Active Readiness Scope","Historical-only / not currently listed",False
"EFERT-CFEB","","unknown","",False,"historical_only","2017-01-02","2021-02-26",285,0,0,0,0,0,False,0,False,False,"Not In Active Readiness Scope","Historical-only / not currently listed",False
"EFERT-CJAN","","unknown","",False,"historical_only","2017-01-02","2026-01-22",289,0,0,0,0,0,False,0,False,False,"Not In Active Readiness Scope","Historical-only / not currently listed",False
"EFERT-CJUL","","unknown","",False,"historical_only","2017-05-02","2021-07-30",299,0,0,0,0,0,False,0,False,False,"Not In Active Readiness Scope","Historical-only / not currently listed",False
"EFERT-CJUN","","unknown","",False,"historical_only","2017-04-03","2021-06-25",299,0,0,0,0,0,False,0,False,False,"Not In Active Readiness Scope","Historical-only / not currently listed",False
"EFERT-CMAR","","unknown","",False,"historical_only","2017-01-02","2021-03-26",314,0,0,0,0,0,False,0,False,False,"Not In Active Readiness Scope","Historical-only / not currently listed",False
"EFERT-CMAY","","unknown","",False,"historical_only","2017-02-27","2021-05-28",311,0,0,0,0,0,False,0,False,False,"Not In Active Readiness Scope","Historical-only / not currently listed",False
"EFERT-CNOV","","unknown","",False,"historical_only","2017-08-28","2021-10-22",291,0,0,0,0,0,False,0,False,False,"Not In Active Readiness Scope","Historical-only / not currently listed",False
"EFERT-COCT","","unknown","",False,"historical_only","2017-07-31","2021-10-22",300,0,0,0,0,0,False,0,False,False,"Not In Active Readiness Scope","Historical-only / not currently listed",False
"EFERT-CSEP","","unknown","",False,"historical_only","2017-07-03","2021-09-24",302,0,0,0,0,0,False,0,False,False,"Not In Active Readiness Scope","Historical-only / not currently listed",False
"EFERT-DEC","","other","",False,"historical_only","2017-11-20","2023-10-19",127,0,0,0,0,0,False,0,False,False,"Not In Active Readiness Scope","Historical-only / not currently listed",False
"EFERT-DECB","","other","",False,"historical_only","2021-10-25","2025-12-26",192,0,0,0,0,0,False,0,False,False,"Not In Active Readiness Scope","Historical-only / not currently listed",False
"EFERT-FEB","","other","",False,"historical_only","2017-01-23","2026-02-27",367,0,0,0,0,0,False,0,False,False,"Not In Active Readiness Scope","Historical-only / not currently listed",False
"EFERT-JAN","","other","",False,"historical_only","2017-01-02","2026-01-30",367,0,0,0,0,0,False,0,False,False,"Not In Active Readiness Scope","Historical-only / not currently listed",False
"EFERT-JUL","","other","",False,"historical_only","2017-06-29","2026-07-31",356,0,0,0,0,0,False,0,False,False,"Not In Active Readiness Scope","Historical-only / not currently listed",False
"EFERT-JUN","","other","",False,"historical_only","2017-05-22","2024-04-26",168,0,0,0,0,0,False,0,False,False,"Not In Active Readiness Scope","Historical-only / not currently listed",False
"EFERT-JUNB","","other","",False,"historical_only","2022-04-20","2026-06-24",184,0,0,0,0,0,False,0,False,False,"Not In Active Readiness Scope","Historical-only / not currently listed",False
"EFERT-MAR","","other","",False,"historical_only","2017-02-20","2026-03-13",289,0,0,0,0,0,False,0,False,False,"Not In Active Readiness Scope","Historical-only / not currently listed",False
"EFERT-MARB","","other","",False,"historical_only","2022-02-28","2026-03-27",103,0,0,0,0,0,False,0,False,False,"Not In Active Readiness Scope","Historical-only / not currently listed",False
"EFERT-MAY","","other","",False,"historical_only","2017-04-24","2024-04-26",236,0,0,0,0,0,False,0,False,False,"Not In Active Readiness Scope","Historical-only / not currently listed",False
"EFERT-MAYB","","other","",False,"historical_only","2022-04-20","2026-04-24",87,0,0,0,0,0,False,0,False,False,"Not In Active Readiness Scope","Historical-only / not currently listed",False
"EFERT-MAYC","","other","",False,"historical_only","2025-04-23","2026-05-29",50,1,1,0,0,0,False,0,False,False,"Not In Active Readiness Scope","Historical-only / not currently listed",False
"EFERT-NOV","","other","",False,"historical_only","2017-10-23","2025-10-22",206,0,0,0,0,0,False,0,False,False,"Not In Active Readiness Scope","Historical-only / not currently listed",False
"EFERT-NOVB","","other","",False,"historical_only","2021-10-25","2025-11-28",122,0,0,0,0,0,False,0,False,False,"Not In Active Readiness Scope","Historical-only / not currently listed",False
"EFERT-OCT","","other","",False,"historical_only","2017-09-25","2025-07-30",226,0,0,0,0,0,False,0,False,False,"Not In Active Readiness Scope","Historical-only / not currently listed",False
"EFERT-OCTB","","other","",False,"historical_only","2021-08-30","2025-10-22",120,0,0,0,0,0,False,0,False,False,"Not In Active Readiness Scope","Historical-only / not currently listed",False
"EFERT-OCTC","","other","",False,"historical_only","2021-10-22","2025-10-31",11,0,0,0,0,0,False,0,False,False,"Not In Active Readiness Scope","Historical-only / not currently listed",False
"EFERT-ODL","","unknown","",False,"historical_only","2019-01-10","2020-03-20",295,0,246,0,0,0,False,0,False,False,"Not In Active Readiness Scope","Historical-only / not currently listed",False
"EFERT-SEP","","other","",False,"historical_only","2017-08-21","2025-08-05",225,0,0,0,0,0,False,0,False,False,"Not In Active Readiness Scope","Historical-only / not currently listed",False
"EFERT-SEPB","","other","",False,"historical_only","2021-09-03","2025-09-26",112,0,0,0,0,0,False,0,False,False,"Not In Active Readiness Scope","Historical-only / not currently listed",False
"EFGH","","unknown","",False,"historical_only","2017-05-29","2024-11-22",1280,0,0,0,0,0,False,0,False,False,"Not In Active Readiness Scope","Historical-only / not currently listed",False
"EFGH-ODL","","unknown","",False,"historical_only","2019-01-17","2020-04-10",69,0,0,0,0,0,False,0,False,False,"Not In Active Readiness Scope","Historical-only / not currently listed",False
"EFOODS","","unknown","",False,"historical_only","2016-07-26","2019-07-10",733,0,684,0,0,0,False,0,False,False,"Not In Active Readiness Scope","Historical-only / not currently listed",False
"EFOODS-APR","","other","",False,"historical_only","2017-03-27","2019-04-26",75,26,26,0,0,0,False,0,False,False,"Not In Active Readiness Scope","Historical-only / not currently listed",False
"EFOODS-AUG","","other","",False,"historical_only","2017-07-24","2018-08-31",49,0,0,0,0,0,False,0,False,False,"Not In Active Readiness Scope","Historical-only / not currently listed",False
"EFOODS-CAPR","","unknown","",False,"historical_only","2017-01-30","2018-04-27",127,0,0,0,0,0,False,0,False,False,"Not In Active Readiness Scope","Historical-only / not currently listed",False
"EFOODS-CAUG","","unknown","",False,"historical_only","2017-05-29","2019-07-10",146,0,0,0,0,0,False,0,False,False,"Not In Active Readiness Scope","Historical-only / not currently listed",False
"EFOODS-CDEC","","unknown","",False,"historical_only","2017-10-02","2018-12-28",126,0,0,0,0,0,False,0,False,False,"Not In Active Readiness Scope","Historical-only / not currently listed",False
"EFOODS-CFEB","","unknown","",False,"historical_only","2017-01-02","2019-02-22",159,0,0,0,0,0,False,0,False,False,"Not In Active Readiness Scope","Historical-only / not currently listed",False
"EFOODS-CJAN","","unknown","",False,"historical_only","2017-01-02","2019-01-25",145,0,0,0,0,0,False,0,False,False,"Not In Active Readiness Scope","Historical-only / not currently listed",False
"EFOODS-CJUL","","unknown","",False,"historical_only","2017-05-02","2018-07-27",120,0,0,0,0,0,False,0,False,False,"Not In Active Readiness Scope","Historical-only / not currently listed",False
"EFOODS-CJUN","","unknown","",False,"historical_only","2017-04-03","2018-06-29",121,0,0,0,0,0,False,0,False,False,"Not In Active Readiness Scope","Historical-only / not currently listed",False
"EFOODS-CMAR","","unknown","",False,"historical_only","2017-01-02","2018-03-30",127,0,0,0,0,0,False,0,False,False,"Not In Active Readiness Scope","Historical-only / not currently listed",False
"EFOODS-CMAY","","unknown","",False,"historical_only","2017-02-27","2018-05-25",126,0,0,0,0,0,False,0,False,False,"Not In Active Readiness Scope","Historical-only / not currently listed",False
"EFOODS-CNOV","","unknown","",False,"historical_only","2017-08-28","2021-08-30",126,0,0,0,0,0,False,0,False,False,"Not In Active Readiness Scope","Historical-only / not currently listed",False
"EFOODS-COCT","","unknown","",False,"historical_only","2017-07-31","2018-10-26",121,0,0,0,0,0,False,0,False,False,"Not In Active Readiness Scope","Historical-only / not currently listed",False
"EFOODS-CSEP","","unknown","",False,"historical_only","2017-07-03","2019-07-10",128,0,0,0,0,0,False,0,False,False,"Not In Active Readiness Scope","Historical-only / not currently listed",False
"EFOODS-DEC","","other","",False,"historical_only","2017-11-20","2018-12-28",52,3,3,0,0,0,False,0,False,False,"Not In Active Readiness Scope","Historical-only / not currently listed",False
"EFOODS-FEB","","other","",False,"historical_only","2017-01-23","2019-02-22",73,24,24,0,0,0,False,0,False,False,"Not In Active Readiness Scope","Historical-only / not currently listed",False
"EFOODS-JAN","","other","",False,"historical_only","2017-01-02","2019-01-25",67,18,18,0,0,0,False,0,False,False,"Not In Active Readiness Scope","Historical-only / not currently listed",False
"EFOODS-JUL","","other","",False,"historical_only","2017-06-29","2019-07-10",59,10,10,0,0,0,False,0,False,False,"Not In Active Readiness Scope","Historical-only / not currently listed",False
"EFOODS-JUN","","other","",False,"historical_only","2017-05-22","2019-06-28",73,24,24,0,0,0,False,0,False,False,"Not In Active Readiness Scope","Historical-only / not currently listed",False
"EFOODS-MAR","","other","",False,"historical_only","2017-02-20","2019-03-29",88,39,39,0,0,0,False,0,False,False,"Not In Active Readiness Scope","Historical-only / not currently listed",False
"EFOODS-MAY","","other","",False,"historical_only","2017-04-24","2019-05-30",76,27,27,0,0,0,False,0,False,False,"Not In Active Readiness Scope","Historical-only / not currently listed",False
"EFOODS-NOV","","other","",False,"historical_only","2017-10-23","2021-08-30",55,0,0,0,0,0,False,0,False,False,"Not In Active Readiness Scope","Historical-only / not currently listed",False
"EFOODS-OCT","","other","",False,"historical_only","2017-09-25","2018-10-26",50,1,1,0,0,0,False,0,False,False,"Not In Active Readiness Scope","Historical-only / not currently listed",False
"EFOODS-ODL","","unknown","",False,"historical_only","2019-01-10","2019-07-10",117,0,68,0,0,0,False,0,False,False,"Not In Active Readiness Scope","Historical-only / not currently listed",False
"EFOODS-SEP","","other","",False,"historical_only","2017-08-21","2018-09-28",51,2,2,0,0,0,False,0,False,False,"Not In Active Readiness Scope","Historical-only / not currently listed",False
"EFUG","EFU General Insurance Limited","ordinary_equity","INSURANCE",True,"listed_recently_traded","2016-07-26","2026-08-05",1981,0,0,0,0,0,False,0,False,False,"Data Quality Issue","price is not positive",False
"EFUG-ODL","","unknown","",False,"historical_only","2019-01-22","2020-04-01",125,0,0,0,0,0,False,0,False,False,"Not In Active Readiness Scope","Historical-only / not currently listed",False
"EFUL","EFU Life Assurance Limited","ordinary_equity","INSURANCE",True,"listed_recently_traded","2016-07-26","2026-08-05",1903,0,0,0,0,0,False,0,False,False,"Data Quality Issue","price is not positive",False
"EFUL-ODL","","unknown","",False,"historical_only","2019-01-11","2020-04-07",65,0,0,0,0,0,False,0,False,False,"Not In Active Readiness Scope","Historical-only / not currently listed",False
"ELCM","Elahi Cotton Mills Limited","ordinary_equity","TEXTILE SPINNING",True,"listed_recently_traded","2016-07-26","2026-08-05",760,0,0,0,0,0,False,0,False,False,"Data Quality Issue","price is not positive",False
"ELCM-ODL","","unknown","",False,"historical_only","2019-01-23","2020-03-18",17,0,0,0,0,0,False,0,False,False,"Not In Active Readiness Scope","Historical-only / not currently listed",False
"ELSM","Ellcot Spinning Mills Limited","ordinary_equity","TEXTILE SPINNING",True,"listed_recently_traded","2016-07-26","2026-08-05",1147,0,0,0,0,0,False,0,False,False,"Data Quality Issue","price is not positive",False
"ELSM-ODL","","unknown","",False,"historical_only","2019-01-23","2020-03-18",24,0,0,0,0,0,False,0,False,False,"Not In Active Readiness Scope","Historical-only / not currently listed",False
"EMCO","Emco Industries Limited","ordinary_equity","CABLE & ELECTRICAL GOODS",True,"listed_recently_traded","2016-07-26","2026-08-05",1851,0,0,0,0,0,False,0,False,False,"Data Quality Issue","price is not positive",False
"EMCO-ODL","","unknown","",False,"historical_only","2019-01-11","2020-02-20",30,0,0,0,0,0,False,0,False,False,"Not In Active Readiness Scope","Historical-only / not currently listed",False
"ENGL","English Leasing Limited","ordinary_equity","LEASING COMPANIES",True,"non_compliant","2021-10-25","2024-09-26",21,0,0,0,0,0,False,0,False,False,"Not In Active Readiness Scope","Currently listed but not recently traded",False
"ENGRO","","unknown","",False,"historical_only","2016-07-26","2025-01-03",2091,0,2042,0,0,0,False,0,False,False,"Not In Active Readiness Scope","Historical-only / not currently listed",False
"ENGRO-APR","","other","",False,"historical_only","2017-03-27","2024-03-29",214,0,0,0,0,0,False,0,False,False,"Not In Active Readiness Scope","Historical-only / not currently listed",False
"ENGRO-APRB","","other","",False,"historical_only","2022-02-28","2024-04-26",106,0,0,0,0,0,False,0,False,False,"Not In Active Readiness Scope","Historical-only / not currently listed",False
"ENGRO-AUG","","other","",False,"historical_only","2017-07-24","2024-08-30",297,0,0,0,0,0,False,0,False,False,"Not In Active Readiness Scope","Historical-only / not currently listed",False
"ENGRO-CAPR","","unknown","",False,"historical_only","2017-01-30","2020-04-24",249,0,0,0,0,0,False,0,False,False,"Not In Active Readiness Scope","Historical-only / not currently listed",False
"ENGRO-CAUG","","unknown","",False,"historical_only","2017-05-29","2020-08-28",242,0,0,0,0,0,False,0,False,False,"Not In Active Readiness Scope","Historical-only / not currently listed",False
"ENGRO-CDEC","","unknown","",False,"historical_only","2017-10-02","2021-10-22",272,0,0,0,0,0,False,0,False,False,"Not In Active Readiness Scope","Historical-only / not currently listed",False
"ENGRO-CFEB","","unknown","",False,"historical_only","2017-01-02","2021-02-26",285,0,0,0,0,0,False,0,False,False,"Not In Active Readiness Scope","Historical-only / not currently listed",False
"ENGRO-CJAN","","unknown","",False,"historical_only","2017-01-02","2021-01-29",278,0,0,0,0,0,False,0,False,False,"Not In Active Readiness Scope","Historical-only / not currently listed",False
"ENGRO-CJUL","","unknown","",False,"historical_only","2017-05-02","2020-07-30",243,0,0,0,0,0,False,0,False,False,"Not In Active Readiness Scope","Historical-only / not currently listed",False
"ENGRO-CJUN","","unknown","",False,"historical_only","2017-04-03","2020-06-26",240,0,0,0,0,0,False,0,False,False,"Not In Active Readiness Scope","Historical-only / not currently listed",False
"ENGRO-CMAR","","unknown","",False,"historical_only","2017-01-02","2020-03-27",253,0,0,0,0,0,False,0,False,False,"Not In Active Readiness Scope","Historical-only / not currently listed",False
"ENGRO-CMAY","","unknown","",False,"historical_only","2017-02-27","2020-05-29",253,0,0,0,0,0,False,0,False,False,"Not In Active Readiness Scope","Historical-only / not currently listed",False
"ENGRO-CNOV","","unknown","",False,"historical_only","2017-08-28","2021-10-22",291,0,0,0,0,0,False,0,False,False,"Not In Active Readiness Scope","Historical-only / not currently listed",False
"ENGRO-COCT","","unknown","",False,"historical_only","2017-07-31","2021-10-22",300,0,0,0,0,0,False,0,False,False,"Not In Active Readiness Scope","Historical-only / not currently listed",False
"ENGRO-CSEP","","unknown","",False,"historical_only","2017-07-03","2020-09-25",242,0,0,0,0,0,False,0,False,False,"Not In Active Readiness Scope","Historical-only / not currently listed",False
"ENGRO-DEC","","other","",False,"historical_only","2017-11-20","2023-10-27",140,0,0,0,0,0,False,0,False,False,"Not In Active Readiness Scope","Historical-only / not currently listed",False
"ENGRO-DECB","","other","",False,"historical_only","2021-10-25","2024-12-27",155,0,0,0,0,0,False,0,False,False,"Not In Active Readiness Scope","Historical-only / not currently listed",False
"ENGRO-FEB","","other","",False,"historical_only","2017-01-23","2024-02-23",267,0,0,0,0,0,False,0,False,False,"Not In Active Readiness Scope","Historical-only / not currently listed",False
"ENGRO-JAN","","other","",False,"historical_only","2017-01-02","2024-01-26",252,0,0,0,0,0,False,0,False,False,"Not In Active Readiness Scope","Historical-only / not currently listed",False
"ENGRO-JANB","","other","",False,"historical_only","2024-12-23","2024-12-27",4,0,0,0,0,0,False,0,False,False,"Not In Active Readiness Scope","Historical-only / not currently listed",False
"ENGRO-JUL","","other","",False,"historical_only","2017-06-29","2024-07-26",301,0,0,0,0,0,False,0,False,False,"Not In Active Readiness Scope","Historical-only / not currently listed",False
"ENGRO-JUN","","other","",False,"historical_only","2017-05-22","2024-04-30",175,0,0,0,0,0,False,0,False,False,"Not In Active Readiness Scope","Historical-only / not currently listed",False
"ENGRO-JUNB","","other","",False,"historical_only","2022-04-22","2024-06-28",126,0,0,0,0,0,False,0,False,False,"Not In Active Readiness Scope","Historical-only / not currently listed",False
"ENGRO-MAR","","other","",False,"historical_only","2017-02-20","2024-03-29",261,0,0,0,0,0,False,0,False,False,"Not In Active Readiness Scope","Historical-only / not currently listed",False
"ENGRO-MARB","","other","",False,"historical_only","2022-02-28","2023-03-31",48,0,0,0,0,0,False,0,False,False,"Not In Active Readiness Scope","Historical-only / not currently listed",False
"ENGRO-MAY","","other","",False,"historical_only","2017-04-24","2024-03-29",225,0,0,0,0,0,False,0,False,False,"Not In Active Readiness Scope","Historical-only / not currently listed",False
"ENGRO-MAYB","","other","",False,"historical_only","2022-04-22","2024-04-30",66,0,0,0,0,0,False,0,False,False,"Not In Active Readiness Scope","Historical-only / not currently listed",False
"ENGRO-MAYC","","other","",False,"historical_only","2024-04-26","2024-05-31",24,0,0,0,0,0,False,0,False,False,"Not In Active Readiness Scope","Historical-only / not currently listed",False
"ENGRO-NOV","","other","",False,"historical_only","2017-10-23","2024-11-06",225,0,0,0,0,0,False,0,False,False,"Not In Active Readiness Scope","Historical-only / not currently listed",False
"ENGRO-NOVB","","other","",False,"historical_only","2021-10-22","2024-11-29",70,0,0,0,0,0,False,0,False,False,"Not In Active Readiness Scope","Historical-only / not currently listed",False
"ENGRO-NOVC","","other","",False,"historical_only","2021-10-25","2021-11-26",20,0,0,0,0,0,False,0,False,False,"Not In Active Readiness Scope","Historical-only / not currently listed",False
"ENGRO-OCT","","other","",False,"historical_only","2017-09-25","2024-08-30",172,0,0,0,0,0,False,0,False,False,"Not In Active Readiness Scope","Historical-only / not currently listed",False
"ENGRO-OCTB","","other","",False,"historical_only","2021-09-27","2024-10-25",156,0,0,0,0,0,False,0,False,False,"Not In Active Readiness Scope","Historical-only / not currently listed",False
"ENGRO-ODL","","unknown","",False,"historical_only","2019-01-10","2020-03-20",293,0,0,0,0,0,False,0,False,False,"Not In Active Readiness Scope","Historical-only / not currently listed",False
"ENGRO-SEP","","other","",False,"historical_only","2017-08-21","2024-08-30",240,0,0,0,0,0,False,0,False,False,"Not In Active Readiness Scope","Historical-only / not currently listed",False
"ENGRO-SEPB","","other","",False,"historical_only","2022-08-22","2024-09-27",83,0,0,0,0,0,False,0,False,False,"Not In Active Readiness Scope","Historical-only / not currently listed",False
"ENGROH","Engro Holdings Limited","ordinary_equity","INV. BANKS / INV. COS. / SECURITIES COS.",True,"listed_recently_traded","2016-07-26","2026-08-05",2464,2415,2415,1690,362,363,True,2415,True,True,"Ready","Eligible active ordinary equity with sufficient usable history and complete split/scaler artifacts",True
"ENGROH-APR","","other","",False,"historical_only","2026-03-09","2026-04-24",27,0,0,0,0,0,False,0,False,False,"Not In Active Readiness Scope","Historical-only / not currently listed",False
"ENGROH-AUG","","other","",False,"historical_only","2025-07-28","2026-08-05",36,0,0,0,0,0,False,0,False,False,"Not In Active Readiness Scope","Historical-only / not currently listed",False
"ENGROH-DEC","","other","",False,"historical_only","2025-11-18","2025-12-26",26,0,0,0,0,0,False,0,False,False,"Not In Active Readiness Scope","Historical-only / not currently listed",False
"ENGROH-FEB","","other","",False,"historical_only","2026-01-21","2026-02-27",27,0,0,0,0,0,False,0,False,False,"Not In Active Readiness Scope","Historical-only / not currently listed",False
"ENGROH-JAN","","other","",False,"historical_only","2025-12-17","2026-01-30",32,0,0,0,0,0,False,0,False,False,"Not In Active Readiness Scope","Historical-only / not currently listed",False
"ENGROH-JUL","","other","",False,"historical_only","2026-06-17","2026-07-31",31,0,0,0,0,0,False,0,False,False,"Not In Active Readiness Scope","Historical-only / not currently listed",False
"ENGROH-JUN","","other","",False,"historical_only","2026-05-11","2026-06-24",29,0,0,0,0,0,False,0,False,False,"Not In Active Readiness Scope","Historical-only / not currently listed",False
"ENGROH-MAR","","other","",False,"historical_only","2026-02-23","2026-03-27",23,0,0,0,0,0,False,0,False,False,"Not In Active Readiness Scope","Historical-only / not currently listed",False
"ENGROH-MAY","","other","",False,"historical_only","2026-04-03","2026-05-29",31,0,0,0,0,0,False,0,False,False,"Not In Active Readiness Scope","Historical-only / not currently listed",False
"ENGROH-NOV","","other","",False,"historical_only","2025-10-22","2025-11-28",25,0,0,0,0,0,False,0,False,False,"Not In Active Readiness Scope","Historical-only / not currently listed",False
"ENGROH-OCT","","other","",False,"historical_only","2025-09-22","2025-10-31",30,0,0,0,0,0,False,0,False,False,"Not In Active Readiness Scope","Historical-only / not currently listed",False
"ENGROH-SEP","","other","",False,"historical_only","2025-08-20","2025-09-26",28,0,0,0,0,0,False,0,False,False,"Not In Active Readiness Scope","Historical-only / not currently listed",False
"ENGROSC","","unknown","",False,"historical_only","2017-01-16","2017-02-15",23,0,0,0,0,0,False,0,False,False,"Not In Active Readiness Scope","Historical-only / not currently listed",False
"ENGROSC2","","unknown","",False,"historical_only","2017-01-02","2019-02-13",213,0,0,0,0,0,False,0,False,False,"Not In Active Readiness Scope","Historical-only / not currently listed",False
"EPCL","Engro Polymer & Chemicals Limited","ordinary_equity","CHEMICAL",True,"listed_recently_traded","2016-07-26","2026-08-05",2484,2435,2435,1704,365,366,True,2435,True,True,"Ready","Eligible active ordinary equity with sufficient usable history and complete split/scaler artifacts",True
"EPCL-APR","","other","",False,"historical_only","2018-03-26","2026-04-24",252,0,0,0,0,0,False,0,False,False,"Not In Active Readiness Scope","Historical-only / not currently listed",False
"EPCL-APRB","","other","",False,"historical_only","2022-02-28","2024-04-26",87,0,0,0,0,0,False,0,False,False,"Not In Active Readiness Scope","Historical-only / not currently listed",False
"EPCL-AUG","","other","",False,"historical_only","2018-07-23","2026-08-05",310,0,0,0,0,0,False,0,False,False,"Not In Active Readiness Scope","Historical-only / not currently listed",False
"EPCL-AUGB","","other","",False,"historical_only","2022-08-15","2023-08-25",20,0,0,0,0,0,False,0,False,False,"Not In Active Readiness Scope","Historical-only / not currently listed",False
"EPCL-CAPR","","unknown","",False,"historical_only","2019-01-28","2021-04-30",185,0,0,0,0,0,False,0,False,False,"Not In Active Readiness Scope","Historical-only / not currently listed",False
"EPCL-CAUG","","unknown","",False,"historical_only","2019-06-03","2021-08-27",180,0,0,0,0,0,False,0,False,False,"Not In Active Readiness Scope","Historical-only / not currently listed",False
"EPCL-CDEC","","unknown","",False,"historical_only","2018-10-01","2021-10-22",209,0,0,0,0,0,False,0,False,False,"Not In Active Readiness Scope","Historical-only / not currently listed",False
"EPCL-CFEB","","unknown","",False,"historical_only","2018-12-04","2021-02-26",182,0,0,0,0,0,False,0,False,False,"Not In Active Readiness Scope","Historical-only / not currently listed",False
"EPCL-CJAN","","unknown","",False,"historical_only","2018-10-29","2021-01-29",195,0,0,0,0,0,False,0,False,False,"Not In Active Readiness Scope","Historical-only / not currently listed",False
"EPCL-CJUL","","unknown","",False,"historical_only","2019-04-29","2021-07-30",179,0,0,0,0,0,False,0,False,False,"Not In Active Readiness Scope","Historical-only / not currently listed",False
"EPCL-CJUN","","unknown","",False,"historical_only","2019-04-01","2021-06-25",178,0,0,0,0,0,False,0,False,False,"Not In Active Readiness Scope","Historical-only / not currently listed",False
"EPCL-CMAR","","unknown","",False,"historical_only","2019-01-01","2021-03-26",187,0,0,0,0,0,False,0,False,False,"Not In Active Readiness Scope","Historical-only / not currently listed",False
"EPCL-CMAY","","unknown","",False,"historical_only","2019-02-25","2021-05-28",185,0,0,0,0,0,False,0,False,False,"Not In Active Readiness Scope","Historical-only / not currently listed",False
"EPCL-CNOV","","unknown","",False,"historical_only","2018-09-03","2021-10-22",228,0,0,0,0,0,False,0,False,False,"Not In Active Readiness Scope","Historical-only / not currently listed",False
"EPCL-COCT","","unknown","",False,"historical_only","2019-07-29","2021-10-22",179,0,0,0,0,0,False,0,False,False,"Not In Active Readiness Scope","Historical-only / not currently listed",False
"EPCL-CSEP","","unknown","",False,"historical_only","2019-07-01","2021-09-24",182,0,0,0,0,0,False,0,False,False,"Not In Active Readiness Scope","Historical-only / not currently listed",False
"EPCL-DEC","","other","",False,"historical_only","2018-11-26","2025-12-26",156,0,0,0,0,0,False,0,False,False,"Not In Active Readiness Scope","Historical-only / not currently listed",False
"EPCL-DECB","","other","",False,"historical_only","2021-10-19","2023-12-29",141,0,0,0,0,0,False,0,False,False,"Not In Active Readiness Scope","Historical-only / not currently listed",False
"EPCL-FEB","","other","",False,"historical_only","2018-01-22","2026-02-27",338,0,0,0,0,0,False,0,False,False,"Not In Active Readiness Scope","Historical-only / not currently listed",False
"EPCL-JAN","","other","",False,"historical_only","2018-12-24","2026-01-30",325,0,0,0,0,0,False,0,False,False,"Not In Active Readiness Scope","Historical-only / not currently listed",False
"EPCL-JUL","","other","",False,"historical_only","2018-06-25","2026-07-31",332,0,0,0,0,0,False,0,False,False,"Not In Active Readiness Scope","Historical-only / not currently listed",False
"EPCL-JUN","","other","",False,"historical_only","2018-05-21","2026-06-24",231,0,0,0,0,0,False,0,False,False,"Not In Active Readiness Scope","Historical-only / not currently listed",False
"EPCL-JUNB","","other","",False,"historical_only","2022-04-20","2023-06-27",89,0,0,0,0,0,False,0,False,False,"Not In Active Readiness Scope","Historical-only / not currently listed",False
"EPCL-MAR","","other","",False,"historical_only","2018-02-19","2026-03-27",316,0,0,0,0,0,False,0,False,False,"Not In Active Readiness Scope","Historical-only / not currently listed",False
"EPCL-MARB","","other","",False,"historical_only","2022-02-28","2024-03-29",32,0,0,0,0,0,False,0,False,False,"Not In Active Readiness Scope","Historical-only / not currently listed",False
"EPCL-MAY","","other","",False,"historical_only","2018-04-23","2026-05-29",229,0,0,0,0,0,False,0,False,False,"Not In Active Readiness Scope","Historical-only / not currently listed",False
"EPCL-MAYB","","other","",False,"historical_only","2022-04-20","2024-05-31",93,0,0,0,0,0,False,0,False,False,"Not In Active Readiness Scope","Historical-only / not currently listed",False
"EPCL-MAYC","","other","",False,"historical_only","2023-04-18","2023-05-26",25,0,0,0,0,0,False,0,False,False,"Not In Active Readiness Scope","Historical-only / not currently listed",False
"EPCL-NOV","","other","",False,"historical_only","2018-10-22","2025-11-28",256,0,0,0,0,0,False,0,False,False,"Not In Active Readiness Scope","Historical-only / not currently listed",False
"EPCL-NOVB","","other","",False,"historical_only","2021-10-20","2023-11-24",82,0,0,0,0,0,False,0,False,False,"Not In Active Readiness Scope","Historical-only / not currently listed",False
"EPCL-OCT","","other","",False,"historical_only","2018-09-24","2025-10-31",207,0,0,0,0,0,False,0,False,False,"Not In Active Readiness Scope","Historical-only / not currently listed",False
"EPCL-OCTB","","other","",False,"historical_only","2021-09-08","2023-10-24",124,0,0,0,0,0,False,0,False,False,"Not In Active Readiness Scope","Historical-only / not currently listed",False
"EPCL-OCTC","","other","",False,"historical_only","2021-10-20","2022-10-28",18,0,0,0,0,0,False,0,False,False,"Not In Active Readiness Scope","Historical-only / not currently listed",False
"EPCL-ODL","","unknown","",False,"historical_only","2019-01-10","2020-04-10",307,0,258,0,0,0,False,0,False,False,"Not In Active Readiness Scope","Historical-only / not currently listed",False
"EPCL-SEP","","other","",False,"historical_only","2018-08-27","2025-09-26",239,0,0,0,0,0,False,0,False,False,"Not In Active Readiness Scope","Historical-only / not currently listed",False
"EPCL-SEPB","","other","",False,"historical_only","2021-08-30","2023-09-28",89,0,0,0,0,0,False,0,False,False,"Not In Active Readiness Scope","Historical-only / not currently listed",False
"EPCLPS","Engro Poly(Pref)","preference_share","CHEMICAL",True,"listed_recently_traded","2020-12-31","2026-08-05",1038,0,0,0,0,0,False,0,False,False,"Data Quality Issue","price is not positive",False
"EPCLR1","","unknown","",False,"historical_only","2018-06-25","2018-07-16",16,0,0,0,0,0,False,0,False,False,"Not In Active Readiness Scope","Historical-only / not currently listed",False
"EPCLSC","","unknown","",False,"historical_only","2019-09-12","2022-11-29",363,0,0,0,0,0,False,0,False,False,"Not In Active Readiness Scope","Historical-only / not currently listed",False
"EPQL","Engro Powergen Qadirpur Limited","ordinary_equity","POWER GENERATION & DISTRIBUTION",True,"listed_recently_traded","2016-07-26","2026-08-05",2479,2430,2430,1701,364,365,True,2430,True,True,"Ready","Eligible active ordinary equity with sufficient usable history and complete split/scaler artifacts",True
"EPQL-APR","","other","",False,"historical_only","2023-01-30","2024-02-23",77,0,0,0,0,0,False,0,False,False,"Not In Active Readiness Scope","Historical-only / not currently listed",False
"EPQL-APRB","","other","",False,"historical_only","2024-02-19","2024-04-26",45,0,0,0,0,0,False,0,False,False,"Not In Active Readiness Scope","Historical-only / not currently listed",False
"EPQL-AUG","","other","",False,"historical_only","2022-08-01","2024-08-07",99,0,0,0,0,0,False,0,False,False,"Not In Active Readiness Scope","Historical-only / not currently listed",False
"EPQL-AUGB","","other","",False,"historical_only","2022-08-05","2024-08-30",47,0,0,0,0,0,False,0,False,False,"Not In Active Readiness Scope","Historical-only / not currently listed",False
"EPQL-CNOV","","unknown","",False,"historical_only","2021-08-30","2021-08-30",1,0,0,0,0,0,False,0,False,False,"Not In Active Readiness Scope","Historical-only / not currently listed",False
"EPQL-DEC","","other","",False,"historical_only","2022-10-03","2023-10-19",27,0,0,0,0,0,False,0,False,False,"Not In Active Readiness Scope","Historical-only / not currently listed",False
"EPQL-DECB","","other","",False,"historical_only","2022-10-17","2023-12-29",105,0,0,0,0,0,False,0,False,False,"Not In Active Readiness Scope","Historical-only / not currently listed",False
"EPQL-FEB","","other","",False,"historical_only","2022-11-28","2024-02-23",125,0,0,0,0,0,False,0,False,False,"Not In Active Readiness Scope","Historical-only / not currently listed",False
"EPQL-JAN","","other","",False,"historical_only","2022-10-31","2024-01-26",127,0,0,0,0,0,False,0,False,False,"Not In Active Readiness Scope","Historical-only / not currently listed",False
"EPQL-JUL","","other","",False,"historical_only","2023-05-02","2024-07-26",118,0,0,0,0,0,False,0,False,False,"Not In Active Readiness Scope","Historical-only / not currently listed",False
"EPQL-JUN","","other","",False,"historical_only","2023-04-03","2024-06-28",113,0,0,0,0,0,False,0,False,False,"Not In Active Readiness Scope","Historical-only / not currently listed",False
"EPQL-MAR","","other","",False,"historical_only","2023-01-02","2024-02-23",100,0,0,0,0,0,False,0,False,False,"Not In Active Readiness Scope","Historical-only / not currently listed",False
"EPQL-MARB","","other","",False,"historical_only","2024-02-19","2024-03-29",28,0,0,0,0,0,False,0,False,False,"Not In Active Readiness Scope","Historical-only / not currently listed",False
"EPQL-MAY","","other","",False,"historical_only","2023-02-27","2024-05-31",121,0,0,0,0,0,False,0,False,False,"Not In Active Readiness Scope","Historical-only / not currently listed",False
"EPQL-NOV","","other","",False,"historical_only","2022-08-29","2023-10-19",76,0,0,0,0,0,False,0,False,False,"Not In Active Readiness Scope","Historical-only / not currently listed",False
"EPQL-NOVB","","other","",False,"historical_only","2022-10-17","2023-11-24",58,0,0,0,0,0,False,0,False,False,"Not In Active Readiness Scope","Historical-only / not currently listed",False
"EPQL-OCT","","other","",False,"historical_only","2022-08-01","2024-08-07",23,0,0,0,0,0,False,0,False,False,"Not In Active Readiness Scope","Historical-only / not currently listed",False
"EPQL-OCTB","","other","",False,"historical_only","2022-08-05","2024-10-23",156,0,0,0,0,0,False,0,False,False,"Not In Active Readiness Scope","Historical-only / not currently listed",False
"EPQL-OCTC","","other","",False,"historical_only","2022-10-17","2023-10-27",20,0,0,0,0,0,False,0,False,False,"Not In Active Readiness Scope","Historical-only / not currently listed",False
"EPQL-ODL","","unknown","",False,"historical_only","2019-01-10","2020-04-10",210,0,0,0,0,0,False,0,False,False,"Not In Active Readiness Scope","Historical-only / not currently listed",False
"EPQL-SEP","","other","",False,"historical_only","2022-08-01","2024-08-07",60,0,0,0,0,0,False,0,False,False,"Not In Active Readiness Scope","Historical-only / not currently listed",False
"EPQL-SEPB","","other","",False,"historical_only","2022-08-05","2024-09-26",114,0,0,0,0,0,False,0,False,False,"Not In Active Readiness Scope","Historical-only / not currently listed",False
"ESBL","Escorts Investment Bank Limited","ordinary_equity","INV. BANKS / INV. COS. / SECURITIES COS.",True,"non_compliant","2016-07-26","2026-08-05",2414,0,0,0,0,0,False,0,False,False,"Data Quality Issue","price is not positive",False
"ESBL-ODL","","unknown","",False,"historical_only","2019-01-10","2020-03-18",103,0,0,0,0,0,False,0,False,False,"Not In Active Readiness Scope","Historical-only / not currently listed",False
"ESBLR","","unknown","",False,"historical_only","2019-06-24","2021-10-29",19,0,0,0,0,0,False,0,False,False,"Not In Active Readiness Scope","Historical-only / not currently listed",False
"ESBLR-ODL","","unknown","",False,"historical_only","2019-06-24","2019-07-16",17,0,0,0,0,0,False,0,False,False,"Not In Active Readiness Scope","Historical-only / not currently listed",False
"EWIC","East West Insurance Company Limited","ordinary_equity","INSURANCE",True,"listed_recently_traded","2016-07-26","2026-08-05",460,0,0,0,0,0,False,0,False,False,"Data Quality Issue","price is not positive",False
"EWIC-ODL","","unknown","",False,"historical_only","2019-01-23","2020-04-09",7,0,0,0,0,0,False,0,False,False,"Not In Active Readiness Scope","Historical-only / not currently listed",False
"EWICR1","","unknown","",False,"historical_only","2019-11-28","2019-12-10",6,0,0,0,0,0,False,0,False,False,"Not In Active Readiness Scope","Historical-only / not currently listed",False
"EWICR1-ODL","","unknown","",False,"historical_only","2019-12-10","2019-12-10",1,0,0,0,0,0,False,0,False,False,"Not In Active Readiness Scope","Historical-only / not currently listed",False
"EWICR3","","unknown","",False,"historical_only","2024-12-05","2024-12-16",7,0,0,0,0,0,False,0,False,False,"Not In Active Readiness Scope","Historical-only / not currently listed",False
"EWLA","","unknown","",False,"historical_only","2017-01-03","2018-07-13",165,0,0,0,0,0,False,0,False,False,"Not In Active Readiness Scope","Historical-only / not currently listed",False
"EXIDE","Exide Pakistan Limited","ordinary_equity","AUTOMOBILE PARTS & ACCESSORIES",True,"listed_recently_traded","2016-07-26","2026-08-05",2401,0,0,0,0,0,False,0,False,False,"Data Quality Issue","price is not positive",False
"EXIDE-ODL","","unknown","",False,"historical_only","2019-01-10","2020-04-06",240,0,0,0,0,0,False,0,False,False,"Not In Active Readiness Scope","Historical-only / not currently listed",False
"EXTR","","unknown","",False,"historical_only","2021-10-25","2021-10-29",2,0,0,0,0,0,False,0,False,False,"Not In Active Readiness Scope","Historical-only / not currently listed",False
"FABL","Faysal Bank Limited","ordinary_equity","COMMERCIAL BANKS",True,"listed_recently_traded","2016-07-26","2026-08-05",2480,2431,2431,1701,364,366,True,2431,True,True,"Ready","Eligible active ordinary equity with sufficient usable history and complete split/scaler artifacts",True
"FABL-APR","","other","",False,"historical_only","2017-03-27","2026-03-02",129,0,0,0,0,0,False,0,False,False,"Not In Active Readiness Scope","Historical-only / not currently listed",False
"FABL-APRB","","other","",False,"historical_only","2022-02-28","2026-04-24",177,0,0,0,0,0,False,0,False,False,"Not In Active Readiness Scope","Historical-only / not currently listed",False
"FABL-AUG","","other","",False,"historical_only","2017-07-24","2026-08-05",284,0,0,0,0,0,False,0,False,False,"Not In Active Readiness Scope","Historical-only / not currently listed",False
"FABL-CAUG","","unknown","",False,"historical_only","2017-05-29","2017-08-25",60,0,0,0,0,0,False,0,False,False,"Not In Active Readiness Scope","Historical-only / not currently listed",False
"FABL-CDEC","","unknown","",False,"historical_only","2018-10-01","2021-10-22",82,0,0,0,0,0,False,0,False,False,"Not In Active Readiness Scope","Historical-only / not currently listed",False
"FABL-CJUL","","unknown","",False,"historical_only","2017-05-02","2017-07-28",60,0,0,0,0,0,False,0,False,False,"Not In Active Readiness Scope","Historical-only / not currently listed",False
"FABL-CJUN","","unknown","",False,"historical_only","2017-04-03","2017-06-30",60,0,0,0,0,0,False,0,False,False,"Not In Active Readiness Scope","Historical-only / not currently listed",False
"FABL-CMAY","","unknown","",False,"historical_only","2017-02-27","2017-05-26",63,0,0,0,0,0,False,0,False,False,"Not In Active Readiness Scope","Historical-only / not currently listed",False
"FABL-CNOV","","unknown","",False,"historical_only","2021-08-30","2021-10-22",39,0,0,0,0,0,False,0,False,False,"Not In Active Readiness Scope","Historical-only / not currently listed",False
"FABL-COCT","","unknown","",False,"historical_only","2017-07-31","2021-10-22",119,0,0,0,0,0,False,0,False,False,"Not In Active Readiness Scope","Historical-only / not currently listed",False
"FABL-CSEP","","unknown","",False,"historical_only","2017-07-03","2017-09-29",62,0,0,0,0,0,False,0,False,False,"Not In Active Readiness Scope","Historical-only / not currently listed",False
"FABL-DEC","","other","",False,"historical_only","2018-11-26","2023-11-01",107,0,0,0,0,0,False,0,False,False,"Not In Active Readiness Scope","Historical-only / not currently listed",False
"FABL-DECB","","other","",False,"historical_only","2022-10-31","2025-12-26",137,0,0,0,0,0,False,0,False,False,"Not In Active Readiness Scope","Historical-only / not currently listed",False
"FABL-FEB","","other","",False,"historical_only","2019-01-21","2026-02-27",263,0,0,0,0,0,False,0,False,False,"Not In Active Readiness Scope","Historical-only / not currently listed",False
"FABL-JAN","","other","",False,"historical_only","2018-12-24","2026-01-30",270,0,0,0,0,0,False,0,False,False,"Not In Active Readiness Scope","Historical-only / not currently listed",False
"FABL-JUL","","other","",False,"historical_only","2017-06-29","2026-07-31",290,0,0,0,0,0,False,0,False,False,"Not In Active Readiness Scope","Historical-only / not currently listed",False
"FABL-JUN","","other","",False,"historical_only","2017-05-22","2024-04-30",196,0,0,0,0,0,False,0,False,False,"Not In Active Readiness Scope","Historical-only / not currently listed",False
"FABL-JUNB","","other","",False,"historical_only","2024-04-26","2026-06-24",84,0,0,0,0,0,False,0,False,False,"Not In Active Readiness Scope","Historical-only / not currently listed",False
"FABL-MAR","","other","",False,"historical_only","2017-02-20","2026-03-17",225,0,0,0,0,0,False,0,False,False,"Not In Active Readiness Scope","Historical-only / not currently listed",False
"FABL-MARB","","other","",False,"historical_only","2022-02-28","2026-03-27",92,0,0,0,0,0,False,0,False,False,"Not In Active Readiness Scope","Historical-only / not currently listed",False
"FABL-MAY","","other","",False,"historical_only","2017-04-24","2024-04-30",218,0,0,0,0,0,False,0,False,False,"Not In Active Readiness Scope","Historical-only / not currently listed",False
"FABL-MAYB","","other","",False,"historical_only","2024-04-26","2026-04-28",38,0,0,0,0,0,False,0,False,False,"Not In Active Readiness Scope","Historical-only / not currently listed",False
"FABL-MAYC","","other","",False,"historical_only","2025-04-25","2026-05-29",40,0,0,0,0,0,False,0,False,False,"Not In Active Readiness Scope","Historical-only / not currently listed",False
"FABL-NOV","","other","",False,"historical_only","2018-10-22","2025-10-31",175,0,0,0,0,0,False,0,False,False,"Not In Active Readiness Scope","Historical-only / not currently listed",False
"FABL-NOVB","","other","",False,"historical_only","2022-10-31","2025-11-28",89,0,0,0,0,0,False,0,False,False,"Not In Active Readiness Scope","Historical-only / not currently listed",False
"FABL-OCT","","other","",False,"historical_only","2018-09-24","2024-09-03",101,0,0,0,0,0,False,0,False,False,"Not In Active Readiness Scope","Historical-only / not currently listed",False
"FABL-OCTB","","other","",False,"historical_only","2021-08-30","2025-10-31",178,0,0,0,0,0,False,0,False,False,"Not In Active Readiness Scope","Historical-only / not currently listed",False
"FABL-ODL","","unknown","",False,"historical_only","2019-01-10","2020-04-10",287,0,0,0,0,0,False,0,False,False,"Not In Active Readiness Scope","Historical-only / not currently listed",False
"FABL-SEP","","other","",False,"historical_only","2021-08-09","2025-09-02",143,0,0,0,0,0,False,0,False,False,"Not In Active Readiness Scope","Historical-only / not currently listed",False
"FABL-SEPB","","other","",False,"historical_only","2021-09-13","2025-09-26",99,0,0,0,0,0,False,0,False,False,"Not In Active Readiness Scope","Historical-only / not currently listed",False
"FAEL","Fatima Enterprises Limited","ordinary_equity","TEXTILE SPINNING",True,"non_compliant","2016-07-26","2024-09-26",149,0,0,0,0,0,False,0,False,False,"Not In Active Readiness Scope","Currently listed but not recently traded",False
"FANM","First Al-Noor Modaraba","ordinary_equity","MODARABAS",True,"listed_recently_traded","2016-07-26","2026-08-05",1152,0,0,0,0,0,False,0,False,False,"Data Quality Issue","price is not positive",False
"FANM-ODL","","unknown","",False,"historical_only","2019-01-10","2020-03-18",19,0,0,0,0,0,False,0,False,False,"Not In Active Readiness Scope","Historical-only / not currently listed",False
"FASM","Faisal Spinning Mills Limited","ordinary_equity","TEXTILE COMPOSITE",True,"listed_recently_traded","2017-01-02","2026-08-05",1262,0,0,0,0,0,False,0,False,False,"Data Quality Issue","price is not positive",False
"FASM-ODL","","unknown","",False,"historical_only","2019-01-16","2020-03-18",42,0,0,0,0,0,False,0,False,False,"Not In Active Readiness Scope","Historical-only / not currently listed",False
"FATIMA","Fatima Fertilizer Company Limited","ordinary_equity","FERTILIZER",True,"listed_recently_traded","2016-07-26","2026-08-05",2481,2432,2432,1702,364,366,True,2432,True,True,"Ready","Eligible active ordinary equity with sufficient usable history and complete split/scaler artifacts",True
"FATIMA-APR","","other","",False,"historical_only","2017-03-27","2026-03-27",154,0,0,0,0,0,False,0,False,False,"Not In Active Readiness Scope","Historical-only / not currently listed",False
"FATIMA-APRB","","other","",False,"historical_only","2019-04-08","2026-04-24",80,0,0,0,0,0,False,0,False,False,"Not In Active Readiness Scope","Historical-only / not currently listed",False
"FATIMA-AUG","","other","",False,"historical_only","2017-07-24","2026-08-05",150,0,0,0,0,0,False,0,False,False,"Not In Active Readiness Scope","Historical-only / not currently listed",False
"FATIMA-CAPR","","unknown","",False,"historical_only","2017-01-30","2017-04-28",64,0,0,0,0,0,False,0,False,False,"Not In Active Readiness Scope","Historical-only / not currently listed",False
"FATIMA-CAUG","","unknown","",False,"historical_only","2017-05-29","2017-08-25",60,0,0,0,0,0,False,0,False,False,"Not In Active Readiness Scope","Historical-only / not currently listed",False
"FATIMA-CFEB","","unknown","",False,"historical_only","2017-01-02","2017-02-24",40,0,0,0,0,0,False,0,False,False,"Not In Active Readiness Scope","Historical-only / not currently listed",False
"FATIMA-CJAN","","unknown","",False,"historical_only","2017-01-02","2017-01-27",20,0,0,0,0,0,False,0,False,False,"Not In Active Readiness Scope","Historical-only / not currently listed",False
"FATIMA-CJUL","","unknown","",False,"historical_only","2017-05-02","2017-07-28",60,0,0,0,0,0,False,0,False,False,"Not In Active Readiness Scope","Historical-only / not currently listed",False
"FATIMA-CJUN","","unknown","",False,"historical_only","2017-04-03","2017-06-30",60,0,0,0,0,0,False,0,False,False,"Not In Active Readiness Scope","Historical-only / not currently listed",False
"FATIMA-CMAR","","unknown","",False,"historical_only","2017-01-02","2017-03-31",64,0,0,0,0,0,False,0,False,False,"Not In Active Readiness Scope","Historical-only / not currently listed",False
"FATIMA-CMAY","","unknown","",False,"historical_only","2017-02-27","2017-05-26",63,0,0,0,0,0,False,0,False,False,"Not In Active Readiness Scope","Historical-only / not currently listed",False
"FATIMA-CNOV","","unknown","",False,"historical_only","2021-08-30","2021-08-30",1,0,0,0,0,0,False,0,False,False,"Not In Active Readiness Scope","Historical-only / not currently listed",False
"FATIMA-COCT","","unknown","",False,"historical_only","2017-07-31","2017-10-27",62,0,0,0,0,0,False,0,False,False,"Not In Active Readiness Scope","Historical-only / not currently listed",False
"FATIMA-CSEP","","unknown","",False,"historical_only","2017-07-03","2017-09-29",62,0,0,0,0,0,False,0,False,False,"Not In Active Readiness Scope","Historical-only / not currently listed",False
"FATIMA-DEC","","other","",False,"historical_only","2018-11-26","2025-12-26",135,0,0,0,0,0,False,0,False,False,"Not In Active Readiness Scope","Historical-only / not currently listed",False
"FATIMA-FEB","","other","",False,"historical_only","2017-01-23","2026-02-27",187,0,0,0,0,0,False,0,False,False,"Not In Active Readiness Scope","Historical-only / not currently listed",False
"FATIMA-JAN","","other","",False,"historical_only","2017-01-02","2026-01-30",160,0,0,0,0,0,False,0,False,False,"Not In Active Readiness Scope","Historical-only / not currently listed",False
"FATIMA-JUL","","other","",False,"historical_only","2017-06-29","2026-07-31",198,0,0,0,0,0,False,0,False,False,"Not In Active Readiness Scope","Historical-only / not currently listed",False
"FATIMA-JUN","","other","",False,"historical_only","2017-05-22","2026-06-24",81,0,0,0,0,0,False,0,False,False,"Not In Active Readiness Scope","Historical-only / not currently listed",False
"FATIMA-JUNB","","other","",False,"historical_only","2022-04-13","2023-06-27",103,0,0,0,0,0,False,0,False,False,"Not In Active Readiness Scope","Historical-only / not currently listed",False
"FATIMA-MAR","","other","",False,"historical_only","2017-02-20","2026-03-27",208,0,0,0,0,0,False,0,False,False,"Not In Active Readiness Scope","Historical-only / not currently listed",False
"FATIMA-MAY","","other","",False,"historical_only","2017-04-24","2023-04-07",115,0,0,0,0,0,False,0,False,False,"Not In Active Readiness Scope","Historical-only / not currently listed",False
"FATIMA-MAYB","","other","",False,"historical_only","2022-04-13","2026-05-29",106,0,0,0,0,0,False,0,False,False,"Not In Active Readiness Scope","Historical-only / not currently listed",False
"FATIMA-NOV","","other","",False,"historical_only","2018-10-22","2025-11-28",164,0,0,0,0,0,False,0,False,False,"Not In Active Readiness Scope","Historical-only / not currently listed",False
"FATIMA-OCT","","other","",False,"historical_only","2018-09-24","2024-08-30",112,0,0,0,0,0,False,0,False,False,"Not In Active Readiness Scope","Historical-only / not currently listed",False
"FATIMA-OCTB","","other","",False,"historical_only","2024-08-28","2025-10-31",66,0,0,0,0,0,False,0,False,False,"Not In Active Readiness Scope","Historical-only / not currently listed",False
"FATIMA-ODL","","unknown","",False,"historical_only","2019-01-10","2020-04-09",264,0,0,0,0,0,False,0,False,False,"Not In Active Readiness Scope","Historical-only / not currently listed",False
"FATIMA-SEP","","other","",False,"historical_only","2018-08-27","2025-09-01",117,0,0,0,0,0,False,0,False,False,"Not In Active Readiness Scope","Historical-only / not currently listed",False
"FATIMA-SEPB","","other","",False,"historical_only","2024-08-28","2025-09-26",40,0,0,0,0,0,False,0,False,False,"Not In Active Readiness Scope","Historical-only / not currently listed",False
"FATIMASC","","unknown","",False,"historical_only","2017-01-27","2021-10-25",728,0,0,0,0,0,False,0,False,False,"Not In Active Readiness Scope","Historical-only / not currently listed",False
"FCCL","Fauji Cement Company Limited","ordinary_equity","CEMENT",True,"listed_recently_traded","2016-07-26","2026-08-05",2484,2435,2435,1704,365,366,True,2435,True,True,"Ready","Eligible active ordinary equity with sufficient usable history and complete split/scaler artifacts",True
"FCCL-APR","","other","",False,"historical_only","2017-03-27","2026-04-24",358,0,0,0,0,0,False,0,False,False,"Not In Active Readiness Scope","Historical-only / not currently listed",False
"FCCL-AUG","","other","",False,"historical_only","2017-07-24","2026-08-05",344,0,0,0,0,0,False,0,False,False,"Not In Active Readiness Scope","Historical-only / not currently listed",False
"FCCL-CAPR","","unknown","",False,"historical_only","2017-01-30","2021-04-30",312,0,0,0,0,0,False,0,False,False,"Not In Active Readiness Scope","Historical-only / not currently listed",False
"FCCL-CAUG","","unknown","",False,"historical_only","2017-05-29","2021-08-27",302,0,0,0,0,0,False,0,False,False,"Not In Active Readiness Scope","Historical-only / not currently listed",False
"FCCL-CDEC","","unknown","",False,"historical_only","2017-10-02","2025-12-16",282,0,0,0,0,0,False,0,False,False,"Not In Active Readiness Scope","Historical-only / not currently listed",False
"FCCL-CFEB","","unknown","",False,"historical_only","2017-01-02","2021-02-26",285,0,0,0,0,0,False,0,False,False,"Not In Active Readiness Scope","Historical-only / not currently listed",False
"FCCL-CJAN","","unknown","",False,"historical_only","2017-01-02","2026-01-26",293,0,0,0,0,0,False,0,False,False,"Not In Active Readiness Scope","Historical-only / not currently listed",False
"FCCL-CJUL","","unknown","",False,"historical_only","2017-05-02","2021-07-30",299,0,0,0,0,0,False,0,False,False,"Not In Active Readiness Scope","Historical-only / not currently listed",False
"FCCL-CJUN","","unknown","",False,"historical_only","2017-04-03","2021-06-25",299,0,0,0,0,0,False,0,False,False,"Not In Active Readiness Scope","Historical-only / not currently listed",False
"FCCL-CMAR","","unknown","",False,"historical_only","2017-01-02","2021-03-26",314,0,0,0,0,0,False,0,False,False,"Not In Active Readiness Scope","Historical-only / not currently listed",False
"FCCL-CMAY","","unknown","",False,"historical_only","2017-02-27","2021-05-28",311,0,0,0,0,0,False,0,False,False,"Not In Active Readiness Scope","Historical-only / not currently listed",False
"FCCL-CNOV","","unknown","",False,"historical_only","2017-08-28","2021-10-22",291,0,0,0,0,0,False,0,False,False,"Not In Active Readiness Scope","Historical-only / not currently listed",False
"FCCL-COCT","","unknown","",False,"historical_only","2017-07-31","2021-10-22",300,0,0,0,0,0,False,0,False,False,"Not In Active Readiness Scope","Historical-only / not currently listed",False
"FCCL-CSEP","","unknown","",False,"historical_only","2017-07-03","2021-09-24",302,0,0,0,0,0,False,0,False,False,"Not In Active Readiness Scope","Historical-only / not currently listed",False
"FCCL-DEC","","other","",False,"historical_only","2017-11-20","2025-12-26",321,0,0,0,0,0,False,0,False,False,"Not In Active Readiness Scope","Historical-only / not currently listed",False
"FCCL-FEB","","other","",False,"historical_only","2017-01-23","2026-02-27",364,0,0,0,0,0,False,0,False,False,"Not In Active Readiness Scope","Historical-only / not currently listed",False
"FCCL-JAN","","other","",False,"historical_only","2017-01-02","2026-01-30",378,0,0,0,0,0,False,0,False,False,"Not In Active Readiness Scope","Historical-only / not currently listed",False
"FCCL-JUL","","other","",False,"historical_only","2017-06-29","2026-07-31",360,0,0,0,0,0,False,0,False,False,"Not In Active Readiness Scope","Historical-only / not currently listed",False
"FCCL-JUN","","other","",False,"historical_only","2017-05-22","2026-06-24",346,0,0,0,0,0,False,0,False,False,"Not In Active Readiness Scope","Historical-only / not currently listed",False
"FCCL-MAR","","other","",False,"historical_only","2017-02-20","2026-03-27",357,0,0,0,0,0,False,0,False,False,"Not In Active Readiness Scope","Historical-only / not currently listed",False
"FCCL-MARB","","other","",False,"historical_only","2019-03-04","2019-03-29",20,0,0,0,0,0,False,0,False,False,"Not In Active Readiness Scope","Historical-only / not currently listed",False
"FCCL-MAY","","other","",False,"historical_only","2017-04-24","2026-05-29",363,0,0,0,0,0,False,0,False,False,"Not In Active Readiness Scope","Historical-only / not currently listed",False
"FCCL-NOV","","other","",False,"historical_only","2017-10-23","2024-09-26",242,0,0,0,0,0,False,0,False,False,"Not In Active Readiness Scope","Historical-only / not currently listed",False
"FCCL-NOVB","","other","",False,"historical_only","2022-09-26","2025-11-28",106,0,0,0,0,0,False,0,False,False,"Not In Active Readiness Scope","Historical-only / not currently listed",False
"FCCL-OCT","","other","",False,"historical_only","2017-09-25","2025-09-18",287,0,0,0,0,0,False,0,False,False,"Not In Active Readiness Scope","Historical-only / not currently listed",False
"FCCL-OCTB","","other","",False,"historical_only","2022-09-26","2025-10-31",82,0,0,0,0,0,False,0,False,False,"Not In Active Readiness Scope","Historical-only / not currently listed",False
"FCCL-ODL","","unknown","",False,"historical_only","2019-01-10","2020-04-10",309,0,0,0,0,0,False,0,False,False,"Not In Active Readiness Scope","Historical-only / not currently listed",False
"FCCL-SEP","","other","",False,"historical_only","2017-08-21","2025-09-18",310,0,0,0,0,0,False,0,False,False,"Not In Active Readiness Scope","Historical-only / not currently listed",False
"FCCL-SEPB","","other","",False,"historical_only","2018-09-03","2025-09-26",41,0,0,0,0,0,False,0,False,False,"Not In Active Readiness Scope","Historical-only / not currently listed",False
"FCEL","First Capital Equities Limited","ordinary_equity","INV. BANKS / INV. COS. / SECURITIES COS.",True,"non_compliant","2016-07-26","2026-08-05",645,0,0,0,0,0,False,0,False,False,"Data Quality Issue","price is not positive",False
"FCEL-ODL","","unknown","",False,"historical_only","2019-02-06","2020-01-14",11,0,0,0,0,0,False,0,False,False,"Not In Active Readiness Scope","Historical-only / not currently listed",False
"FCEPL","Frieslandcampina Engro Pakistan Limited","ordinary_equity","FOOD & PERSONAL CARE PRODUCTS",True,"listed_recently_traded","2016-07-26","2026-08-05",2484,2435,2435,1704,365,366,True,2435,True,True,"Ready","Eligible active ordinary equity with sufficient usable history and complete split/scaler artifacts",True
"FCEPL-APR","","other","",False,"historical_only","2020-03-24","2026-04-15",112,0,0,0,0,0,False,0,False,False,"Not In Active Readiness Scope","Historical-only / not currently listed",False
"FCEPL-APRB","","other","",False,"historical_only","2025-03-24","2026-04-24",31,0,0,0,0,0,False,0,False,False,"Not In Active Readiness Scope","Historical-only / not currently listed",False
"FCEPL-AUG","","other","",False,"historical_only","2019-07-22","2025-08-29",174,0,0,0,0,0,False,0,False,False,"Not In Active Readiness Scope","Historical-only / not currently listed",False
"FCEPL-CAUG","","unknown","",False,"historical_only","2019-07-11","2019-08-30",33,0,0,0,0,0,False,0,False,False,"Not In Active Readiness Scope","Historical-only / not currently listed",False
"FCEPL-CNOV","","unknown","",False,"historical_only","2019-09-02","2021-08-30",64,0,0,0,0,0,False,0,False,False,"Not In Active Readiness Scope","Historical-only / not currently listed",False
"FCEPL-COCT","","unknown","",False,"historical_only","2019-07-29","2019-10-25",59,0,0,0,0,0,False,0,False,False,"Not In Active Readiness Scope","Historical-only / not currently listed",False
"FCEPL-CSEP","","unknown","",False,"historical_only","2019-07-11","2019-09-27",51,0,0,0,0,0,False,0,False,False,"Not In Active Readiness Scope","Historical-only / not currently listed",False
"FCEPL-DEC","","other","",False,"historical_only","2019-11-25","2025-12-26",173,0,0,0,0,0,False,0,False,False,"Not In Active Readiness Scope","Historical-only / not currently listed",False
"FCEPL-FEB","","other","",False,"historical_only","2020-01-27","2026-02-27",142,0,0,0,0,0,False,0,False,False,"Not In Active Readiness Scope","Historical-only / not currently listed",False
"FCEPL-JAN","","other","",False,"historical_only","2019-12-23","2026-01-30",210,0,0,0,0,0,False,0,False,False,"Not In Active Readiness Scope","Historical-only / not currently listed",False
"FCEPL-JUL","","other","",False,"historical_only","2019-07-11","2026-07-31",184,0,0,0,0,0,False,0,False,False,"Not In Active Readiness Scope","Historical-only / not currently listed",False
"FCEPL-JUN","","other","",False,"historical_only","2020-06-01","2025-06-27",142,0,0,0,0,0,False,0,False,False,"Not In Active Readiness Scope","Historical-only / not currently listed",False
"FCEPL-JUNB","","other","",False,"historical_only","2026-05-12","2026-06-24",26,0,0,0,0,0,False,0,False,False,"Not In Active Readiness Scope","Historical-only / not currently listed",False
"FCEPL-MAR","","other","",False,"historical_only","2020-02-24","2026-03-27",133,0,0,0,0,0,False,0,False,False,"Not In Active Readiness Scope","Historical-only / not currently listed",False
"FCEPL-MAY","","other","",False,"historical_only","2020-04-20","2026-04-08",101,0,0,0,0,0,False,0,False,False,"Not In Active Readiness Scope","Historical-only / not currently listed",False
"FCEPL-MAYB","","other","",False,"historical_only","2025-04-16","2026-05-29",56,0,0,0,0,0,False,0,False,False,"Not In Active Readiness Scope","Historical-only / not currently listed",False
"FCEPL-NOV","","other","",False,"historical_only","2019-10-21","2025-11-28",177,0,0,0,0,0,False,0,False,False,"Not In Active Readiness Scope","Historical-only / not currently listed",False
"FCEPL-OCT","","other","",False,"historical_only","2019-09-23","2025-10-31",175,0,0,0,0,0,False,0,False,False,"Not In Active Readiness Scope","Historical-only / not currently listed",False
"FCEPL-ODL","","unknown","",False,"historical_only","2019-07-11","2020-04-10",183,0,0,0,0,0,False,0,False,False,"Not In Active Readiness Scope","Historical-only / not currently listed",False
"FCEPL-SEP","","other","",False,"historical_only","2019-08-26","2025-09-26",175,0,0,0,0,0,False,0,False,False,"Not In Active Readiness Scope","Historical-only / not currently listed",False
"FCIBL","First Credit and Investment Bank Limited","ordinary_equity","INV. BANKS / INV. COS. / SECURITIES COS.",True,"listed_recently_traded","2016-07-26","2026-08-05",1326,0,0,0,0,0,False,0,False,False,"Data Quality Issue","price is not positive",False
"FCIBL-ODL","","unknown","",False,"historical_only","2019-01-18","2020-03-20",51,0,0,0,0,0,False,0,False,False,"Not In Active Readiness Scope","Historical-only / not currently listed",False
"FCL","Fast Cables Limited","ordinary_equity","CABLE & ELECTRICAL GOODS",True,"listed_recently_traded","2024-06-10","2026-08-05",535,486,486,340,72,74,True,486,True,True,"Ready","Eligible active ordinary equity with sufficient usable history and complete split/scaler artifacts",True
"FCL-APR","","other","",False,"historical_only","2026-03-16","2026-04-24",25,0,0,0,0,0,False,0,False,False,"Not In Active Readiness Scope","Historical-only / not currently listed",False
"FCL-AUG","","other","",False,"historical_only","2025-07-28","2026-08-05",32,0,0,0,0,0,False,0,False,False,"Not In Active Readiness Scope","Historical-only / not currently listed",False
"FCL-DECB","","other","",False,"historical_only","2025-11-24","2025-12-26",23,0,0,0,0,0,False,0,False,False,"Not In Active Readiness Scope","Historical-only / not currently listed",False
"FCL-FEB","","other","",False,"historical_only","2026-01-27","2026-02-27",23,0,0,0,0,0,False,0,False,False,"Not In Active Readiness Scope","Historical-only / not currently listed",False
"FCL-JAN","","other","",False,"historical_only","2025-12-19","2026-01-30",30,0,0,0,0,0,False,0,False,False,"Not In Active Readiness Scope","Historical-only / not currently listed",False
"FCL-JUL","","other","",False,"historical_only","2026-06-16","2026-07-31",30,0,0,0,0,0,False,0,False,False,"Not In Active Readiness Scope","Historical-only / not currently listed",False
"FCL-JUN","","other","",False,"historical_only","2026-05-19","2026-06-24",24,0,0,0,0,0,False,0,False,False,"Not In Active Readiness Scope","Historical-only / not currently listed",False
"FCL-MAR","","other","",False,"historical_only","2026-02-23","2026-03-27",23,0,0,0,0,0,False,0,False,False,"Not In Active Readiness Scope","Historical-only / not currently listed",False
"FCL-MAY","","other","",False,"historical_only","2026-04-09","2026-05-29",27,0,0,0,0,0,False,0,False,False,"Not In Active Readiness Scope","Historical-only / not currently listed",False
"FCL-NOVB","","other","",False,"historical_only","2025-10-27","2025-11-28",24,0,0,0,0,0,False,0,False,False,"Not In Active Readiness Scope","Historical-only / not currently listed",False
"FCL-OCT","","other","",False,"historical_only","2025-09-22","2025-10-14",17,0,0,0,0,0,False,0,False,False,"Not In Active Readiness Scope","Historical-only / not currently listed",False
"FCL-OCTB","","other","",False,"historical_only","2025-10-13","2025-10-31",14,0,0,0,0,0,False,0,False,False,"Not In Active Readiness Scope","Historical-only / not currently listed",False
"FCL-SEP","","other","",False,"historical_only","2025-08-25","2025-09-26",25,0,0,0,0,0,False,0,False,False,"Not In Active Readiness Scope","Historical-only / not currently listed",False
"FCONM","First Constellation Modaraba","ordinary_equity","MODARABAS",True,"listed_not_recently_traded","2021-10-25","2024-09-26",21,0,0,0,0,0,False,0,False,False,"Not In Active Readiness Scope","Currently listed but not recently traded",False
"FCSC","First Capital Securities Corporation","ordinary_equity","INV. BANKS / INV. COS. / SECURITIES COS.",True,"listed_recently_traded","2016-07-26","2026-08-05",2470,0,0,0,0,0,False,0,False,False,"Data Quality Issue","price is not positive",False
"FCSC-ODL","","unknown","",False,"historical_only","2019-01-10","2020-04-09",86,0,0,0,0,0,False,0,False,False,"Not In Active Readiness Scope","Historical-only / not currently listed",False
"FDIBL","","unknown","",False,"historical_only","2016-07-26","2024-03-22",1892,0,1843,0,0,0,False,0,False,False,"Not In Active Readiness Scope","Historical-only / not currently listed",False
"FDIBL-ODL","","unknown","",False,"historical_only","2019-01-10","2020-04-07",90,0,0,0,0,0,False,0,False,False,"Not In Active Readiness Scope","Historical-only / not currently listed",False
"FDPL","First Dawood Properties Limited","ordinary_equity","INV. BANKS / INV. COS. / SECURITIES COS.",True,"listed_recently_traded","2016-07-26","2026-08-05",2475,2426,2426,1698,363,365,True,2426,True,True,"Ready","Eligible active ordinary equity with sufficient usable history and complete split/scaler artifacts",True
"FDPL-APR","","other","",False,"historical_only","2026-03-25","2026-04-24",4,0,0,0,0,0,False,0,False,False,"Not In Active Readiness Scope","Historical-only / not currently listed",False
"FDPL-AUG","","other","",False,"historical_only","2026-07-27","2026-08-05",7,0,0,0,0,0,False,0,False,False,"Not In Active Readiness Scope","Historical-only / not currently listed",False
"FDPL-FEB","","other","",False,"historical_only","2026-02-04","2026-02-27",10,0,0,0,0,0,False,0,False,False,"Not In Active Readiness Scope","Historical-only / not currently listed",False
"FDPL-JUL","","other","",False,"historical_only","2026-06-24","2026-07-31",24,0,0,0,0,0,False,0,False,False,"Not In Active Readiness Scope","Historical-only / not currently listed",False
"FDPL-JUN","","other","",False,"historical_only","2026-05-22","2026-06-24",21,0,0,0,0,0,False,0,False,False,"Not In Active Readiness Scope","Historical-only / not currently listed",False
"FDPL-MAR","","other","",False,"historical_only","2026-03-04","2026-03-27",8,0,0,0,0,0,False,0,False,False,"Not In Active Readiness Scope","Historical-only / not currently listed",False
"FDPL-MAY","","other","",False,"historical_only","2026-04-23","2026-05-29",13,0,0,0,0,0,False,0,False,False,"Not In Active Readiness Scope","Historical-only / not currently listed",False
"FECM","First Elite Capital Modaraba","ordinary_equity","MODARABAS",True,"listed_recently_traded","2016-07-26","2026-08-05",2231,0,0,0,0,0,False,0,False,False,"Data Quality Issue","price is not positive",False
"FECM-ODL","","unknown","",False,"historical_only","2019-01-10","2020-03-20",42,0,0,0,0,0,False,0,False,False,"Not In Active Readiness Scope","Historical-only / not currently listed",False
"FECTC","Fecto Cement Limited","ordinary_equity","CEMENT",True,"listed_recently_traded","2016-07-26","2026-08-05",2274,0,0,0,0,0,False,0,False,False,"Data Quality Issue","price is not positive",False
"FECTC-ODL","","unknown","",False,"historical_only","2019-01-11","2020-04-08",162,0,0,0,0,0,False,0,False,False,"Not In Active Readiness Scope","Historical-only / not currently listed",False
"FEM","First Equity Modaraba","ordinary_equity","MODARABAS",True,"listed_recently_traded","2016-07-26","2026-08-05",1704,0,0,0,0,0,False,0,False,False,"Data Quality Issue","price is not positive",False
"FEM-ODL","","unknown","",False,"historical_only","2019-01-10","2020-03-31",87,0,0,0,0,0,False,0,False,False,"Not In Active Readiness Scope","Historical-only / not currently listed",False
"FEROZ","Ferozsons Laboratories Limited","ordinary_equity","PHARMACEUTICALS",True,"listed_recently_traded","2016-07-26","2026-08-05",2480,2431,2431,1701,364,366,True,2431,True,True,"Ready","Eligible active ordinary equity with sufficient usable history and complete split/scaler artifacts",True
"FEROZ-APR","","other","",False,"historical_only","2022-01-31","2025-04-25",78,0,0,0,0,0,False,0,False,False,"Not In Active Readiness Scope","Historical-only / not currently listed",False
"FEROZ-AUG","","other","",False,"historical_only","2024-06-03","2024-08-30",59,0,0,0,0,0,False,0,False,False,"Not In Active Readiness Scope","Historical-only / not currently listed",False
"FEROZ-DEC","","other","",False,"historical_only","2020-11-23","2020-12-24",24,0,0,0,0,0,False,0,False,False,"Not In Active Readiness Scope","Historical-only / not currently listed",False
"FEROZ-DECB","","other","",False,"historical_only","2024-11-21","2024-12-27",12,0,0,0,0,0,False,0,False,False,"Not In Active Readiness Scope","Historical-only / not currently listed",False
"FEROZ-FEB","","other","",False,"historical_only","2021-01-25","2025-02-28",50,0,0,0,0,0,False,0,False,False,"Not In Active Readiness Scope","Historical-only / not currently listed",False
"FEROZ-JAN","","other","",False,"historical_only","2020-12-21","2025-01-31",44,0,0,0,0,0,False,0,False,False,"Not In Active Readiness Scope","Historical-only / not currently listed",False
"FEROZ-JUL","","other","",False,"historical_only","2022-05-06","2024-07-26",116,0,0,0,0,0,False,0,False,False,"Not In Active Readiness Scope","Historical-only / not currently listed",False
"FEROZ-JUN","","other","",False,"historical_only","2022-03-28","2024-06-28",100,0,0,0,0,0,False,0,False,False,"Not In Active Readiness Scope","Historical-only / not currently listed",False
"FEROZ-MAR","","other","",False,"historical_only","2022-02-01","2025-03-27",51,0,0,0,0,0,False,0,False,False,"Not In Active Readiness Scope","Historical-only / not currently listed",False
"FEROZ-MAY","","other","",False,"historical_only","2022-02-28","2024-05-31",82,0,0,0,0,0,False,0,False,False,"Not In Active Readiness Scope","Historical-only / not currently listed",False
"FEROZ-NOV","","other","",False,"historical_only","2020-10-26","2024-09-26",42,0,0,0,0,0,False,0,False,False,"Not In Active Readiness Scope","Historical-only / not currently listed",False
"FEROZ-NOVB","","other","",False,"historical_only","2024-10-23","2024-11-29",24,0,0,0,0,0,False,0,False,False,"Not In Active Readiness Scope","Historical-only / not currently listed",False
"FEROZ-OCT","","other","",False,"historical_only","2020-09-21","2024-10-15",67,0,0,0,0,0,False,0,False,False,"Not In Active Readiness Scope","Historical-only / not currently listed",False
"FEROZ-OCTB","","other","",False,"historical_only","2020-10-05","2024-10-25",30,0,0,0,0,0,False,0,False,False,"Not In Active Readiness Scope","Historical-only / not currently listed",False
"FEROZ-ODL","","unknown","",False,"historical_only","2019-01-10","2020-04-10",283,0,0,0,0,0,False,0,False,False,"Not In Active Readiness Scope","Historical-only / not currently listed",False
"FEROZ-SEP","","other","",False,"historical_only","2020-08-24","2024-09-27",86,0,0,0,0,0,False,0,False,False,"Not In Active Readiness Scope","Historical-only / not currently listed",False
"FFBL","","unknown","",False,"historical_only","2016-07-26","2024-12-20",2082,0,2033,0,0,0,False,0,False,False,"Not In Active Readiness Scope","Historical-only / not currently listed",False
"FFBL-APR","","other","",False,"historical_only","2017-03-27","2024-02-23",268,0,0,0,0,0,False,0,False,False,"Not In Active Readiness Scope","Historical-only / not currently listed",False
"FFBL-APRB","","other","",False,"historical_only","2024-02-19","2024-04-26",46,0,0,0,0,0,False,0,False,False,"Not In Active Readiness Scope","Historical-only / not currently listed",False
"FFBL-AUG","","other","",False,"historical_only","2017-07-24","2024-08-30",299,0,0,0,0,0,False,0,False,False,"Not In Active Readiness Scope","Historical-only / not currently listed",False
"FFBL-CAPR","","unknown","",False,"historical_only","2017-01-30","2021-04-30",254,0,0,0,0,0,False,0,False,False,"Not In Active Readiness Scope","Historical-only / not currently listed",False
"FFBL-CAUG","","unknown","",False,"historical_only","2017-05-29","2021-08-27",302,0,0,0,0,0,False,0,False,False,"Not In Active Readiness Scope","Historical-only / not currently listed",False
"FFBL-CDEC","","unknown","",False,"historical_only","2017-10-02","2021-10-22",145,0,0,0,0,0,False,0,False,False,"Not In Active Readiness Scope","Historical-only / not currently listed",False
"FFBL-CFEB","","unknown","",False,"historical_only","2017-01-02","2021-02-26",222,0,0,0,0,0,False,0,False,False,"Not In Active Readiness Scope","Historical-only / not currently listed",False
"FFBL-CJAN","","unknown","",False,"historical_only","2017-01-02","2019-01-25",145,0,0,0,0,0,False,0,False,False,"Not In Active Readiness Scope","Historical-only / not currently listed",False
"FFBL-CJUL","","unknown","",False,"historical_only","2017-05-02","2021-07-30",299,0,0,0,0,0,False,0,False,False,"Not In Active Readiness Scope","Historical-only / not currently listed",False
"FFBL-CJUN","","unknown","",False,"historical_only","2017-04-03","2021-06-25",299,0,0,0,0,0,False,0,False,False,"Not In Active Readiness Scope","Historical-only / not currently listed",False
"FFBL-CMAR","","unknown","",False,"historical_only","2017-01-02","2021-03-26",251,0,0,0,0,0,False,0,False,False,"Not In Active Readiness Scope","Historical-only / not currently listed",False
"FFBL-CMAY","","unknown","",False,"historical_only","2017-02-27","2021-05-28",252,0,0,0,0,0,False,0,False,False,"Not In Active Readiness Scope","Historical-only / not currently listed",False
"FFBL-CNOV","","unknown","",False,"historical_only","2017-08-28","2021-10-22",164,0,0,0,0,0,False,0,False,False,"Not In Active Readiness Scope","Historical-only / not currently listed",False
"FFBL-COCT","","unknown","",False,"historical_only","2017-07-31","2021-10-22",178,0,0,0,0,0,False,0,False,False,"Not In Active Readiness Scope","Historical-only / not currently listed",False
"FFBL-CSEP","","unknown","",False,"historical_only","2017-07-03","2021-09-24",302,0,0,0,0,0,False,0,False,False,"Not In Active Readiness Scope","Historical-only / not currently listed",False
"FFBL-DEC","","other","",False,"historical_only","2017-11-20","2024-12-17",286,0,0,0,0,0,False,0,False,False,"Not In Active Readiness Scope","Historical-only / not currently listed",False
"FFBL-FEB","","other","",False,"historical_only","2017-01-23","2024-02-23",313,0,0,0,0,0,False,0,False,False,"Not In Active Readiness Scope","Historical-only / not currently listed",False
"FFBL-JAN","","other","",False,"historical_only","2017-01-02","2024-01-26",307,0,0,0,0,0,False,0,False,False,"Not In Active Readiness Scope","Historical-only / not currently listed",False
"FFBL-JUL","","other","",False,"historical_only","2017-06-29","2024-07-26",302,0,0,0,0,0,False,0,False,False,"Not In Active Readiness Scope","Historical-only / not currently listed",False
"FFBL-JUN","","other","",False,"historical_only","2017-05-22","2024-06-28",292,0,0,0,0,0,False,0,False,False,"Not In Active Readiness Scope","Historical-only / not currently listed",False
"FFBL-MAR","","other","",False,"historical_only","2017-02-20","2024-02-23",296,0,0,0,0,0,False,0,False,False,"Not In Active Readiness Scope","Historical-only / not currently listed",False
"FFBL-MARB","","other","",False,"historical_only","2024-02-19","2024-03-29",30,0,0,0,0,0,False,0,False,False,"Not In Active Readiness Scope","Historical-only / not currently listed",False
"FFBL-MAY","","other","",False,"historical_only","2017-04-24","2024-05-31",302,0,0,0,0,0,False,0,False,False,"Not In Active Readiness Scope","Historical-only / not currently listed",False
"FFBL-NOV","","other","",False,"historical_only","2017-10-23","2024-11-29",311,0,0,0,0,0,False,0,False,False,"Not In Active Readiness Scope","Historical-only / not currently listed",False
"FFBL-OCT","","other","",False,"historical_only","2017-09-25","2024-10-25",321,0,0,0,0,0,False,0,False,False,"Not In Active Readiness Scope","Historical-only / not currently listed",False
"FFBL-ODL","","unknown","",False,"historical_only","2019-01-10","2020-04-10",305,0,256,0,0,0,False,0,False,False,"Not In Active Readiness Scope","Historical-only / not currently listed",False
"FFBL-SEP","","other","",False,"historical_only","2017-08-21","2024-09-27",312,0,0,0,0,0,False,0,False,False,"Not In Active Readiness Scope","Historical-only / not currently listed",False
"FFBLR","","unknown","",False,"historical_only","2020-11-25","2021-10-29",19,0,0,0,0,0,False,0,False,False,"Not In Active Readiness Scope","Historical-only / not currently listed",False
"FFC","Fauji Fertilizer Company Limited","ordinary_equity","FERTILIZER",True,"listed_recently_traded","2016-07-26","2026-08-05",2484,2435,2435,1704,365,366,True,2435,True,True,"Ready","Eligible active ordinary equity with sufficient usable history and complete split/scaler artifacts",True
"FFC-APR","","other","",False,"historical_only","2017-03-27","2024-02-23",183,0,0,0,0,0,False,0,False,False,"Not In Active Readiness Scope","Historical-only / not currently listed",False
"FFC-APRB","","other","",False,"historical_only","2022-02-28","2026-04-24",184,0,0,0,0,0,False,0,False,False,"Not In Active Readiness Scope","Historical-only / not currently listed",False
"FFC-AUG","","other","",False,"historical_only","2017-07-24","2026-08-05",259,0,0,0,0,0,False,0,False,False,"Not In Active Readiness Scope","Historical-only / not currently listed",False
"FFC-AUGB","","other","",False,"historical_only","2022-08-01","2026-08-05",81,0,0,0,0,0,False,0,False,False,"Not In Active Readiness Scope","Historical-only / not currently listed",False
"FFC-CAPR","","unknown","",False,"historical_only","2017-01-30","2021-04-30",312,0,0,0,0,0,False,0,False,False,"Not In Active Readiness Scope","Historical-only / not currently listed",False
"FFC-CAUG","","unknown","",False,"historical_only","2017-05-29","2020-08-28",242,0,0,0,0,0,False,0,False,False,"Not In Active Readiness Scope","Historical-only / not currently listed",False
"FFC-CDEC","","unknown","",False,"historical_only","2017-10-02","2025-12-19",281,0,0,0,0,0,False,0,False,False,"Not In Active Readiness Scope","Historical-only / not currently listed",False
"FFC-CFEB","","unknown","",False,"historical_only","2017-01-02","2021-02-26",285,0,0,0,0,0,False,0,False,False,"Not In Active Readiness Scope","Historical-only / not currently listed",False
"FFC-CJAN","","unknown","",False,"historical_only","2017-01-02","2026-01-26",290,0,0,0,0,0,False,0,False,False,"Not In Active Readiness Scope","Historical-only / not currently listed",False
"FFC-CJUL","","unknown","",False,"historical_only","2017-05-02","2020-07-30",243,0,0,0,0,0,False,0,False,False,"Not In Active Readiness Scope","Historical-only / not currently listed",False
"FFC-CJUN","","unknown","",False,"historical_only","2017-04-03","2021-06-25",299,0,0,0,0,0,False,0,False,False,"Not In Active Readiness Scope","Historical-only / not currently listed",False
"FFC-CMAR","","unknown","",False,"historical_only","2017-01-02","2021-03-26",314,0,0,0,0,0,False,0,False,False,"Not In Active Readiness Scope","Historical-only / not currently listed",False
"FFC-CMAY","","unknown","",False,"historical_only","2017-02-27","2021-05-28",311,0,0,0,0,0,False,0,False,False,"Not In Active Readiness Scope","Historical-only / not currently listed",False
"FFC-CNOV","","unknown","",False,"historical_only","2017-08-28","2021-10-22",291,0,0,0,0,0,False,0,False,False,"Not In Active Readiness Scope","Historical-only / not currently listed",False
"FFC-COCT","","unknown","",False,"historical_only","2017-07-31","2021-10-22",300,0,0,0,0,0,False,0,False,False,"Not In Active Readiness Scope","Historical-only / not currently listed",False
"FFC-CSEP","","unknown","",False,"historical_only","2017-07-03","2020-09-25",242,0,0,0,0,0,False,0,False,False,"Not In Active Readiness Scope","Historical-only / not currently listed",False
"FFC-DEC","","other","",False,"historical_only","2017-11-20","2024-12-27",170,0,0,0,0,0,False,0,False,False,"Not In Active Readiness Scope","Historical-only / not currently listed",False
"FFC-DECB","","other","",False,"historical_only","2021-11-05","2025-12-26",153,0,0,0,0,0,False,0,False,False,"Not In Active Readiness Scope","Historical-only / not currently listed",False
"FFC-FEB","","other","",False,"historical_only","2017-01-23","2026-02-27",318,0,0,0,0,0,False,0,False,False,"Not In Active Readiness Scope","Historical-only / not currently listed",False
"FFC-JAN","","other","",False,"historical_only","2017-01-02","2026-01-30",313,0,0,0,0,0,False,0,False,False,"Not In Active Readiness Scope","Historical-only / not currently listed",False
"FFC-JUL","","other","",False,"historical_only","2017-06-29","2024-05-07",226,0,0,0,0,0,False,0,False,False,"Not In Active Readiness Scope","Historical-only / not currently listed",False
"FFC-JULB","","other","",False,"historical_only","2024-05-03","2026-07-31",113,0,0,0,0,0,False,0,False,False,"Not In Active Readiness Scope","Historical-only / not currently listed",False
"FFC-JUN","","other","",False,"historical_only","2017-05-22","2026-05-06",176,0,0,0,0,0,False,0,False,False,"Not In Active Readiness Scope","Historical-only / not currently listed",False
"FFC-JUNB","","other","",False,"historical_only","2022-04-28","2026-06-24",162,0,0,0,0,0,False,0,False,False,"Not In Active Readiness Scope","Historical-only / not currently listed",False
"FFC-MAR","","other","",False,"historical_only","2017-02-20","2026-02-27",261,0,0,0,0,0,False,0,False,False,"Not In Active Readiness Scope","Historical-only / not currently listed",False
"FFC-MARB","","other","",False,"historical_only","2022-02-28","2026-03-27",113,0,0,0,0,0,False,0,False,False,"Not In Active Readiness Scope","Historical-only / not currently listed",False
"FFC-MAY","","other","",False,"historical_only","2017-04-24","2026-05-07",257,0,0,0,0,0,False,0,False,False,"Not In Active Readiness Scope","Historical-only / not currently listed",False
"FFC-MAYB","","other","",False,"historical_only","2022-04-28","2026-05-29",84,0,0,0,0,0,False,0,False,False,"Not In Active Readiness Scope","Historical-only / not currently listed",False
"FFC-MAYC","","other","",False,"historical_only","2025-05-02","2025-05-30",20,0,0,0,0,0,False,0,False,False,"Not In Active Readiness Scope","Historical-only / not currently listed",False
"FFC-NOV","","other","",False,"historical_only","2017-10-23","2025-10-31",266,0,0,0,0,0,False,0,False,False,"Not In Active Readiness Scope","Historical-only / not currently listed",False
"FFC-NOVB","","other","",False,"historical_only","2021-11-01","2025-11-28",78,0,0,0,0,0,False,0,False,False,"Not In Active Readiness Scope","Historical-only / not currently listed",False
"FFC-OCT","","other","",False,"historical_only","2017-09-25","2024-08-07",227,0,0,0,0,0,False,0,False,False,"Not In Active Readiness Scope","Historical-only / not currently listed",False
"FFC-OCTB","","other","",False,"historical_only","2021-08-30","2025-10-31",110,0,0,0,0,0,False,0,False,False,"Not In Active Readiness Scope","Historical-only / not currently listed",False
"FFC-ODL","","unknown","",False,"historical_only","2019-01-10","2020-03-20",295,0,246,0,0,0,False,0,False,False,"Not In Active Readiness Scope","Historical-only / not currently listed",False
"FFC-SEP","","other","",False,"historical_only","2017-08-21","2025-08-04",178,0,0,0,0,0,False,0,False,False,"Not In Active Readiness Scope","Historical-only / not currently listed",False
"FFC-SEPB","","other","",False,"historical_only","2021-09-20","2025-09-26",152,0,0,0,0,0,False,0,False,False,"Not In Active Readiness Scope","Historical-only / not currently listed",False
"FFL","Fauji Foods Limited","ordinary_equity","FOOD & PERSONAL CARE PRODUCTS",True,"listed_recently_traded","2016-07-26","2026-08-05",2484,2435,2435,1704,365,366,True,2435,True,True,"Ready","Eligible active ordinary equity with sufficient usable history and complete split/scaler artifacts",True
"FFL-APR","","other","",False,"historical_only","2019-03-25","2026-04-24",281,0,0,0,0,0,False,0,False,False,"Not In Active Readiness Scope","Historical-only / not currently listed",False
"FFL-AUG","","other","",False,"historical_only","2019-07-22","2026-08-05",289,0,0,0,0,0,False,0,False,False,"Not In Active Readiness Scope","Historical-only / not currently listed",False
"FFL-CDEC","","unknown","",False,"historical_only","2021-09-27","2021-10-22",19,0,0,0,0,0,False,0,False,False,"Not In Active Readiness Scope","Historical-only / not currently listed",False
"FFL-CNOV","","unknown","",False,"historical_only","2021-08-30","2021-10-22",39,0,0,0,0,0,False,0,False,False,"Not In Active Readiness Scope","Historical-only / not currently listed",False
"FFL-COCT","","unknown","",False,"historical_only","2021-08-02","2021-10-22",57,0,0,0,0,0,False,0,False,False,"Not In Active Readiness Scope","Historical-only / not currently listed",False
"FFL-DEC","","other","",False,"historical_only","2018-11-26","2025-12-26",229,0,0,0,0,0,False,0,False,False,"Not In Active Readiness Scope","Historical-only / not currently listed",False
"FFL-DECB","","other","",False,"historical_only","2021-10-11","2021-12-31",45,0,0,0,0,0,False,0,False,False,"Not In Active Readiness Scope","Historical-only / not currently listed",False
"FFL-FEB","","other","",False,"historical_only","2019-01-21","2026-02-27",298,0,0,0,0,0,False,0,False,False,"Not In Active Readiness Scope","Historical-only / not currently listed",False
"FFL-JAN","","other","",False,"historical_only","2018-12-24","2026-01-30",305,0,0,0,0,0,False,0,False,False,"Not In Active Readiness Scope","Historical-only / not currently listed",False
"FFL-JUL","","other","",False,"historical_only","2019-06-24","2026-07-31",285,0,0,0,0,0,False,0,False,False,"Not In Active Readiness Scope","Historical-only / not currently listed",False
"FFL-JUN","","other","",False,"historical_only","2019-05-27","2026-06-24",269,0,0,0,0,0,False,0,False,False,"Not In Active Readiness Scope","Historical-only / not currently listed",False
"FFL-MAR","","other","",False,"historical_only","2019-02-18","2026-03-27",289,0,0,0,0,0,False,0,False,False,"Not In Active Readiness Scope","Historical-only / not currently listed",False
"FFL-MAY","","other","",False,"historical_only","2019-04-22","2026-05-29",290,0,0,0,0,0,False,0,False,False,"Not In Active Readiness Scope","Historical-only / not currently listed",False
"FFL-NOV","","other","",False,"historical_only","2018-10-22","2025-11-28",266,0,0,0,0,0,False,0,False,False,"Not In Active Readiness Scope","Historical-only / not currently listed",False
"FFL-NOVB","","other","",False,"historical_only","2021-10-11","2021-11-26",27,0,0,0,0,0,False,0,False,False,"Not In Active Readiness Scope","Historical-only / not currently listed",False
"FFL-OCT","","other","",False,"historical_only","2018-09-24","2025-10-31",295,0,0,0,0,0,False,0,False,False,"Not In Active Readiness Scope","Historical-only / not currently listed",False
"FFL-OCTB","","other","",False,"historical_only","2021-10-11","2021-10-29",14,0,0,0,0,0,False,0,False,False,"Not In Active Readiness Scope","Historical-only / not currently listed",False
"FFL-ODL","","unknown","",False,"historical_only","2019-01-10","2020-04-10",304,0,255,0,0,0,False,0,False,False,"Not In Active Readiness Scope","Historical-only / not currently listed",False
"FFL-SEP","","other","",False,"historical_only","2018-08-27","2026-07-07",288,0,0,0,0,0,False,0,False,False,"Not In Active Readiness Scope","Historical-only / not currently listed",False
"FFLM","First Fidelity Leasing Modaraba","ordinary_equity","MODARABAS",True,"listed_recently_traded","2016-07-26","2026-08-05",1327,0,0,0,0,0,False,0,False,False,"Data Quality Issue","price is not positive",False
"FFLM-ODL","","unknown","",False,"historical_only","2019-01-10","2020-04-03",59,0,0,0,0,0,False,0,False,False,"Not In Active Readiness Scope","Historical-only / not currently listed",False
"FFLNV","","unknown","",False,"historical_only","2017-01-02","2018-03-15",297,0,248,0,0,0,False,0,False,False,"Not In Active Readiness Scope","Historical-only / not currently listed",False
"FFLNVR","","unknown","",False,"historical_only","2017-10-05","2017-10-27",17,0,0,0,0,0,False,0,False,False,"Not In Active Readiness Scope","Historical-only / not currently listed",False
"FFLR","","unknown","",False,"historical_only","2017-10-05","2017-10-27",17,0,0,0,0,0,False,0,False,False,"Not In Active Readiness Scope","Historical-only / not currently listed",False
"FFLR1","","unknown","",False,"historical_only","2021-11-09","2021-12-01",17,0,0,0,0,0,False,0,False,False,"Not In Active Readiness Scope","Historical-only / not currently listed",False
"FHAM","First Habib Modaraba","ordinary_equity","MODARABAS",True,"listed_recently_traded","2016-07-26","2026-08-05",2247,0,0,0,0,0,False,0,False,False,"Data Quality Issue","price is not positive",False
"FHAM-ODL","","unknown","",False,"historical_only","2019-01-10","2020-04-08",118,0,0,0,0,0,False,0,False,False,"Not In Active Readiness Scope","Historical-only / not currently listed",False
"FIBLM","First IBL Modaraba","ordinary_equity","MODARABAS",True,"listed_recently_traded","2016-07-26","2026-08-05",1163,0,0,0,0,0,False,0,False,False,"Data Quality Issue","price is not positive",False
"FIBLM-ODL","","unknown","",False,"historical_only","2019-01-23","2020-03-18",35,0,0,0,0,0,False,0,False,False,"Not In Active Readiness Scope","Historical-only / not currently listed",False
"FIL","Fateh Industries Limited","ordinary_equity","LEATHER & TANNERIES",True,"non_compliant","2016-07-26","2026-08-05",494,0,0,0,0,0,False,0,False,False,"Data Quality Issue","price is not positive",False
"FIM","First Investec Modaraba","ordinary_equity","MODARABAS",True,"non_compliant","2021-10-25","2024-09-26",21,0,0,0,0,0,False,0,False,False,"Not In Active Readiness Scope","Currently listed but not recently traded",False
"FIMM","First Imrooz Modaraba","ordinary_equity","MODARABAS",True,"listed_recently_traded","2016-07-26","2026-08-05",719,0,0,0,0,0,False,0,False,False,"Data Quality Issue","price is not positive",False
"FIMM-ODL","","unknown","",False,"historical_only","2019-01-23","2020-03-19",11,0,0,0,0,0,False,0,False,False,"Not In Active Readiness Scope","Historical-only / not currently listed",False
"FLYNG","Flying Cement Company Limited","ordinary_equity","CEMENT",True,"listed_recently_traded","2016-07-26","2026-08-05",2427,0,0,0,0,0,False,0,False,False,"Data Quality Issue","price is not positive",False
"FLYNG-APR","","other","",False,"historical_only","2022-01-31","2026-04-24",226,0,0,0,0,0,False,0,False,False,"Not In Active Readiness Scope","Historical-only / not currently listed",False
"FLYNG-AUG","","other","",False,"historical_only","2022-05-30","2025-08-29",173,0,0,0,0,0,False,0,False,False,"Not In Active Readiness Scope","Historical-only / not currently listed",False
"FLYNG-DEC","","other","",False,"historical_only","2021-11-15","2025-12-26",211,0,0,0,0,0,False,0,False,False,"Not In Active Readiness Scope","Historical-only / not currently listed",False
"FLYNG-FEB","","other","",False,"historical_only","2021-11-29","2026-02-27",228,0,0,0,0,0,False,0,False,False,"Not In Active Readiness Scope","Historical-only / not currently listed",False
"FLYNG-FEBB","","other","",False,"historical_only","2022-01-31","2022-02-25",20,0,0,0,0,0,False,0,False,False,"Not In Active Readiness Scope","Historical-only / not currently listed",False
"FLYNG-JAN","","other","",False,"historical_only","2021-11-15","2026-01-30",239,0,0,0,0,0,False,0,False,False,"Not In Active Readiness Scope","Historical-only / not currently listed",False
"FLYNG-JUL","","other","",False,"historical_only","2022-05-06","2025-07-25",201,0,0,0,0,0,False,0,False,False,"Not In Active Readiness Scope","Historical-only / not currently listed",False
"FLYNG-JUN","","other","",False,"historical_only","2022-03-28","2025-06-27",201,0,0,0,0,0,False,0,False,False,"Not In Active Readiness Scope","Historical-only / not currently listed",False
"FLYNG-MAR","","other","",False,"historical_only","2022-01-03","2026-03-27",197,0,0,0,0,0,False,0,False,False,"Not In Active Readiness Scope","Historical-only / not currently listed",False
"FLYNG-MARB","","other","",False,"historical_only","2022-01-31","2022-03-25",39,0,0,0,0,0,False,0,False,False,"Not In Active Readiness Scope","Historical-only / not currently listed",False
"FLYNG-MAY","","other","",False,"historical_only","2022-02-28","2025-05-30",209,0,0,0,0,0,False,0,False,False,"Not In Active Readiness Scope","Historical-only / not currently listed",False
"FLYNG-NOV","","other","",False,"historical_only","2021-11-04","2025-11-28",213,0,0,0,0,0,False,0,False,False,"Not In Active Readiness Scope","Historical-only / not currently listed",False
"FLYNG-OCT","","other","",False,"historical_only","2022-08-01","2025-10-31",216,0,0,0,0,0,False,0,False,False,"Not In Active Readiness Scope","Historical-only / not currently listed",False
"FLYNG-ODL","","unknown","",False,"historical_only","2019-01-10","2020-04-08",109,0,0,0,0,0,False,0,False,False,"Not In Active Readiness Scope","Historical-only / not currently listed",False
"FLYNG-SEP","","other","",False,"historical_only","2022-06-27","2025-09-26",193,0,0,0,0,0,False,0,False,False,"Not In Active Readiness Scope","Historical-only / not currently listed",False
"FLYNGR","","unknown","",False,"historical_only","2021-04-05","2021-04-27",17,0,0,0,0,0,False,0,False,False,"Not In Active Readiness Scope","Historical-only / not currently listed",False
"FLYNGR1","","unknown","",False,"historical_only","2022-02-24","2022-03-17",16,0,0,0,0,0,False,0,False,False,"Not In Active Readiness Scope","Historical-only / not currently listed",False
"FML","Feroze1888 Mills Limited","ordinary_equity","TEXTILE COMPOSITE",True,"listed_recently_traded","2016-07-26","2026-08-05",2167,0,0,0,0,0,False,0,False,False,"Data Quality Issue","price is not positive",False
"FML-ODL","","unknown","",False,"historical_only","2019-01-10","2020-04-07",154,0,0,0,0,0,False,0,False,False,"Not In Active Readiness Scope","Historical-only / not currently listed",False
"FMLR","","unknown","",False,"historical_only","2021-12-08","2021-12-30",16,0,0,0,0,0,False,0,False,False,"Not In Active Readiness Scope","Historical-only / not currently listed",False
"FNBM","First National Bank Modaraba","ordinary_equity","MODARABAS",True,"non_compliant","2016-07-26","2024-09-26",567,0,0,0,0,0,False,0,False,False,"Not In Active Readiness Scope","Currently listed but not recently traded",False
"FNBM-ODL","","unknown","",False,"historical_only","2019-01-10","2020-03-19",24,0,0,0,0,0,False,0,False,False,"Not In Active Readiness Scope","Historical-only / not currently listed",False
"FNEL","First National Equities Limited","ordinary_equity","INV. BANKS / INV. COS. / SECURITIES COS.",True,"listed_recently_traded","2016-07-26","2026-08-05",2422,0,0,0,0,0,False,0,False,False,"Data Quality Issue","price is not positive",False
"FNEL-ODL","","unknown","",False,"historical_only","2019-01-21","2020-03-19",79,0,0,0,0,0,False,0,False,False,"Not In Active Readiness Scope","Historical-only / not currently listed",False
"FPJM","First Punjab Modaraba","ordinary_equity","MODARABAS",True,"listed_recently_traded","2016-07-26","2026-08-05",1881,0,0,0,0,0,False,0,False,False,"Data Quality Issue","price is not positive",False
"FPJM-ODL","","unknown","",False,"historical_only","2019-01-10","2020-04-10",78,0,0,0,0,0,False,0,False,False,"Not In Active Readiness Scope","Historical-only / not currently listed",False
"FPRM","First Paramount Modaraba","ordinary_equity","MODARABAS",True,"listed_recently_traded","2016-07-26","2026-08-05",1327,0,0,0,0,0,False,0,False,False,"Data Quality Issue","price is not positive",False
"FPRM-ODL","","unknown","",False,"historical_only","2019-01-16","2020-03-31",47,0,0,0,0,0,False,0,False,False,"Not In Active Readiness Scope","Historical-only / not currently listed",False
"FRCL","Frontier Ceramics Limited","ordinary_equity","GLASS & CERAMICS",True,"listed_recently_traded","2016-07-26","2026-08-05",1600,0,0,0,0,0,False,0,False,False,"Data Quality Issue","price is not positive",False
"FRCL-ODL","","unknown","",False,"historical_only","2019-01-23","2020-04-07",20,0,0,0,0,0,False,0,False,False,"Not In Active Readiness Scope","Historical-only / not currently listed",False
"FRSM","Faran Sugar Mills Limited","ordinary_equity","SUGAR & ALLIED INDUSTRIES",True,"listed_recently_traded","2016-07-26","2026-08-05",1843,0,0,0,0,0,False,0,False,False,"Data Quality Issue","price is not positive",False
"FRSM-ODL","","unknown","",False,"historical_only","2019-01-10","2020-03-31",114,0,0,0,0,0,False,0,False,False,"Not In Active Readiness Scope","Historical-only / not currently listed",False
"FRSMR","","unknown","",False,"historical_only","2024-12-05","2024-12-27",16,0,0,0,0,0,False,0,False,False,"Not In Active Readiness Scope","Historical-only / not currently listed",False
"FSWL","Fateh Sports Wear Limited","ordinary_equity","TEXTILE COMPOSITE",True,"non_compliant","2016-07-26","2026-08-05",485,0,0,0,0,0,False,0,False,False,"Data Quality Issue","price is not positive",False
"FTHM","Fateh Textile Mills Limited","ordinary_equity","TEXTILE COMPOSITE",True,"non_compliant","2021-10-25","2024-09-26",21,0,0,0,0,0,False,0,False,False,"Not In Active Readiness Scope","Currently listed but not recently traded",False
"FTMM","First Treet Manufacturing Modaraba","ordinary_equity","MODARABAS",True,"listed_recently_traded","2016-07-26","2026-08-05",1571,0,0,0,0,0,False,0,False,False,"Data Quality Issue","price is not positive",False
"FTMM-ODL","","unknown","",False,"historical_only","2019-01-23","2020-03-19",37,0,0,0,0,0,False,0,False,False,"Not In Active Readiness Scope","Historical-only / not currently listed",False
"FTSM","First Tri-Star Modaraba","ordinary_equity","MODARABAS",True,"listed_recently_traded","2016-07-26","2026-08-05",992,0,0,0,0,0,False,0,False,False,"Data Quality Issue","price is not positive",False
"FTSM-ODL","","unknown","",False,"historical_only","2019-01-23","2020-03-18",12,0,0,0,0,0,False,0,False,False,"Not In Active Readiness Scope","Historical-only / not currently listed",False
"FUDLM","","unknown","",False,"historical_only","2017-01-02","2024-06-07",1637,0,0,0,0,0,False,0,False,False,"Not In Active Readiness Scope","Historical-only / not currently listed",False
"FUDLM-ODL","","unknown","",False,"historical_only","2019-01-10","2020-03-26",197,0,0,0,0,0,False,0,False,False,"Not In Active Readiness Scope","Historical-only / not currently listed",False
"FZCM","Fazal Cloth Mills Limited","ordinary_equity","TEXTILE COMPOSITE",True,"listed_recently_traded","2016-07-26","2026-08-05",1714,0,0,0,0,0,False,0,False,False,"Data Quality Issue","price is not positive",False
"FZCM-ODL","","unknown","",False,"historical_only","2019-01-23","2020-03-18",50,0,0,0,0,0,False,0,False,False,"Not In Active Readiness Scope","Historical-only / not currently listed",False
"GADT","Gadoon Textile Mills Limited","ordinary_equity","TEXTILE SPINNING",True,"listed_recently_traded","2016-07-26","2026-08-05",2123,0,0,0,0,0,False,0,False,False,"Data Quality Issue","price is not positive",False
"GADT-ODL","","unknown","",False,"historical_only","2019-01-14","2020-04-08",71,0,0,0,0,0,False,0,False,False,"Not In Active Readiness Scope","Historical-only / not currently listed",False
"GAIL","","unknown","",False,"historical_only","2016-07-26","2021-10-29",1277,0,0,0,0,0,False,0,False,False,"Not In Active Readiness Scope","Historical-only / not currently listed",False
"GAIL-ODL","","unknown","",False,"historical_only","2019-01-10","2020-04-10",134,0,0,0,0,0,False,0,False,False,"Not In Active Readiness Scope","Historical-only / not currently listed",False
"GAILR1","","unknown","",False,"historical_only","2018-09-06","2018-09-28",15,0,0,0,0,0,False,0,False,False,"Not In Active Readiness Scope","Historical-only / not currently listed",False
"GAL","Ghandhara Automobiles Limited","ordinary_equity","AUTOMOBILE ASSEMBLER",True,"listed_recently_traded","2016-07-26","2026-08-05",2483,2434,2434,1703,365,366,True,2434,True,True,"Ready","Eligible active ordinary equity with sufficient usable history and complete split/scaler artifacts",True
"GAL-APR","","other","",False,"historical_only","2025-03-21","2026-04-24",49,0,0,0,0,0,False,0,False,False,"Not In Active Readiness Scope","Historical-only / not currently listed",False
"GAL-AUG","","other","",False,"historical_only","2024-07-29","2026-08-05",65,16,16,0,0,0,False,0,False,False,"Not In Active Readiness Scope","Historical-only / not currently listed",False
"GAL-DEC","","other","",False,"historical_only","2024-11-20","2024-12-27",26,0,0,0,0,0,False,0,False,False,"Not In Active Readiness Scope","Historical-only / not currently listed",False
"GAL-DECB","","other","",False,"historical_only","2025-11-24","2025-12-26",24,0,0,0,0,0,False,0,False,False,"Not In Active Readiness Scope","Historical-only / not currently listed",False
"GAL-FEB","","other","",False,"historical_only","2025-01-13","2026-02-27",61,12,12,0,0,0,False,0,False,False,"Not In Active Readiness Scope","Historical-only / not currently listed",False
"GAL-JAN","","other","",False,"historical_only","2024-12-19","2026-01-30",60,11,11,0,0,0,False,0,False,False,"Not In Active Readiness Scope","Historical-only / not currently listed",False
"GAL-JUL","","other","",False,"historical_only","2025-06-05","2026-07-31",57,8,8,0,0,0,False,0,False,False,"Not In Active Readiness Scope","Historical-only / not currently listed",False
"GAL-JUN","","other","",False,"historical_only","2025-04-29","2026-06-24",53,4,4,0,0,0,False,0,False,False,"Not In Active Readiness Scope","Historical-only / not currently listed",False
"GAL-MAR","","other","",False,"historical_only","2025-02-07","2026-03-27",54,5,5,0,0,0,False,0,False,False,"Not In Active Readiness Scope","Historical-only / not currently listed",False
"GAL-MAY","","other","",False,"historical_only","2025-04-21","2026-05-29",57,0,0,0,0,0,False,0,False,False,"Not In Active Readiness Scope","Historical-only / not currently listed",False
"GAL-NOV","","other","",False,"historical_only","2024-09-02","2024-11-29",51,0,0,0,0,0,False,0,False,False,"Not In Active Readiness Scope","Historical-only / not currently listed",False
"GAL-NOVB","","other","",False,"historical_only","2025-10-22","2025-11-28",27,0,0,0,0,0,False,0,False,False,"Not In Active Readiness Scope","Historical-only / not currently listed",False
"GAL-OCT","","other","",False,"historical_only","2024-07-29","2025-10-13",81,0,0,0,0,0,False,0,False,False,"Not In Active Readiness Scope","Historical-only / not currently listed",False
"GAL-OCTB","","other","",False,"historical_only","2025-10-08","2025-10-31",18,0,0,0,0,0,False,0,False,False,"Not In Active Readiness Scope","Historical-only / not currently listed",False
"GAL-SEP","","other","",False,"historical_only","2024-07-29","2025-09-26",71,0,0,0,0,0,False,0,False,False,"Not In Active Readiness Scope","Historical-only / not currently listed",False
"GAMON","Gammon Pakistan Limited","ordinary_equity","MISCELLANEOUS",True,"non_compliant","2016-07-26","2026-08-05",1926,0,0,0,0,0,False,0,False,False,"Data Quality Issue","price is not positive",False
"GAMON-ODL","","unknown","",False,"historical_only","2019-01-18","2020-04-08",41,0,0,0,0,0,False,0,False,False,"Not In Active Readiness Scope","Historical-only / not currently listed",False
"GASF","","unknown","",False,"historical_only","2016-07-26","2019-11-13",815,0,766,0,0,0,False,0,False,False,"Not In Active Readiness Scope","Historical-only / not currently listed",False
"GASF-ODL","","unknown","",False,"historical_only","2019-01-10","2019-11-13",102,0,0,0,0,0,False,0,False,False,"Not In Active Readiness Scope","Historical-only / not currently listed",False
"GATI","Gatron (Industries) Limited","ordinary_equity","SYNTHETIC & RAYON",True,"listed_recently_traded","2016-07-26","2026-08-05",1680,0,0,0,0,0,False,0,False,False,"Data Quality Issue","price is not positive",False
"GATI-ODL","","unknown","",False,"historical_only","2019-01-23","2020-04-09",44,0,0,0,0,0,False,0,False,False,"Not In Active Readiness Scope","Historical-only / not currently listed",False
"GATIR","","unknown","",False,"historical_only","2024-02-16","2024-03-08",16,0,0,0,0,0,False,0,False,False,"Not In Active Readiness Scope","Historical-only / not currently listed",False
"GATM","Gul Ahmed Textile Mills Limited","ordinary_equity","TEXTILE COMPOSITE",True,"listed_recently_traded","2016-07-26","2026-08-05",2484,2435,2435,1704,365,366,True,2435,True,True,"Ready","Eligible active ordinary equity with sufficient usable history and complete split/scaler artifacts",True
"GATM-APR","","other","",False,"historical_only","2019-03-25","2026-04-24",306,0,0,0,0,0,False,0,False,False,"Not In Active Readiness Scope","Historical-only / not currently listed",False
"GATM-AUG","","other","",False,"historical_only","2019-07-22","2026-08-05",246,0,0,0,0,0,False,0,False,False,"Not In Active Readiness Scope","Historical-only / not currently listed",False
"GATM-AUGB","","other","",False,"historical_only","2023-06-14","2023-08-25",48,0,0,0,0,0,False,0,False,False,"Not In Active Readiness Scope","Historical-only / not currently listed",False
"GATM-CAPR","","unknown","",False,"historical_only","2018-01-29","2021-04-30",190,0,0,0,0,0,False,0,False,False,"Not In Active Readiness Scope","Historical-only / not currently listed",False
"GATM-CAUG","","unknown","",False,"historical_only","2019-06-03","2021-08-27",180,0,0,0,0,0,False,0,False,False,"Not In Active Readiness Scope","Historical-only / not currently listed",False
"GATM-CDEC","","unknown","",False,"historical_only","2017-10-02","2021-10-22",208,0,0,0,0,0,False,0,False,False,"Not In Active Readiness Scope","Historical-only / not currently listed",False
"GATM-CFEB","","unknown","",False,"historical_only","2017-11-27","2021-02-26",182,0,0,0,0,0,False,0,False,False,"Not In Active Readiness Scope","Historical-only / not currently listed",False
"GATM-CJAN","","unknown","",False,"historical_only","2017-10-30","2021-01-29",127,0,0,0,0,0,False,0,False,False,"Not In Active Readiness Scope","Historical-only / not currently listed",False
"GATM-CJUL","","unknown","",False,"historical_only","2019-04-29","2021-07-30",179,0,0,0,0,0,False,0,False,False,"Not In Active Readiness Scope","Historical-only / not currently listed",False
"GATM-CJUN","","unknown","",False,"historical_only","2019-04-01","2021-06-25",178,0,0,0,0,0,False,0,False,False,"Not In Active Readiness Scope","Historical-only / not currently listed",False
"GATM-CMAR","","unknown","",False,"historical_only","2018-01-01","2021-03-26",187,0,0,0,0,0,False,0,False,False,"Not In Active Readiness Scope","Historical-only / not currently listed",False
"GATM-CMAY","","unknown","",False,"historical_only","2019-02-25","2021-05-28",126,0,0,0,0,0,False,0,False,False,"Not In Active Readiness Scope","Historical-only / not currently listed",False
"GATM-CNOV","","unknown","",False,"historical_only","2017-08-28","2021-10-22",165,0,0,0,0,0,False,0,False,False,"Not In Active Readiness Scope","Historical-only / not currently listed",False
"GATM-COCT","","unknown","",False,"historical_only","2019-07-29","2021-10-22",116,0,0,0,0,0,False,0,False,False,"Not In Active Readiness Scope","Historical-only / not currently listed",False
"GATM-CSEP","","unknown","",False,"historical_only","2019-07-01","2021-09-24",182,0,0,0,0,0,False,0,False,False,"Not In Active Readiness Scope","Historical-only / not currently listed",False
"GATM-DEC","","other","",False,"historical_only","2017-11-20","2025-12-26",313,0,0,0,0,0,False,0,False,False,"Not In Active Readiness Scope","Historical-only / not currently listed",False
"GATM-FEB","","other","",False,"historical_only","2018-01-22","2026-02-27",332,0,0,0,0,0,False,0,False,False,"Not In Active Readiness Scope","Historical-only / not currently listed",False
"GATM-JAN","","other","",False,"historical_only","2017-12-26","2026-01-30",344,0,0,0,0,0,False,0,False,False,"Not In Active Readiness Scope","Historical-only / not currently listed",False
"GATM-JUL","","other","",False,"historical_only","2019-06-24","2026-07-31",288,0,0,0,0,0,False,0,False,False,"Not In Active Readiness Scope","Historical-only / not currently listed",False
"GATM-JULB","","other","",False,"historical_only","2023-06-14","2023-07-27",29,0,0,0,0,0,False,0,False,False,"Not In Active Readiness Scope","Historical-only / not currently listed",False
"GATM-JUN","","other","",False,"historical_only","2019-05-27","2026-06-24",279,0,0,0,0,0,False,0,False,False,"Not In Active Readiness Scope","Historical-only / not currently listed",False
"GATM-JUNB","","other","",False,"historical_only","2023-06-14","2023-06-27",10,0,0,0,0,0,False,0,False,False,"Not In Active Readiness Scope","Historical-only / not currently listed",False
"GATM-MAR","","other","",False,"historical_only","2018-02-19","2026-03-27",337,0,0,0,0,0,False,0,False,False,"Not In Active Readiness Scope","Historical-only / not currently listed",False
"GATM-MAY","","other","",False,"historical_only","2019-04-22","2026-05-29",310,0,0,0,0,0,False,0,False,False,"Not In Active Readiness Scope","Historical-only / not currently listed",False
"GATM-NOV","","other","",False,"historical_only","2017-10-23","2025-11-28",336,0,0,0,0,0,False,0,False,False,"Not In Active Readiness Scope","Historical-only / not currently listed",False
"GATM-OCT","","other","",False,"historical_only","2017-09-25","2025-10-31",336,0,0,0,0,0,False,0,False,False,"Not In Active Readiness Scope","Historical-only / not currently listed",False
"GATM-OCTB","","other","",False,"historical_only","2017-10-09","2019-10-25",30,0,0,0,0,0,False,0,False,False,"Not In Active Readiness Scope","Historical-only / not currently listed",False
"GATM-ODL","","unknown","",False,"historical_only","2019-01-10","2020-04-10",261,0,0,0,0,0,False,0,False,False,"Not In Active Readiness Scope","Historical-only / not currently listed",False
"GATM-SEP","","other","",False,"historical_only","2017-08-21","2026-06-29",313,0,0,0,0,0,False,0,False,False,"Not In Active Readiness Scope","Historical-only / not currently listed",False
"GATMR2","","unknown","",False,"historical_only","2017-04-17","2017-05-22",25,0,0,0,0,0,False,0,False,False,"Not In Active Readiness Scope","Historical-only / not currently listed",False
"GCIL","Ghani Chemical Industries Limited","ordinary_equity","CHEMICAL",True,"listed_recently_traded","2022-11-14","2026-08-05",923,874,874,611,131,132,True,874,True,True,"Ready","Eligible active ordinary equity with sufficient usable history and complete split/scaler artifacts",True
"GCIL-APR","","other","",False,"historical_only","2026-03-24","2026-04-24",24,0,0,0,0,0,False,0,False,False,"Not In Active Readiness Scope","Historical-only / not currently listed",False
"GCIL-AUG","","other","",False,"historical_only","2025-07-15","2026-08-05",45,0,0,0,0,0,False,0,False,False,"Not In Active Readiness Scope","Historical-only / not currently listed",False
"GCIL-DEC","","other","",False,"historical_only","2025-11-03","2025-12-26",26,0,0,0,0,0,False,0,False,False,"Not In Active Readiness Scope","Historical-only / not currently listed",False
"GCIL-FEB","","other","",False,"historical_only","2026-01-20","2026-02-27",27,0,0,0,0,0,False,0,False,False,"Not In Active Readiness Scope","Historical-only / not currently listed",False
"GCIL-JAN","","other","",False,"historical_only","2025-12-19","2026-01-30",30,0,0,0,0,0,False,0,False,False,"Not In Active Readiness Scope","Historical-only / not currently listed",False
"GCIL-JUL","","other","",False,"historical_only","2025-06-17","2026-07-31",56,7,7,0,0,0,False,0,False,False,"Not In Active Readiness Scope","Historical-only / not currently listed",False
"GCIL-JUN","","other","",False,"historical_only","2025-05-15","2026-06-24",53,4,4,0,0,0,False,0,False,False,"Not In Active Readiness Scope","Historical-only / not currently listed",False
"GCIL-MAR","","other","",False,"historical_only","2026-02-24","2026-03-27",22,0,0,0,0,0,False,0,False,False,"Not In Active Readiness Scope","Historical-only / not currently listed",False
"GCIL-MAY","","other","",False,"historical_only","2025-04-28","2026-05-29",50,1,1,0,0,0,False,0,False,False,"Not In Active Readiness Scope","Historical-only / not currently listed",False
"GCIL-NOV","","other","",False,"historical_only","2025-10-07","2025-11-28",32,0,0,0,0,0,False,0,False,False,"Not In Active Readiness Scope","Historical-only / not currently listed",False
"GCIL-OCT","","other","",False,"historical_only","2025-09-02","2025-10-31",31,0,0,0,0,0,False,0,False,False,"Not In Active Readiness Scope","Historical-only / not currently listed",False
"GCIL-SEP","","other","",False,"historical_only","2025-08-18","2025-09-26",27,0,0,0,0,0,False,0,False,False,"Not In Active Readiness Scope","Historical-only / not currently listed",False
"GCILB","","unknown","",False,"historical_only","2022-11-25","2023-05-08",87,0,0,0,0,0,False,0,False,False,"Not In Active Readiness Scope","Historical-only / not currently listed",False
"GCWL","Ghani Chemworld Limited","ordinary_equity","CHEMICAL",True,"listed_recently_traded","2025-04-24","2026-08-05",320,271,271,189,40,42,True,271,True,True,"Ready","Eligible active ordinary equity with sufficient usable history and complete split/scaler artifacts",True
"GCWLR","","unknown","",False,"historical_only","2026-06-15","2026-06-29",9,0,0,0,0,0,False,0,False,False,"Not In Active Readiness Scope","Historical-only / not currently listed",False
"GDL","Ghani Dairies Limited","ordinary_equity","FOOD & PERSONAL CARE PRODUCTS",True,"listed_recently_traded","2026-02-19","2026-08-05",112,63,63,0,0,0,False,0,False,False,"Insufficient History","63 usable rows; minimum is 252",False
"GEMBCEM","Burj Clean Energy Modaraba(GEM)","gem_equity","MODARABAS",True,"listed_recently_traded","2024-10-11","2026-08-04",239,0,0,0,0,0,False,0,False,False,"Data Quality Issue","price is not positive",False
"GEMBLUEX","","unknown","",False,"historical_only","2021-12-06","2025-12-26",540,0,0,0,0,0,False,0,False,False,"Not In Active Readiness Scope","Historical-only / not currently listed",False
"GEMMEL","Mughal Energy Limited(GEM)","gem_equity","POWER GENERATION & DISTRIBUTION",True,"listed_recently_traded","2024-06-13","2026-08-03",279,0,0,0,0,0,False,0,False,False,"Data Quality Issue","price is not positive",False
"GEMNETS","Nets International Communication Limited","gem_equity","TECHNOLOGY & COMMUNICATION",True,"listed_recently_traded","2025-05-26","2026-08-05",200,0,0,0,0,0,False,0,False,False,"Data Quality Issue","price is not positive",False
"GEMPACRA","The Pakistan Credit Rating Agency Ltd","gem_equity","MISCELLANEOUS",True,"listed_recently_traded","2025-06-30","2026-08-05",188,0,0,0,0,0,False,0,False,False,"Data Quality Issue","price is not positive",False
"GEMPAPL","Pak Agro Packaging Limited(GEM)","gem_equity","PAPER, BOARD & PACKAGING",True,"listed_recently_traded","2021-11-26","2026-08-05",496,0,0,0,0,0,False,0,False,False,"Data Quality Issue","price is not positive",False
"GEMSPNL","","unknown","",False,"historical_only","2022-04-28","2026-03-19",608,0,0,0,0,0,False,0,False,False,"Not In Active Readiness Scope","Historical-only / not currently listed",False
"GEMUNSL","","unknown","",False,"historical_only","2021-12-06","2024-01-04",261,0,0,0,0,0,False,0,False,False,"Not In Active Readiness Scope","Historical-only / not currently listed",False
"GENP","","unknown","",False,"historical_only","2016-07-26","2017-01-27",128,0,0,0,0,0,False,0,False,False,"Not In Active Readiness Scope","Historical-only / not currently listed",False
"GFIL","Ghazi Fabrics International Limited","ordinary_equity","TEXTILE COMPOSITE",True,"listed_recently_traded","2016-07-26","2026-08-05",2005,0,0,0,0,0,False,0,False,False,"Data Quality Issue","price is not positive",False
"GFIL-ODL","","unknown","",False,"historical_only","2019-01-23","2020-03-18",34,0,0,0,0,0,False,0,False,False,"Not In Active Readiness Scope","Historical-only / not currently listed",False
"GGGL","Ghani Global Glass Limited","ordinary_equity","GLASS & CERAMICS",True,"listed_recently_traded","2016-07-26","2026-08-05",2477,0,0,0,0,0,False,0,False,False,"Data Quality Issue","price is not positive",False
"GGGL-APR","","other","",False,"historical_only","2022-01-31","2024-04-26",182,0,0,0,0,0,False,0,False,False,"Not In Active Readiness Scope","Historical-only / not currently listed",False
"GGGL-AUG","","other","",False,"historical_only","2021-07-26","2023-08-25",142,0,0,0,0,0,False,0,False,False,"Not In Active Readiness Scope","Historical-only / not currently listed",False
"GGGL-CDEC","","unknown","",False,"historical_only","2021-09-27","2021-10-22",19,0,0,0,0,0,False,0,False,False,"Not In Active Readiness Scope","Historical-only / not currently listed",False
"GGGL-CNOV","","unknown","",False,"historical_only","2021-08-30","2021-10-22",39,0,0,0,0,0,False,0,False,False,"Not In Active Readiness Scope","Historical-only / not currently listed",False
"GGGL-COCT","","unknown","",False,"historical_only","2021-08-02","2021-10-22",57,0,0,0,0,0,False,0,False,False,"Not In Active Readiness Scope","Historical-only / not currently listed",False
"GGGL-DEC","","other","",False,"historical_only","2021-09-27","2023-12-29",169,0,0,0,0,0,False,0,False,False,"Not In Active Readiness Scope","Historical-only / not currently listed",False
"GGGL-FEB","","other","",False,"historical_only","2021-11-29","2024-02-23",192,0,0,0,0,0,False,0,False,False,"Not In Active Readiness Scope","Historical-only / not currently listed",False
"GGGL-JAN","","other","",False,"historical_only","2021-11-01","2024-01-26",192,0,0,0,0,0,False,0,False,False,"Not In Active Readiness Scope","Historical-only / not currently listed",False
"GGGL-JUL","","other","",False,"historical_only","2022-05-06","2023-07-27",117,0,0,0,0,0,False,0,False,False,"Not In Active Readiness Scope","Historical-only / not currently listed",False
"GGGL-JUN","","other","",False,"historical_only","2022-03-28","2023-06-27",116,0,0,0,0,0,False,0,False,False,"Not In Active Readiness Scope","Historical-only / not currently listed",False
"GGGL-MAR","","other","",False,"historical_only","2022-01-03","2024-03-29",186,0,0,0,0,0,False,0,False,False,"Not In Active Readiness Scope","Historical-only / not currently listed",False
"GGGL-MAY","","other","",False,"historical_only","2022-02-28","2023-05-26",118,0,0,0,0,0,False,0,False,False,"Not In Active Readiness Scope","Historical-only / not currently listed",False
"GGGL-NOV","","other","",False,"historical_only","2021-10-25","2023-11-24",152,0,0,0,0,0,False,0,False,False,"Not In Active Readiness Scope","Historical-only / not currently listed",False
"GGGL-OCT","","other","",False,"historical_only","2021-07-29","2023-10-27",163,0,0,0,0,0,False,0,False,False,"Not In Active Readiness Scope","Historical-only / not currently listed",False
"GGGL-ODL","","unknown","",False,"historical_only","2019-01-10","2020-04-10",113,0,0,0,0,0,False,0,False,False,"Not In Active Readiness Scope","Historical-only / not currently listed",False
"GGGL-SEP","","other","",False,"historical_only","2021-08-17","2023-09-28",151,0,0,0,0,0,False,0,False,False,"Not In Active Readiness Scope","Historical-only / not currently listed",False
"GGGLR1","","unknown","",False,"historical_only","2021-02-01","2021-02-23",16,0,0,0,0,0,False,0,False,False,"Not In Active Readiness Scope","Historical-only / not currently listed",False
"GGL","Ghani Global Holdings Limited","ordinary_equity","CHEMICAL",True,"listed_recently_traded","2016-07-26","2026-08-05",2484,0,0,0,0,0,False,0,False,False,"Data Quality Issue","price is not positive",False
"GGL-APR","","other","",False,"historical_only","2021-03-22","2026-04-24",261,0,0,0,0,0,False,0,False,False,"Not In Active Readiness Scope","Historical-only / not currently listed",False
"GGL-AUG","","other","",False,"historical_only","2021-07-26","2026-08-05",240,0,0,0,0,0,False,0,False,False,"Not In Active Readiness Scope","Historical-only / not currently listed",False
"GGL-CDEC","","unknown","",False,"historical_only","2021-09-27","2021-10-22",19,0,0,0,0,0,False,0,False,False,"Not In Active Readiness Scope","Historical-only / not currently listed",False
"GGL-CNOV","","unknown","",False,"historical_only","2021-08-30","2021-10-22",39,0,0,0,0,0,False,0,False,False,"Not In Active Readiness Scope","Historical-only / not currently listed",False
"GGL-COCT","","unknown","",False,"historical_only","2021-08-02","2021-10-22",57,0,0,0,0,0,False,0,False,False,"Not In Active Readiness Scope","Historical-only / not currently listed",False
"GGL-CSEP","","unknown","",False,"historical_only","2021-06-28","2021-09-24",60,0,0,0,0,0,False,0,False,False,"Not In Active Readiness Scope","Historical-only / not currently listed",False
"GGL-DEC","","other","",False,"historical_only","2021-10-25","2025-12-26",190,0,0,0,0,0,False,0,False,False,"Not In Active Readiness Scope","Historical-only / not currently listed",False
"GGL-DECB","","other","",False,"historical_only","2022-11-22","2022-12-30",29,0,0,0,0,0,False,0,False,False,"Not In Active Readiness Scope","Historical-only / not currently listed",False
"GGL-FEB","","other","",False,"historical_only","2021-11-29","2026-02-27",246,0,0,0,0,0,False,0,False,False,"Not In Active Readiness Scope","Historical-only / not currently listed",False
"GGL-JAN","","other","",False,"historical_only","2021-11-15","2026-01-30",199,0,0,0,0,0,False,0,False,False,"Not In Active Readiness Scope","Historical-only / not currently listed",False
"GGL-JANB","","other","",False,"historical_only","2022-11-22","2023-01-27",49,0,0,0,0,0,False,0,False,False,"Not In Active Readiness Scope","Historical-only / not currently listed",False
"GGL-JUL","","other","",False,"historical_only","2021-06-21","2026-07-31",256,0,0,0,0,0,False,0,False,False,"Not In Active Readiness Scope","Historical-only / not currently listed",False
"GGL-JUN","","other","",False,"historical_only","2021-05-24","2026-06-24",250,0,0,0,0,0,False,0,False,False,"Not In Active Readiness Scope","Historical-only / not currently listed",False
"GGL-MAR","","other","",False,"historical_only","2021-02-22","2026-03-27",261,0,0,0,0,0,False,0,False,False,"Not In Active Readiness Scope","Historical-only / not currently listed",False
"GGL-MAY","","other","",False,"historical_only","2021-04-26","2026-05-29",255,0,0,0,0,0,False,0,False,False,"Not In Active Readiness Scope","Historical-only / not currently listed",False
"GGL-NOV","","other","",False,"historical_only","2021-08-30","2025-11-28",224,0,0,0,0,0,False,0,False,False,"Not In Active Readiness Scope","Historical-only / not currently listed",False
"GGL-NOVB","","other","",False,"historical_only","2021-09-29","2021-11-26",42,0,0,0,0,0,False,0,False,False,"Not In Active Readiness Scope","Historical-only / not currently listed",False
"GGL-OCT","","other","",False,"historical_only","2021-08-10","2025-10-31",255,0,0,0,0,0,False,0,False,False,"Not In Active Readiness Scope","Historical-only / not currently listed",False
"GGL-OCTB","","other","",False,"historical_only","2021-09-28","2021-10-29",23,0,0,0,0,0,False,0,False,False,"Not In Active Readiness Scope","Historical-only / not currently listed",False
"GGL-ODL","","unknown","",False,"historical_only","2019-01-10","2020-04-10",285,0,236,0,0,0,False,0,False,False,"Not In Active Readiness Scope","Historical-only / not currently listed",False
"GGL-SEP","","other","",False,"historical_only","2018-08-27","2025-09-26",271,0,0,0,0,0,False,0,False,False,"Not In Active Readiness Scope","Historical-only / not currently listed",False
"GGLR1","","unknown","",False,"historical_only","2020-12-07","2020-12-29",16,0,0,0,0,0,False,0,False,False,"Not In Active Readiness Scope","Historical-only / not currently listed",False
"GHGL","Ghani Glass Limited","ordinary_equity","GLASS & CERAMICS",True,"listed_recently_traded","2016-07-26","2026-08-05",2479,0,0,0,0,0,False,0,False,False,"Data Quality Issue","price is not positive",False
"GHGL-APR","","other","",False,"historical_only","2022-01-31","2025-04-25",39,0,0,0,0,0,False,0,False,False,"Not In Active Readiness Scope","Historical-only / not currently listed",False
"GHGL-APRB","","other","",False,"historical_only","2022-03-02","2026-04-24",48,0,0,0,0,0,False,0,False,False,"Not In Active Readiness Scope","Historical-only / not currently listed",False
"GHGL-AUG","","other","",False,"historical_only","2024-06-03","2025-08-29",84,0,0,0,0,0,False,0,False,False,"Not In Active Readiness Scope","Historical-only / not currently listed",False
"GHGL-DEC","","other","",False,"historical_only","2021-11-04","2021-12-31",36,0,0,0,0,0,False,0,False,False,"Not In Active Readiness Scope","Historical-only / not currently listed",False
"GHGL-DECB","","other","",False,"historical_only","2024-11-25","2024-12-27",18,0,0,0,0,0,False,0,False,False,"Not In Active Readiness Scope","Historical-only / not currently listed",False
"GHGL-DECC","","other","",False,"historical_only","2025-11-27","2025-12-26",16,0,0,0,0,0,False,0,False,False,"Not In Active Readiness Scope","Historical-only / not currently listed",False
"GHGL-FEB","","other","",False,"historical_only","2021-11-29","2026-02-27",97,0,0,0,0,0,False,0,False,False,"Not In Active Readiness Scope","Historical-only / not currently listed",False
"GHGL-JAN","","other","",False,"historical_only","2021-11-01","2026-01-30",104,0,0,0,0,0,False,0,False,False,"Not In Active Readiness Scope","Historical-only / not currently listed",False
"GHGL-JUL","","other","",False,"historical_only","2022-05-06","2026-07-02",141,0,0,0,0,0,False,0,False,False,"Not In Active Readiness Scope","Historical-only / not currently listed",False
"GHGL-JULB","","other","",False,"historical_only","2026-07-03","2026-07-29",9,0,0,0,0,0,False,0,False,False,"Not In Active Readiness Scope","Historical-only / not currently listed",False
"GHGL-JUN","","other","",False,"historical_only","2022-03-28","2026-06-24",137,0,0,0,0,0,False,0,False,False,"Not In Active Readiness Scope","Historical-only / not currently listed",False
"GHGL-MAR","","other","",False,"historical_only","2022-01-03","2026-03-02",67,0,0,0,0,0,False,0,False,False,"Not In Active Readiness Scope","Historical-only / not currently listed",False
"GHGL-MARB","","other","",False,"historical_only","2022-03-02","2026-03-26",28,0,0,0,0,0,False,0,False,False,"Not In Active Readiness Scope","Historical-only / not currently listed",False
"GHGL-MAY","","other","",False,"historical_only","2022-02-28","2026-05-29",55,0,0,0,0,0,False,0,False,False,"Not In Active Readiness Scope","Historical-only / not currently listed",False
"GHGL-MAYB","","other","",False,"historical_only","2022-03-02","2022-05-27",57,0,0,0,0,0,False,0,False,False,"Not In Active Readiness Scope","Historical-only / not currently listed",False
"GHGL-NOV","","other","",False,"historical_only","2021-11-04","2024-10-08",31,0,0,0,0,0,False,0,False,False,"Not In Active Readiness Scope","Historical-only / not currently listed",False
"GHGL-NOVB","","other","",False,"historical_only","2024-10-21","2025-11-05",31,0,0,0,0,0,False,0,False,False,"Not In Active Readiness Scope","Historical-only / not currently listed",False
"GHGL-NOVC","","other","",False,"historical_only","2025-11-04","2025-11-27",11,0,0,0,0,0,False,0,False,False,"Not In Active Readiness Scope","Historical-only / not currently listed",False
"GHGL-OCT","","other","",False,"historical_only","2024-07-29","2025-10-16",67,0,0,0,0,0,False,0,False,False,"Not In Active Readiness Scope","Historical-only / not currently listed",False
"GHGL-OCTB","","other","",False,"historical_only","2024-10-11","2025-10-31",17,0,0,0,0,0,False,0,False,False,"Not In Active Readiness Scope","Historical-only / not currently listed",False
"GHGL-ODL","","unknown","",False,"historical_only","2019-01-10","2020-04-10",241,0,0,0,0,0,False,0,False,False,"Not In Active Readiness Scope","Historical-only / not currently listed",False
"GHGL-SEP","","other","",False,"historical_only","2024-07-01","2025-09-26",80,0,0,0,0,0,False,0,False,False,"Not In Active Readiness Scope","Historical-only / not currently listed",False
"GHGLR1","","unknown","",False,"historical_only","2017-05-24","2017-07-03",25,0,0,0,0,0,False,0,False,False,"Not In Active Readiness Scope","Historical-only / not currently listed",False
"GHGLR2","","unknown","",False,"historical_only","2018-11-19","2021-10-29",18,0,0,0,0,0,False,0,False,False,"Not In Active Readiness Scope","Historical-only / not currently listed",False
"GHGLR3","","unknown","",False,"historical_only","2021-01-28","2021-02-19",16,0,0,0,0,0,False,0,False,False,"Not In Active Readiness Scope","Historical-only / not currently listed",False
"GHNI","Ghandhara Industries Limited","ordinary_equity","AUTOMOBILE ASSEMBLER",True,"listed_recently_traded","2016-07-26","2026-08-05",2484,2435,2435,1704,365,366,True,2435,True,True,"Ready","Eligible active ordinary equity with sufficient usable history and complete split/scaler artifacts",True
"GHNI-APR","","other","",False,"historical_only","2020-03-24","2026-04-24",228,0,0,0,0,0,False,0,False,False,"Not In Active Readiness Scope","Historical-only / not currently listed",False
"GHNI-AUG","","other","",False,"historical_only","2019-07-22","2026-08-05",268,0,0,0,0,0,False,0,False,False,"Not In Active Readiness Scope","Historical-only / not currently listed",False
"GHNI-CDEC","","unknown","",False,"historical_only","2021-09-27","2021-10-22",19,0,0,0,0,0,False,0,False,False,"Not In Active Readiness Scope","Historical-only / not currently listed",False
"GHNI-CNOV","","unknown","",False,"historical_only","2021-08-30","2021-10-22",39,0,0,0,0,0,False,0,False,False,"Not In Active Readiness Scope","Historical-only / not currently listed",False
"GHNI-COCT","","unknown","",False,"historical_only","2021-08-02","2021-10-22",57,0,0,0,0,0,False,0,False,False,"Not In Active Readiness Scope","Historical-only / not currently listed",False
"GHNI-DEC","","other","",False,"historical_only","2020-11-23","2024-12-27",152,0,0,0,0,0,False,0,False,False,"Not In Active Readiness Scope","Historical-only / not currently listed",False
"GHNI-DECB","","other","",False,"historical_only","2025-11-20","2025-12-26",26,0,0,0,0,0,False,0,False,False,"Not In Active Readiness Scope","Historical-only / not currently listed",False
"GHNI-FEB","","other","",False,"historical_only","2021-01-25","2026-02-27",217,0,0,0,0,0,False,0,False,False,"Not In Active Readiness Scope","Historical-only / not currently listed",False
"GHNI-JAN","","other","",False,"historical_only","2020-12-21","2026-01-30",210,0,0,0,0,0,False,0,False,False,"Not In Active Readiness Scope","Historical-only / not currently listed",False
"GHNI-JUL","","other","",False,"historical_only","2019-06-24","2026-07-31",258,0,0,0,0,0,False,0,False,False,"Not In Active Readiness Scope","Historical-only / not currently listed",False
"GHNI-JUN","","other","",False,"historical_only","2020-05-28","2026-06-24",217,0,0,0,0,0,False,0,False,False,"Not In Active Readiness Scope","Historical-only / not currently listed",False
"GHNI-MAR","","other","",False,"historical_only","2020-02-24","2026-03-27",223,0,0,0,0,0,False,0,False,False,"Not In Active Readiness Scope","Historical-only / not currently listed",False
"GHNI-MAY","","other","",False,"historical_only","2020-04-20","2026-05-29",218,0,0,0,0,0,False,0,False,False,"Not In Active Readiness Scope","Historical-only / not currently listed",False
"GHNI-NOV","","other","",False,"historical_only","2019-10-21","2025-10-13",204,0,0,0,0,0,False,0,False,False,"Not In Active Readiness Scope","Historical-only / not currently listed",False
"GHNI-NOVB","","other","",False,"historical_only","2025-10-13","2025-11-28",31,0,0,0,0,0,False,0,False,False,"Not In Active Readiness Scope","Historical-only / not currently listed",False
"GHNI-OCT","","other","",False,"historical_only","2019-09-23","2025-10-13",289,0,0,0,0,0,False,0,False,False,"Not In Active Readiness Scope","Historical-only / not currently listed",False
"GHNI-OCTB","","other","",False,"historical_only","2025-10-08","2025-10-31",18,0,0,0,0,0,False,0,False,False,"Not In Active Readiness Scope","Historical-only / not currently listed",False
"GHNI-ODL","","unknown","",False,"historical_only","2019-01-10","2020-04-10",309,0,260,0,0,0,False,0,False,False,"Not In Active Readiness Scope","Historical-only / not currently listed",False
"GHNI-SEP","","other","",False,"historical_only","2019-08-26","2025-09-26",274,0,0,0,0,0,False,0,False,False,"Not In Active Readiness Scope","Historical-only / not currently listed",False
"GHNL","","unknown","",False,"historical_only","2016-07-26","2023-05-17",1688,0,1639,0,0,0,False,0,False,False,"Not In Active Readiness Scope","Historical-only / not currently listed",False
"GHNL-APR","","other","",False,"historical_only","2020-03-24","2022-04-28",116,0,0,0,0,0,False,0,False,False,"Not In Active Readiness Scope","Historical-only / not currently listed",False
"GHNL-AUG","","other","",False,"historical_only","2019-07-22","2021-08-27",72,0,0,0,0,0,False,0,False,False,"Not In Active Readiness Scope","Historical-only / not currently listed",False
"GHNL-CDEC","","unknown","",False,"historical_only","2021-09-27","2021-10-22",19,0,0,0,0,0,False,0,False,False,"Not In Active Readiness Scope","Historical-only / not currently listed",False
"GHNL-CJUN","","unknown","",False,"historical_only","2021-03-29","2021-06-25",59,0,0,0,0,0,False,0,False,False,"Not In Active Readiness Scope","Historical-only / not currently listed",False
"GHNL-CMAY","","unknown","",False,"historical_only","2021-03-01","2021-05-28",58,0,0,0,0,0,False,0,False,False,"Not In Active Readiness Scope","Historical-only / not currently listed",False
"GHNL-CNOV","","unknown","",False,"historical_only","2021-08-30","2021-10-22",39,0,0,0,0,0,False,0,False,False,"Not In Active Readiness Scope","Historical-only / not currently listed",False
"GHNL-COCT","","unknown","",False,"historical_only","2021-08-02","2021-10-22",57,0,0,0,0,0,False,0,False,False,"Not In Active Readiness Scope","Historical-only / not currently listed",False
"GHNL-DEC","","other","",False,"historical_only","2020-11-23","2021-12-31",61,0,0,0,0,0,False,0,False,False,"Not In Active Readiness Scope","Historical-only / not currently listed",False
"GHNL-FEB","","other","",False,"historical_only","2021-01-25","2022-02-25",89,0,0,0,0,0,False,0,False,False,"Not In Active Readiness Scope","Historical-only / not currently listed",False
"GHNL-JAN","","other","",False,"historical_only","2020-12-21","2022-01-28",84,0,0,0,0,0,False,0,False,False,"Not In Active Readiness Scope","Historical-only / not currently listed",False
"GHNL-JUL","","other","",False,"historical_only","2019-06-24","2021-07-30",80,0,0,0,0,0,False,0,False,False,"Not In Active Readiness Scope","Historical-only / not currently listed",False
"GHNL-JUN","","other","",False,"historical_only","2020-05-28","2021-06-25",47,0,0,0,0,0,False,0,False,False,"Not In Active Readiness Scope","Historical-only / not currently listed",False
"GHNL-MAR","","other","",False,"historical_only","2020-02-24","2022-03-25",107,0,0,0,0,0,False,0,False,False,"Not In Active Readiness Scope","Historical-only / not currently listed",False
"GHNL-MAY","","other","",False,"historical_only","2020-04-20","2021-05-28",43,0,0,0,0,0,False,0,False,False,"Not In Active Readiness Scope","Historical-only / not currently listed",False
"GHNL-NOV","","other","",False,"historical_only","2020-10-26","2021-11-26",49,0,0,0,0,0,False,0,False,False,"Not In Active Readiness Scope","Historical-only / not currently listed",False
"GHNL-OCT","","other","",False,"historical_only","2020-09-21","2021-10-29",60,11,11,0,0,0,False,0,False,False,"Not In Active Readiness Scope","Historical-only / not currently listed",False
"GHNL-ODL","","unknown","",False,"historical_only","2019-01-10","2020-04-10",309,0,260,0,0,0,False,0,False,False,"Not In Active Readiness Scope","Historical-only / not currently listed",False
"GHNL-SEP","","other","",False,"historical_only","2019-08-26","2021-09-24",74,25,25,0,0,0,False,0,False,False,"Not In Active Readiness Scope","Historical-only / not currently listed",False
"GHNLR","","unknown","",False,"historical_only","2018-05-21","2018-06-07",14,0,0,0,0,0,False,0,False,False,"Not In Active Readiness Scope","Historical-only / not currently listed",False
"GIL","Good Luck Industries Ltd.","ordinary_equity","FOOD & PERSONAL CARE PRODUCTS",True,"listed_not_recently_traded","2016-07-26","2024-09-26",164,0,0,0,0,0,False,0,False,False,"Not In Active Readiness Scope","Currently listed but not recently traded",False
"GLAT","","unknown","",False,"historical_only","2017-01-11","2018-04-20",127,0,0,0,0,0,False,0,False,False,"Not In Active Readiness Scope","Historical-only / not currently listed",False
"GLAXO","GlaxoSmithKline Pakistan Limited","ordinary_equity","PHARMACEUTICALS",True,"listed_recently_traded","2016-07-26","2026-08-05",2482,2433,2433,1703,364,366,True,2433,True,True,"Ready","Eligible active ordinary equity with sufficient usable history and complete split/scaler artifacts",True
"GLAXO-APR","","other","",False,"historical_only","2025-03-20","2026-04-23",36,0,0,0,0,0,False,0,False,False,"Not In Active Readiness Scope","Historical-only / not currently listed",False
"GLAXO-APRB","","other","",False,"historical_only","2025-04-14","2025-04-25",10,0,0,0,0,0,False,0,False,False,"Not In Active Readiness Scope","Historical-only / not currently listed",False
"GLAXO-AUG","","other","",False,"historical_only","2025-07-21","2026-08-05",37,0,0,0,0,0,False,0,False,False,"Not In Active Readiness Scope","Historical-only / not currently listed",False
"GLAXO-DEC","","other","",False,"historical_only","2025-11-17","2025-12-24",9,0,0,0,0,0,False,0,False,False,"Not In Active Readiness Scope","Historical-only / not currently listed",False
"GLAXO-FEB","","other","",False,"historical_only","2025-02-06","2026-02-27",27,0,0,0,0,0,False,0,False,False,"Not In Active Readiness Scope","Historical-only / not currently listed",False
"GLAXO-JAN","","other","",False,"historical_only","2025-12-23","2026-01-30",23,0,0,0,0,0,False,0,False,False,"Not In Active Readiness Scope","Historical-only / not currently listed",False
"GLAXO-JUL","","other","",False,"historical_only","2025-06-23","2026-07-31",53,4,4,0,0,0,False,0,False,False,"Not In Active Readiness Scope","Historical-only / not currently listed",False
"GLAXO-JUNB","","other","",False,"historical_only","2025-05-14","2026-06-24",39,0,0,0,0,0,False,0,False,False,"Not In Active Readiness Scope","Historical-only / not currently listed",False
"GLAXO-MAR","","other","",False,"historical_only","2025-02-25","2026-03-27",37,0,0,0,0,0,False,0,False,False,"Not In Active Readiness Scope","Historical-only / not currently listed",False
"GLAXO-MAY","","other","",False,"historical_only","2025-04-11","2026-04-23",4,0,0,0,0,0,False,0,False,False,"Not In Active Readiness Scope","Historical-only / not currently listed",False
"GLAXO-MAYB","","other","",False,"historical_only","2025-04-21","2026-05-25",43,0,0,0,0,0,False,0,False,False,"Not In Active Readiness Scope","Historical-only / not currently listed",False
"GLAXO-NOV","","other","",False,"historical_only","2025-10-27","2025-11-28",17,0,0,0,0,0,False,0,False,False,"Not In Active Readiness Scope","Historical-only / not currently listed",False
"GLAXO-OCTB","","other","",False,"historical_only","2025-09-22","2025-10-31",24,0,0,0,0,0,False,0,False,False,"Not In Active Readiness Scope","Historical-only / not currently listed",False
"GLAXO-ODL","","unknown","",False,"historical_only","2019-01-10","2020-04-10",282,0,0,0,0,0,False,0,False,False,"Not In Active Readiness Scope","Historical-only / not currently listed",False
"GLAXO-SEP","","other","",False,"historical_only","2025-08-26","2025-08-29",4,0,0,0,0,0,False,0,False,False,"Not In Active Readiness Scope","Historical-only / not currently listed",False
"GLAXO-SEPB","","other","",False,"historical_only","2025-08-28","2025-09-26",21,0,0,0,0,0,False,0,False,False,"Not In Active Readiness Scope","Historical-only / not currently listed",False
"GLOT","Globe Textile Mills Limited","ordinary_equity","TEXTILE SPINNING",True,"non_compliant","2016-07-26","2024-09-26",149,0,0,0,0,0,False,0,False,False,"Not In Active Readiness Scope","Currently listed but not recently traded",False
"GLPL","","unknown","",False,"historical_only","2016-07-26","2026-05-18",1583,0,0,0,0,0,False,0,False,False,"Not In Active Readiness Scope","Historical-only / not currently listed",False
"GLPL-ODL","","unknown","",False,"historical_only","2019-01-23","2020-03-26",48,0,0,0,0,0,False,0,False,False,"Not In Active Readiness Scope","Historical-only / not currently listed",False
"GLPLR","","unknown","",False,"historical_only","2021-01-14","2021-02-04",16,0,0,0,0,0,False,0,False,False,"Not In Active Readiness Scope","Historical-only / not currently listed",False
"GOC","GOC (Pak) Limited.","ordinary_equity","MISCELLANEOUS",True,"listed_recently_traded","2016-07-26","2026-08-05",1202,0,0,0,0,0,False,0,False,False,"Data Quality Issue","price is not positive",False
"GOC-ODL","","unknown","",False,"historical_only","2019-03-04","2020-03-18",26,0,0,0,0,0,False,0,False,False,"Not In Active Readiness Scope","Historical-only / not currently listed",False
"GOEM","","unknown","",False,"historical_only","2016-07-26","2017-01-27",128,0,0,0,0,0,False,0,False,False,"Not In Active Readiness Scope","Historical-only / not currently listed",False
"GRR","Globe Residency REIT","other","REAL ESTATE INVESTMENT TRUST",True,"listed_recently_traded","2022-12-28","2026-08-05",867,0,0,0,0,0,False,0,False,False,"Data Quality Issue","price is not positive",False
"GRYL","Grays Leasing Limited","ordinary_equity","LEASING COMPANIES",True,"listed_recently_traded","2016-07-26","2026-08-05",1578,0,0,0,0,0,False,0,False,False,"Data Quality Issue","price is not positive",False
"GRYL-ODL","","unknown","",False,"historical_only","2019-01-23","2020-03-20",44,0,0,0,0,0,False,0,False,False,"Not In Active Readiness Scope","Historical-only / not currently listed",False
"GSKCH","","unknown","",False,"historical_only","2017-03-22","2023-01-30",1429,0,0,0,0,0,False,0,False,False,"Not In Active Readiness Scope","Historical-only / not currently listed",False
"GSKCH-ODL","","unknown","",False,"historical_only","2019-01-10","2020-04-09",255,0,0,0,0,0,False,0,False,False,"Not In Active Readiness Scope","Historical-only / not currently listed",False
"GSPM","Gulshan Spinning Mills Limited","ordinary_equity","TEXTILE SPINNING",True,"non_compliant","2016-07-26","2026-08-05",666,0,0,0,0,0,False,0,False,False,"Data Quality Issue","price is not positive",False
"GTECH","","unknown","",False,"historical_only","2021-11-22","2022-11-02",237,0,188,0,0,0,False,0,False,False,"Not In Active Readiness Scope","Historical-only / not currently listed",False
"GTECH-AUG","","other","",False,"historical_only","2022-08-01","2022-08-26",18,0,0,0,0,0,False,0,False,False,"Not In Active Readiness Scope","Historical-only / not currently listed",False
"GTECH-DEC","","other","",False,"historical_only","2022-10-03","2022-10-28",20,0,0,0,0,0,False,0,False,False,"Not In Active Readiness Scope","Historical-only / not currently listed",False
"GTECH-NOV","","other","",False,"historical_only","2022-08-29","2022-09-14",13,0,0,0,0,0,False,0,False,False,"Not In Active Readiness Scope","Historical-only / not currently listed",False
"GTECH-NOVB","","other","",False,"historical_only","2022-09-12","2022-10-28",35,0,0,0,0,0,False,0,False,False,"Not In Active Readiness Scope","Historical-only / not currently listed",False
"GTECH-OCT","","other","",False,"historical_only","2022-08-01","2022-09-14",31,0,0,0,0,0,False,0,False,False,"Not In Active Readiness Scope","Historical-only / not currently listed",False
"GTECH-OCTB","","other","",False,"historical_only","2022-09-12","2022-10-28",35,0,0,0,0,0,False,0,False,False,"Not In Active Readiness Scope","Historical-only / not currently listed",False
"GTECH-SEP","","other","",False,"historical_only","2022-08-01","2022-09-14",31,0,0,0,0,0,False,0,False,False,"Not In Active Readiness Scope","Historical-only / not currently listed",False
"GTECH-SEPB","","other","",False,"historical_only","2022-09-12","2022-09-30",15,0,0,0,0,0,False,0,False,False,"Not In Active Readiness Scope","Historical-only / not currently listed",False
"GTECHBR","","unknown","",False,"historical_only","2022-10-04","2022-10-26",17,0,0,0,0,0,False,0,False,False,"Not In Active Readiness Scope","Historical-only / not currently listed",False
"GTYR","Ghandhara Tyre & Rubber Company Limited","ordinary_equity","AUTOMOBILE PARTS & ACCESSORIES",True,"listed_recently_traded","2016-07-26","2026-08-05",2482,2433,2433,1703,364,366,True,2433,True,True,"Ready","Eligible active ordinary equity with sufficient usable history and complete split/scaler artifacts",True
"GTYR-APR","","other","",False,"historical_only","2020-03-24","2021-04-30",53,0,0,0,0,0,False,0,False,False,"Not In Active Readiness Scope","Historical-only / not currently listed",False
"GTYR-AUG","","other","",False,"historical_only","2019-07-22","2020-08-28",49,0,0,0,0,0,False,0,False,False,"Not In Active Readiness Scope","Historical-only / not currently listed",False
"GTYR-DEC","","other","",False,"historical_only","2019-11-25","2020-12-24",48,0,0,0,0,0,False,0,False,False,"Not In Active Readiness Scope","Historical-only / not currently listed",False
"GTYR-FEB","","other","",False,"historical_only","2020-01-27","2021-02-26",48,0,0,0,0,0,False,0,False,False,"Not In Active Readiness Scope","Historical-only / not currently listed",False
"GTYR-JAN","","other","",False,"historical_only","2019-12-23","2021-01-29",58,9,9,0,0,0,False,0,False,False,"Not In Active Readiness Scope","Historical-only / not currently listed",False
"GTYR-JUL","","other","",False,"historical_only","2019-06-24","2020-07-30",54,5,5,0,0,0,False,0,False,False,"Not In Active Readiness Scope","Historical-only / not currently listed",False
"GTYR-JUN","","other","",False,"historical_only","2020-05-28","2021-06-25",45,0,0,0,0,0,False,0,False,False,"Not In Active Readiness Scope","Historical-only / not currently listed",False
"GTYR-MAR","","other","",False,"historical_only","2020-02-24","2021-03-26",48,0,0,0,0,0,False,0,False,False,"Not In Active Readiness Scope","Historical-only / not currently listed",False
"GTYR-MAY","","other","",False,"historical_only","2020-04-20","2021-05-28",43,0,0,0,0,0,False,0,False,False,"Not In Active Readiness Scope","Historical-only / not currently listed",False
"GTYR-NOV","","other","",False,"historical_only","2019-10-21","2020-11-27",54,5,5,0,0,0,False,0,False,False,"Not In Active Readiness Scope","Historical-only / not currently listed",False
"GTYR-OCT","","other","",False,"historical_only","2019-09-23","2020-10-29",54,5,5,0,0,0,False,0,False,False,"Not In Active Readiness Scope","Historical-only / not currently listed",False
"GTYR-ODL","","unknown","",False,"historical_only","2019-01-10","2020-04-10",309,0,260,0,0,0,False,0,False,False,"Not In Active Readiness Scope","Historical-only / not currently listed",False
"GTYR-SEP","","other","",False,"historical_only","2019-08-26","2020-09-25",48,0,0,0,0,0,False,0,False,False,"Not In Active Readiness Scope","Historical-only / not currently listed",False
"GUSM","Gulistan Spinning Mills Limited","ordinary_equity","TEXTILE SPINNING",True,"non_compliant","2016-07-26","2026-08-05",643,0,0,0,0,0,False,0,False,False,"Data Quality Issue","price is not positive",False
"GUTM","Gulistan Textile Mills Limited","ordinary_equity","TEXTILE SPINNING",True,"non_compliant","2016-07-26","2024-09-26",149,0,0,0,0,0,False,0,False,False,"Not In Active Readiness Scope","Currently listed but not recently traded",False
"GVGL","Ghani Value Glass Limited","ordinary_equity","GLASS & CERAMICS",True,"listed_recently_traded","2016-07-26","2026-08-05",2328,0,0,0,0,0,False,0,False,False,"Data Quality Issue","price is not positive",False
"GVGL-ODL","","unknown","",False,"historical_only","2019-01-10","2020-04-09",185,0,0,0,0,0,False,0,False,False,"Not In Active Readiness Scope","Historical-only / not currently listed",False
"GVGLR2","","unknown","",False,"historical_only","2018-03-29","2018-04-20",17,0,0,0,0,0,False,0,False,False,"Not In Active Readiness Scope","Historical-only / not currently listed",False
"GVGLR3","","unknown","",False,"historical_only","2019-12-11","2020-01-02",16,0,0,0,0,0,False,0,False,False,"Not In Active Readiness Scope","Historical-only / not currently listed",False
"GVGLR3-ODL","","unknown","",False,"historical_only","2019-12-11","2020-01-02",16,0,0,0,0,0,False,0,False,False,"Not In Active Readiness Scope","Historical-only / not currently listed",False
"GWLC","Gharibwal Cement Limited","ordinary_equity","CEMENT",True,"listed_recently_traded","2016-07-26","2026-08-05",2459,0,0,0,0,0,False,0,False,False,"Data Quality Issue","price is not positive",False
"GWLC-ODL","","unknown","",False,"historical_only","2019-01-10","2020-04-02",151,0,0,0,0,0,False,0,False,False,"Not In Active Readiness Scope","Historical-only / not currently listed",False
"HABSM","Habib Sugar Mills Limited","ordinary_equity","SUGAR & ALLIED INDUSTRIES",True,"listed_recently_traded","2016-07-26","2026-08-05",2274,0,0,0,0,0,False,0,False,False,"Data Quality Issue","price is not positive",False
"HABSM-ODL","","unknown","",False,"historical_only","2019-01-10","2020-04-08",194,0,0,0,0,0,False,0,False,False,"Not In Active Readiness Scope","Historical-only / not currently listed",False
"HACC","","unknown","",False,"historical_only","2021-10-25","2022-08-05",12,0,0,0,0,0,False,0,False,False,"Not In Active Readiness Scope","Historical-only / not currently listed",False
"HADC","Haydari Construction Company Limited","ordinary_equity","MISCELLANEOUS",True,"non_compliant","2016-07-26","2024-09-26",323,0,0,0,0,0,False,0,False,False,"Not In Active Readiness Scope","Currently listed but not recently traded",False
"HAEL","Hala Enterprises Limited","ordinary_equity","TEXTILE COMPOSITE",True,"listed_recently_traded","2016-07-26","2026-08-05",1730,0,0,0,0,0,False,0,False,False,"Data Quality Issue","price is not positive",False
"HAEL-ODL","","unknown","",False,"historical_only","2019-01-18","2020-02-06",23,0,0,0,0,0,False,0,False,False,"Not In Active Readiness Scope","Historical-only / not currently listed",False
"HAFL","Hafiz Limited","ordinary_equity","TEXTILE COMPOSITE",True,"listed_recently_traded","2016-07-26","2026-08-05",560,0,0,0,0,0,False,0,False,False,"Data Quality Issue","price is not positive",False
"HAFL-ODL","","unknown","",False,"historical_only","2019-01-23","2020-01-17",8,0,0,0,0,0,False,0,False,False,"Not In Active Readiness Scope","Historical-only / not currently listed",False
"HAJT","Hajra Textile Mills Limited","ordinary_equity","TEXTILE SPINNING",True,"non_compliant","2021-10-25","2024-09-26",21,0,0,0,0,0,False,0,False,False,"Not In Active Readiness Scope","Currently listed but not recently traded",False
"HAL","","unknown","",False,"historical_only","2016-07-26","2020-03-05",576,0,0,0,0,0,False,0,False,False,"Not In Active Readiness Scope","Historical-only / not currently listed",False
"HAL-ODL","","unknown","",False,"historical_only","2019-01-10","2020-03-04",96,0,0,0,0,0,False,0,False,False,"Not In Active Readiness Scope","Historical-only / not currently listed",False
"HALEON","Haleon Pakistan Limited","ordinary_equity","PHARMACEUTICALS",True,"listed_recently_traded","2023-01-31","2026-08-05",862,0,0,0,0,0,False,0,False,False,"Data Quality Issue","price is not positive",False
"HASCOL","Hascol Petroleum Limited","ordinary_equity","OIL & GAS MARKETING COMPANIES",True,"non_compliant","2016-07-26","2026-08-05",2484,2435,2435,1704,365,366,True,2435,True,True,"Ready","Eligible active ordinary equity with sufficient usable history and complete split/scaler artifacts",True
"HASCOL-APR","","other","",False,"historical_only","2019-03-25","2021-04-30",68,19,19,0,0,0,False,0,False,False,"Not In Active Readiness Scope","Historical-only / not currently listed",False
"HASCOL-APRB","","other","",False,"historical_only","2019-04-08","2019-04-26",15,0,0,0,0,0,False,0,False,False,"Not In Active Readiness Scope","Historical-only / not currently listed",False
"HASCOL-AUG","","other","",False,"historical_only","2019-07-22","2020-08-28",49,0,0,0,0,0,False,0,False,False,"Not In Active Readiness Scope","Historical-only / not currently listed",False
"HASCOL-CAPR","","unknown","",False,"historical_only","2017-01-30","2021-04-30",127,0,0,0,0,0,False,0,False,False,"Not In Active Readiness Scope","Historical-only / not currently listed",False
"HASCOL-CAUG","","unknown","",False,"historical_only","2021-05-31","2021-08-27",60,0,0,0,0,0,False,0,False,False,"Not In Active Readiness Scope","Historical-only / not currently listed",False
"HASCOL-CDEC","","unknown","",False,"historical_only","2019-09-30","2020-12-24",127,0,0,0,0,0,False,0,False,False,"Not In Active Readiness Scope","Historical-only / not currently listed",False
"HASCOL-CFEB","","unknown","",False,"historical_only","2017-01-02","2021-02-26",103,0,0,0,0,0,False,0,False,False,"Not In Active Readiness Scope","Historical-only / not currently listed",False
"HASCOL-CJAN","","unknown","",False,"historical_only","2017-01-02","2021-01-29",84,0,0,0,0,0,False,0,False,False,"Not In Active Readiness Scope","Historical-only / not currently listed",False
"HASCOL-CJUL","","unknown","",False,"historical_only","2021-05-03","2021-07-30",56,0,0,0,0,0,False,0,False,False,"Not In Active Readiness Scope","Historical-only / not currently listed",False
"HASCOL-CJUN","","unknown","",False,"historical_only","2021-03-29","2021-06-25",59,0,0,0,0,0,False,0,False,False,"Not In Active Readiness Scope","Historical-only / not currently listed",False
"HASCOL-CMAR","","unknown","",False,"historical_only","2017-01-02","2021-03-26",125,0,0,0,0,0,False,0,False,False,"Not In Active Readiness Scope","Historical-only / not currently listed",False
"HASCOL-CMAY","","unknown","",False,"historical_only","2021-03-01","2021-05-28",58,0,0,0,0,0,False,0,False,False,"Not In Active Readiness Scope","Historical-only / not currently listed",False
"HASCOL-CNOV","","unknown","",False,"historical_only","2019-09-02","2021-08-30",128,0,0,0,0,0,False,0,False,False,"Not In Active Readiness Scope","Historical-only / not currently listed",False
"HASCOL-COCT","","unknown","",False,"historical_only","2020-08-03","2020-10-29",63,0,0,0,0,0,False,0,False,False,"Not In Active Readiness Scope","Historical-only / not currently listed",False
"HASCOL-CSEP","","unknown","",False,"historical_only","2020-06-29","2021-09-24",123,0,0,0,0,0,False,0,False,False,"Not In Active Readiness Scope","Historical-only / not currently listed",False
"HASCOL-DEC","","other","",False,"historical_only","2019-11-25","2020-12-24",48,0,0,0,0,0,False,0,False,False,"Not In Active Readiness Scope","Historical-only / not currently listed",False
"HASCOL-FEB","","other","",False,"historical_only","2017-01-23","2021-02-26",73,24,24,0,0,0,False,0,False,False,"Not In Active Readiness Scope","Historical-only / not currently listed",False
"HASCOL-JAN","","other","",False,"historical_only","2017-01-02","2021-01-29",78,29,29,0,0,0,False,0,False,False,"Not In Active Readiness Scope","Historical-only / not currently listed",False
"HASCOL-JUL","","other","",False,"historical_only","2019-06-24","2021-07-30",81,32,32,0,0,0,False,0,False,False,"Not In Active Readiness Scope","Historical-only / not currently listed",False
"HASCOL-JUN","","other","",False,"historical_only","2019-05-27","2021-06-25",67,18,18,0,0,0,False,0,False,False,"Not In Active Readiness Scope","Historical-only / not currently listed",False
"HASCOL-MAR","","other","",False,"historical_only","2019-02-18","2021-03-26",78,29,29,0,0,0,False,0,False,False,"Not In Active Readiness Scope","Historical-only / not currently listed",False
"HASCOL-MAY","","other","",False,"historical_only","2019-04-22","2021-05-28",72,23,23,0,0,0,False,0,False,False,"Not In Active Readiness Scope","Historical-only / not currently listed",False
"HASCOL-NOV","","other","",False,"historical_only","2019-10-21","2020-11-27",44,0,0,0,0,0,False,0,False,False,"Not In Active Readiness Scope","Historical-only / not currently listed",False
"HASCOL-NOVB","","other","",False,"historical_only","2019-11-11","2019-11-29",15,0,0,0,0,0,False,0,False,False,"Not In Active Readiness Scope","Historical-only / not currently listed",False
"HASCOL-OCT","","other","",False,"historical_only","2019-09-23","2020-10-29",54,5,5,0,0,0,False,0,False,False,"Not In Active Readiness Scope","Historical-only / not currently listed",False
"HASCOL-ODL","","unknown","",False,"historical_only","2019-01-10","2020-04-10",309,0,260,0,0,0,False,0,False,False,"Not In Active Readiness Scope","Historical-only / not currently listed",False
"HASCOL-SEP","","other","",False,"historical_only","2019-08-26","2020-09-25",48,0,0,0,0,0,False,0,False,False,"Not In Active Readiness Scope","Historical-only / not currently listed",False
"HASCOLR","","unknown","",False,"historical_only","2017-10-23","2017-11-14",17,0,0,0,0,0,False,0,False,False,"Not In Active Readiness Scope","Historical-only / not currently listed",False
"HASCOLR1","","unknown","",False,"historical_only","2019-12-05","2021-10-29",18,0,0,0,0,0,False,0,False,False,"Not In Active Readiness Scope","Historical-only / not currently listed",False
"HASCOLR1-ODL","","unknown","",False,"historical_only","2019-12-05","2019-12-27",16,0,0,0,0,0,False,0,False,False,"Not In Active Readiness Scope","Historical-only / not currently listed",False
"HATM","Hamid Textile Mills Limited","ordinary_equity","TEXTILE COMPOSITE",True,"non_compliant","2016-07-26","2024-09-26",149,0,0,0,0,0,False,0,False,False,"Not In Active Readiness Scope","Currently listed but not recently traded",False
"HBL","Habib Bank Limited","ordinary_equity","COMMERCIAL BANKS",True,"listed_recently_traded","2016-07-26","2026-08-05",2484,2435,2435,1704,365,366,True,2435,True,True,"Ready","Eligible active ordinary equity with sufficient usable history and complete split/scaler artifacts",True
"HBL-APR","","other","",False,"historical_only","2017-03-27","2026-03-10",209,0,0,0,0,0,False,0,False,False,"Not In Active Readiness Scope","Historical-only / not currently listed",False
"HBL-APRB","","other","",False,"historical_only","2022-02-28","2026-04-24",158,0,0,0,0,0,False,0,False,False,"Not In Active Readiness Scope","Historical-only / not currently listed",False
"HBL-AUG","","other","",False,"historical_only","2018-07-23","2026-08-05",266,0,0,0,0,0,False,0,False,False,"Not In Active Readiness Scope","Historical-only / not currently listed",False
"HBL-AUGB","","other","",False,"historical_only","2022-08-01","2025-08-29",57,0,0,0,0,0,False,0,False,False,"Not In Active Readiness Scope","Historical-only / not currently listed",False
"HBL-CAPR","","unknown","",False,"historical_only","2017-01-30","2021-04-30",312,0,0,0,0,0,False,0,False,False,"Not In Active Readiness Scope","Historical-only / not currently listed",False
"HBL-CAUG","","unknown","",False,"historical_only","2018-05-28","2021-08-27",242,0,0,0,0,0,False,0,False,False,"Not In Active Readiness Scope","Historical-only / not currently listed",False
"HBL-CDEC","","unknown","",False,"historical_only","2017-10-02","2025-12-26",275,0,0,0,0,0,False,0,False,False,"Not In Active Readiness Scope","Historical-only / not currently listed",False
"HBL-CFEB","","unknown","",False,"historical_only","2017-01-02","2021-02-26",285,0,0,0,0,0,False,0,False,False,"Not In Active Readiness Scope","Historical-only / not currently listed",False
"HBL-CJAN","","unknown","",False,"historical_only","2017-01-02","2026-01-22",287,0,0,0,0,0,False,0,False,False,"Not In Active Readiness Scope","Historical-only / not currently listed",False
"HBL-CJUL","","unknown","",False,"historical_only","2018-04-30","2021-07-30",239,0,0,0,0,0,False,0,False,False,"Not In Active Readiness Scope","Historical-only / not currently listed",False
"HBL-CJUN","","unknown","",False,"historical_only","2017-04-03","2021-06-25",299,0,0,0,0,0,False,0,False,False,"Not In Active Readiness Scope","Historical-only / not currently listed",False
"HBL-CMAR","","unknown","",False,"historical_only","2017-01-02","2021-03-26",314,0,0,0,0,0,False,0,False,False,"Not In Active Readiness Scope","Historical-only / not currently listed",False
"HBL-CMAY","","unknown","",False,"historical_only","2017-02-27","2021-05-28",311,0,0,0,0,0,False,0,False,False,"Not In Active Readiness Scope","Historical-only / not currently listed",False
"HBL-CNOV","","unknown","",False,"historical_only","2017-08-28","2021-10-22",291,0,0,0,0,0,False,0,False,False,"Not In Active Readiness Scope","Historical-only / not currently listed",False
"HBL-COCT","","unknown","",False,"historical_only","2018-07-30","2021-10-22",238,0,0,0,0,0,False,0,False,False,"Not In Active Readiness Scope","Historical-only / not currently listed",False
"HBL-CSEP","","unknown","",False,"historical_only","2018-07-02","2021-09-24",240,0,0,0,0,0,False,0,False,False,"Not In Active Readiness Scope","Historical-only / not currently listed",False
"HBL-DEC","","other","",False,"historical_only","2017-11-20","2023-10-31",145,0,0,0,0,0,False,0,False,False,"Not In Active Readiness Scope","Historical-only / not currently listed",False
"HBL-DECB","","other","",False,"historical_only","2021-10-18","2025-12-26",184,0,0,0,0,0,False,0,False,False,"Not In Active Readiness Scope","Historical-only / not currently listed",False
"HBL-FEB","","other","",False,"historical_only","2017-01-23","2026-02-27",365,0,0,0,0,0,False,0,False,False,"Not In Active Readiness Scope","Historical-only / not currently listed",False
"HBL-JAN","","other","",False,"historical_only","2017-01-02","2026-01-30",380,0,0,0,0,0,False,0,False,False,"Not In Active Readiness Scope","Historical-only / not currently listed",False
"HBL-JUL","","other","",False,"historical_only","2018-06-25","2026-07-31",336,0,0,0,0,0,False,0,False,False,"Not In Active Readiness Scope","Historical-only / not currently listed",False
"HBL-JUN","","other","",False,"historical_only","2018-05-21","2024-04-30",150,0,0,0,0,0,False,0,False,False,"Not In Active Readiness Scope","Historical-only / not currently listed",False
"HBL-JUNB","","other","",False,"historical_only","2022-04-22","2026-06-24",177,0,0,0,0,0,False,0,False,False,"Not In Active Readiness Scope","Historical-only / not currently listed",False
"HBL-MAR","","other","",False,"historical_only","2017-02-20","2026-03-17",295,0,0,0,0,0,False,0,False,False,"Not In Active Readiness Scope","Historical-only / not currently listed",False
"HBL-MARB","","other","",False,"historical_only","2019-03-04","2026-03-27",99,0,0,0,0,0,False,0,False,False,"Not In Active Readiness Scope","Historical-only / not currently listed",False
"HBL-MAY","","other","",False,"historical_only","2018-04-23","2024-03-15",194,0,0,0,0,0,False,0,False,False,"Not In Active Readiness Scope","Historical-only / not currently listed",False
"HBL-MAYB","","other","",False,"historical_only","2022-04-22","2026-04-24",86,0,0,0,0,0,False,0,False,False,"Not In Active Readiness Scope","Historical-only / not currently listed",False
"HBL-MAYC","","other","",False,"historical_only","2024-04-25","2026-05-29",72,23,23,0,0,0,False,0,False,False,"Not In Active Readiness Scope","Historical-only / not currently listed",False
"HBL-NOV","","other","",False,"historical_only","2017-10-23","2025-10-29",228,0,0,0,0,0,False,0,False,False,"Not In Active Readiness Scope","Historical-only / not currently listed",False
"HBL-NOVB","","other","",False,"historical_only","2021-10-22","2025-11-28",118,0,0,0,0,0,False,0,False,False,"Not In Active Readiness Scope","Historical-only / not currently listed",False
"HBL-OCT","","other","",False,"historical_only","2017-09-25","2024-08-30",253,0,0,0,0,0,False,0,False,False,"Not In Active Readiness Scope","Historical-only / not currently listed",False
"HBL-OCTB","","other","",False,"historical_only","2021-08-30","2025-10-29",96,0,0,0,0,0,False,0,False,False,"Not In Active Readiness Scope","Historical-only / not currently listed",False
"HBL-OCTC","","other","",False,"historical_only","2021-10-22","2021-10-29",5,0,0,0,0,0,False,0,False,False,"Not In Active Readiness Scope","Historical-only / not currently listed",False
"HBL-ODL","","unknown","",False,"historical_only","2019-01-10","2020-03-20",295,0,246,0,0,0,False,0,False,False,"Not In Active Readiness Scope","Historical-only / not currently listed",False
"HBL-SEP","","other","",False,"historical_only","2017-08-21","2026-08-05",200,0,0,0,0,0,False,0,False,False,"Not In Active Readiness Scope","Historical-only / not currently listed",False
"HBL-SEPB","","other","",False,"historical_only","2021-08-30","2025-09-26",152,0,0,0,0,0,False,0,False,False,"Not In Active Readiness Scope","Historical-only / not currently listed",False
"HBLTETF","HBL Total Treasury (ETF)","etf","EXCHANGE TRADED FUNDS",True,"listed_recently_traded","2022-09-12","2026-08-05",880,0,0,0,0,0,False,0,False,False,"Data Quality Issue","price is not positive",False
"HBLTFC","","unknown","",False,"historical_only","2017-01-02","2021-03-12",556,0,0,0,0,0,False,0,False,False,"Not In Active Readiness Scope","Historical-only / not currently listed",False
"HCAR","Honda Atlas Cars (Pakistan) Limited","ordinary_equity","AUTOMOBILE ASSEMBLER",True,"listed_recently_traded","2016-07-26","2026-08-05",2484,2435,2435,1704,365,366,True,2435,True,True,"Ready","Eligible active ordinary equity with sufficient usable history and complete split/scaler artifacts",True
"HCAR-ODL","","unknown","",False,"historical_only","2019-01-10","2020-04-10",309,0,260,0,0,0,False,0,False,False,"Not In Active Readiness Scope","Historical-only / not currently listed",False
"HCL","","unknown","",False,"historical_only","2019-06-13","2025-01-15",342,0,0,0,0,0,False,0,False,False,"Not In Active Readiness Scope","Historical-only / not currently listed",False
"HCL-ODL","","unknown","",False,"historical_only","2019-09-18","2019-10-24",3,0,0,0,0,0,False,0,False,False,"Not In Active Readiness Scope","Historical-only / not currently listed",False
"HGFA","HBL Growth Fund","ordinary_equity","CLOSE - END MUTUAL FUND",True,"listed_recently_traded","2018-07-03","2026-08-05",1731,0,0,0,0,0,False,0,False,False,"Data Quality Issue","price is not positive",False
"HGFA-ODL","","unknown","",False,"historical_only","2019-01-10","2020-04-10",88,0,0,0,0,0,False,0,False,False,"Not In Active Readiness Scope","Historical-only / not currently listed",False
"HICL","Habib Insurance Company Limited","ordinary_equity","INSURANCE",True,"listed_recently_traded","2016-07-26","2026-08-05",1792,0,0,0,0,0,False,0,False,False,"Data Quality Issue","price is not positive",False
"HICL-ODL","","unknown","",False,"historical_only","2019-01-10","2020-03-31",136,0,0,0,0,0,False,0,False,False,"Not In Active Readiness Scope","Historical-only / not currently listed",False
"HIFA","HBL Investment Fund","ordinary_equity","CLOSE - END MUTUAL FUND",True,"listed_recently_traded","2017-01-02","2026-08-05",2051,0,0,0,0,0,False,0,False,False,"Data Quality Issue","price is not positive",False
"HIFA-ODL","","unknown","",False,"historical_only","2019-01-11","2020-04-06",75,0,0,0,0,0,False,0,False,False,"Not In Active Readiness Scope","Historical-only / not currently listed",False
"HINO","Hinopak Motors Limited","ordinary_equity","AUTOMOBILE ASSEMBLER",True,"listed_recently_traded","2016-07-26","2026-08-05",2210,0,0,0,0,0,False,0,False,False,"Data Quality Issue","price is not positive",False
"HINO-ODL","","unknown","",False,"historical_only","2019-01-14","2020-04-10",231,0,0,0,0,0,False,0,False,False,"Not In Active Readiness Scope","Historical-only / not currently listed",False
"HINOON","Highnoon Laboratories Limited","ordinary_equity","PHARMACEUTICALS",True,"listed_recently_traded","2016-07-26","2026-08-05",2472,0,0,0,0,0,False,0,False,False,"Data Quality Issue","price is not positive",False
"HINOON-AUG","","other","",False,"historical_only","2023-07-31","2023-08-25",19,0,0,0,0,0,False,0,False,False,"Not In Active Readiness Scope","Historical-only / not currently listed",False
"HINOON-DEC","","other","",False,"historical_only","2023-10-02","2023-12-29",63,0,0,0,0,0,False,0,False,False,"Not In Active Readiness Scope","Historical-only / not currently listed",False
"HINOON-JAN","","other","",False,"historical_only","2023-10-30","2024-01-26",63,0,0,0,0,0,False,0,False,False,"Not In Active Readiness Scope","Historical-only / not currently listed",False
"HINOON-NOV","","other","",False,"historical_only","2023-08-28","2023-11-24",62,0,0,0,0,0,False,0,False,False,"Not In Active Readiness Scope","Historical-only / not currently listed",False
"HINOON-OCT","","other","",False,"historical_only","2023-07-31","2023-10-27",63,0,0,0,0,0,False,0,False,False,"Not In Active Readiness Scope","Historical-only / not currently listed",False
"HINOON-ODL","","unknown","",False,"historical_only","2019-01-10","2020-04-10",276,0,0,0,0,0,False,0,False,False,"Not In Active Readiness Scope","Historical-only / not currently listed",False
"HINOON-SEP","","other","",False,"historical_only","2023-07-31","2023-09-28",43,0,0,0,0,0,False,0,False,False,"Not In Active Readiness Scope","Historical-only / not currently listed",False
"HINOR","","unknown","",False,"historical_only","2020-10-22","2020-11-13",16,0,0,0,0,0,False,0,False,False,"Not In Active Readiness Scope","Historical-only / not currently listed",False
"HIRAT","Hira Textile Mills Limited","ordinary_equity","TEXTILE SPINNING",True,"non_compliant","2016-07-26","2026-08-05",2420,0,0,0,0,0,False,0,False,False,"Data Quality Issue","price is not positive",False
"HIRAT-ODL","","unknown","",False,"historical_only","2019-01-18","2020-03-20",74,0,0,0,0,0,False,0,False,False,"Not In Active Readiness Scope","Historical-only / not currently listed",False
"HKKT","Hakkim Textile Mills Limited","ordinary_equity","TEXTILE WEAVING",True,"non_compliant","2021-10-25","2024-09-26",21,0,0,0,0,0,False,0,False,False,"Not In Active Readiness Scope","Currently listed but not recently traded",False
"HMB","Habib Metropolitan Bank Limited","ordinary_equity","COMMERCIAL BANKS",True,"listed_recently_traded","2016-07-26","2026-08-05",2446,0,0,0,0,0,False,0,False,False,"Data Quality Issue","price is not positive",False
"HMB-APR","","other","",False,"historical_only","2018-03-26","2024-02-23",119,0,0,0,0,0,False,0,False,False,"Not In Active Readiness Scope","Historical-only / not currently listed",False
"HMB-APRB","","other","",False,"historical_only","2022-02-28","2024-04-26",124,0,0,0,0,0,False,0,False,False,"Not In Active Readiness Scope","Historical-only / not currently listed",False
"HMB-AUG","","other","",False,"historical_only","2018-07-23","2023-08-25",130,0,0,0,0,0,False,0,False,False,"Not In Active Readiness Scope","Historical-only / not currently listed",False
"HMB-CDEC","","unknown","",False,"historical_only","2021-09-27","2021-10-22",19,0,0,0,0,0,False,0,False,False,"Not In Active Readiness Scope","Historical-only / not currently listed",False
"HMB-CNOV","","unknown","",False,"historical_only","2021-08-30","2021-10-22",39,0,0,0,0,0,False,0,False,False,"Not In Active Readiness Scope","Historical-only / not currently listed",False
"HMB-COCT","","unknown","",False,"historical_only","2021-08-02","2021-10-22",57,0,0,0,0,0,False,0,False,False,"Not In Active Readiness Scope","Historical-only / not currently listed",False
"HMB-DEC","","other","",False,"historical_only","2018-11-26","2023-12-29",188,0,0,0,0,0,False,0,False,False,"Not In Active Readiness Scope","Historical-only / not currently listed",False
"HMB-FEB","","other","",False,"historical_only","2018-01-22","2024-02-23",192,0,0,0,0,0,False,0,False,False,"Not In Active Readiness Scope","Historical-only / not currently listed",False
"HMB-JAN","","other","",False,"historical_only","2018-12-24","2024-01-26",149,0,0,0,0,0,False,0,False,False,"Not In Active Readiness Scope","Historical-only / not currently listed",False
"HMB-JUL","","other","",False,"historical_only","2018-06-25","2024-07-26",165,0,0,0,0,0,False,0,False,False,"Not In Active Readiness Scope","Historical-only / not currently listed",False
"HMB-JUN","","other","",False,"historical_only","2018-05-21","2024-05-03",127,0,0,0,0,0,False,0,False,False,"Not In Active Readiness Scope","Historical-only / not currently listed",False
"HMB-JUNB","","other","",False,"historical_only","2024-04-29","2024-06-28",40,0,0,0,0,0,False,0,False,False,"Not In Active Readiness Scope","Historical-only / not currently listed",False
"HMB-MAR","","other","",False,"historical_only","2018-02-19","2024-02-23",132,0,0,0,0,0,False,0,False,False,"Not In Active Readiness Scope","Historical-only / not currently listed",False
"HMB-MARB","","other","",False,"historical_only","2018-02-26","2024-03-29",112,0,0,0,0,0,False,0,False,False,"Not In Active Readiness Scope","Historical-only / not currently listed",False
"HMB-MAY","","other","",False,"historical_only","2018-04-23","2024-05-03",156,0,0,0,0,0,False,0,False,False,"Not In Active Readiness Scope","Historical-only / not currently listed",False
"HMB-MAYB","","other","",False,"historical_only","2024-04-29","2024-05-31",23,0,0,0,0,0,False,0,False,False,"Not In Active Readiness Scope","Historical-only / not currently listed",False
"HMB-NOV","","other","",False,"historical_only","2018-10-22","2023-11-24",198,0,0,0,0,0,False,0,False,False,"Not In Active Readiness Scope","Historical-only / not currently listed",False
"HMB-OCT","","other","",False,"historical_only","2018-09-24","2023-08-30",90,0,0,0,0,0,False,0,False,False,"Not In Active Readiness Scope","Historical-only / not currently listed",False
"HMB-OCTB","","other","",False,"historical_only","2021-08-30","2023-10-27",112,0,0,0,0,0,False,0,False,False,"Not In Active Readiness Scope","Historical-only / not currently listed",False
"HMB-ODL","","unknown","",False,"historical_only","2019-01-10","2020-04-03",139,0,0,0,0,0,False,0,False,False,"Not In Active Readiness Scope","Historical-only / not currently listed",False
"HMB-SEP","","other","",False,"historical_only","2018-08-27","2023-08-30",108,0,0,0,0,0,False,0,False,False,"Not In Active Readiness Scope","Historical-only / not currently listed",False
"HMB-SEPB","","other","",False,"historical_only","2021-09-15","2023-09-28",55,0,0,0,0,0,False,0,False,False,"Not In Active Readiness Scope","Historical-only / not currently listed",False
"HMIM","Haji Mohammad Ismail Mills Limited","ordinary_equity","TEXTILE SPINNING",True,"non_compliant","2016-07-26","2024-09-26",346,0,0,0,0,0,False,0,False,False,"Not In Active Readiness Scope","Currently listed but not recently traded",False
"HMM","","unknown","",False,"historical_only","2017-10-06","2023-03-07",681,0,0,0,0,0,False,0,False,False,"Not In Active Readiness Scope","Historical-only / not currently listed",False
"HMM-ODL","","unknown","",False,"historical_only","2019-01-23","2020-03-18",46,0,0,0,0,0,False,0,False,False,"Not In Active Readiness Scope","Historical-only / not currently listed",False
"HPL","Hoechst Pakistan Limited","ordinary_equity","PHARMACEUTICALS",True,"listed_recently_traded","2016-07-26","2026-08-05",2036,0,0,0,0,0,False,0,False,False,"Data Quality Issue","price is not positive",False
"HRPL","Habib Rice Product Limited.","ordinary_equity","SUGAR & ALLIED INDUSTRIES",True,"listed_recently_traded","2020-03-11","2026-08-05",1127,0,0,0,0,0,False,0,False,False,"Data Quality Issue","price is not positive",False
"HRPL-ODL","","unknown","",False,"historical_only","2020-03-11","2020-03-20",5,0,0,0,0,0,False,0,False,False,"Not In Active Readiness Scope","Historical-only / not currently listed",False
"HSM","","unknown","",False,"historical_only","2016-08-01","2022-07-29",1351,0,0,0,0,0,False,0,False,False,"Not In Active Readiness Scope","Historical-only / not currently listed",False
"HSM-ODL","","unknown","",False,"historical_only","2019-01-10","2020-04-09",143,0,0,0,0,0,False,0,False,False,"Not In Active Readiness Scope","Historical-only / not currently listed",False
"HSMCPS","","unknown","",False,"historical_only","2022-03-07","2022-08-04",17,0,0,0,0,0,False,0,False,False,"Not In Active Readiness Scope","Historical-only / not currently listed",False
"HSMPSR","","unknown","",False,"historical_only","2021-12-23","2022-01-14",17,0,0,0,0,0,False,0,False,False,"Not In Active Readiness Scope","Historical-only / not currently listed",False
"HSMR1","","unknown","",False,"historical_only","2017-06-20","2017-07-28",25,0,0,0,0,0,False,0,False,False,"Not In Active Readiness Scope","Historical-only / not currently listed",False
"HSMR2","","unknown","",False,"historical_only","2019-03-05","2019-03-27",17,0,0,0,0,0,False,0,False,False,"Not In Active Readiness Scope","Historical-only / not currently listed",False
"HSMR2-ODL","","unknown","",False,"historical_only","2019-03-05","2019-03-27",17,0,0,0,0,0,False,0,False,False,"Not In Active Readiness Scope","Historical-only / not currently listed",False
"HSMR3","","unknown","",False,"historical_only","2021-08-30","2021-09-21",17,0,0,0,0,0,False,0,False,False,"Not In Active Readiness Scope","Historical-only / not currently listed",False
"HSPI","Huffaz Seamless Pipe Industries Limited","ordinary_equity","ENGINEERING",True,"non_compliant","2016-07-26","2024-11-15",1077,0,0,0,0,0,False,0,False,False,"Not In Active Readiness Scope","Currently listed but not recently traded",False
"HSPI-ODL","","unknown","",False,"historical_only","2019-01-14","2020-02-17",73,0,0,0,0,0,False,0,False,False,"Not In Active Readiness Scope","Historical-only / not currently listed",False
"HTL","Hi-Tech Lubricants Limited","ordinary_equity","OIL & GAS MARKETING COMPANIES",True,"listed_recently_traded","2016-07-26","2026-08-05",2484,2435,2435,1704,365,366,True,2435,True,True,"Ready","Eligible active ordinary equity with sufficient usable history and complete split/scaler artifacts",True
"HTL-ODL","","unknown","",False,"historical_only","2019-01-11","2020-04-09",282,0,0,0,0,0,False,0,False,False,"Not In Active Readiness Scope","Historical-only / not currently listed",False
"HUBC","The Hub Power Company Limited","ordinary_equity","POWER GENERATION & DISTRIBUTION",True,"listed_recently_traded","2016-07-26","2026-08-05",2484,2435,2435,1704,365,366,True,2435,True,True,"Ready","Eligible active ordinary equity with sufficient usable history and complete split/scaler artifacts",True
"HUBC-APR","","other","",False,"historical_only","2017-03-27","2024-02-21",225,0,0,0,0,0,False,0,False,False,"Not In Active Readiness Scope","Historical-only / not currently listed",False
"HUBC-APRB","","other","",False,"historical_only","2019-04-08","2026-04-24",145,0,0,0,0,0,False,0,False,False,"Not In Active Readiness Scope","Historical-only / not currently listed",False
"HUBC-AUG","","other","",False,"historical_only","2017-07-24","2026-08-05",344,0,0,0,0,0,False,0,False,False,"Not In Active Readiness Scope","Historical-only / not currently listed",False
"HUBC-CAPR","","unknown","",False,"historical_only","2017-01-30","2021-04-30",312,0,0,0,0,0,False,0,False,False,"Not In Active Readiness Scope","Historical-only / not currently listed",False
"HUBC-CAUG","","unknown","",False,"historical_only","2017-05-29","2021-08-27",302,0,0,0,0,0,False,0,False,False,"Not In Active Readiness Scope","Historical-only / not currently listed",False
"HUBC-CDEC","","unknown","",False,"historical_only","2017-10-02","2025-12-26",284,0,0,0,0,0,False,0,False,False,"Not In Active Readiness Scope","Historical-only / not currently listed",False
"HUBC-CFEB","","unknown","",False,"historical_only","2017-01-02","2021-02-26",285,0,0,0,0,0,False,0,False,False,"Not In Active Readiness Scope","Historical-only / not currently listed",False
"HUBC-CJAN","","unknown","",False,"historical_only","2017-01-02","2026-01-26",291,0,0,0,0,0,False,0,False,False,"Not In Active Readiness Scope","Historical-only / not currently listed",False
"HUBC-CJUL","","unknown","",False,"historical_only","2017-05-02","2021-07-30",299,0,0,0,0,0,False,0,False,False,"Not In Active Readiness Scope","Historical-only / not currently listed",False
"HUBC-CJUN","","unknown","",False,"historical_only","2017-04-03","2021-06-25",299,0,0,0,0,0,False,0,False,False,"Not In Active Readiness Scope","Historical-only / not currently listed",False
"HUBC-CMAR","","unknown","",False,"historical_only","2017-01-02","2021-03-26",314,0,0,0,0,0,False,0,False,False,"Not In Active Readiness Scope","Historical-only / not currently listed",False
"HUBC-CMAY","","unknown","",False,"historical_only","2017-02-27","2021-05-28",311,0,0,0,0,0,False,0,False,False,"Not In Active Readiness Scope","Historical-only / not currently listed",False
"HUBC-CNOV","","unknown","",False,"historical_only","2017-08-28","2021-10-22",291,0,0,0,0,0,False,0,False,False,"Not In Active Readiness Scope","Historical-only / not currently listed",False
"HUBC-COCT","","unknown","",False,"historical_only","2017-07-31","2021-10-22",300,0,0,0,0,0,False,0,False,False,"Not In Active Readiness Scope","Historical-only / not currently listed",False
"HUBC-CSEP","","unknown","",False,"historical_only","2017-07-03","2021-09-24",302,0,0,0,0,0,False,0,False,False,"Not In Active Readiness Scope","Historical-only / not currently listed",False
"HUBC-DEC","","other","",False,"historical_only","2017-11-20","2024-12-27",194,0,0,0,0,0,False,0,False,False,"Not In Active Readiness Scope","Historical-only / not currently listed",False
"HUBC-DECB","","other","",False,"historical_only","2022-10-05","2025-12-26",133,0,0,0,0,0,False,0,False,False,"Not In Active Readiness Scope","Historical-only / not currently listed",False
"HUBC-FEB","","other","",False,"historical_only","2017-01-23","2026-02-27",351,0,0,0,0,0,False,0,False,False,"Not In Active Readiness Scope","Historical-only / not currently listed",False
"HUBC-FEBB","","other","",False,"historical_only","2022-01-24","2022-02-25",25,0,0,0,0,0,False,0,False,False,"Not In Active Readiness Scope","Historical-only / not currently listed",False
"HUBC-JAN","","other","",False,"historical_only","2017-01-02","2026-01-30",373,0,0,0,0,0,False,0,False,False,"Not In Active Readiness Scope","Historical-only / not currently listed",False
"HUBC-JUL","","other","",False,"historical_only","2017-06-29","2026-07-31",306,0,0,0,0,0,False,0,False,False,"Not In Active Readiness Scope","Historical-only / not currently listed",False
"HUBC-JULB","","other","",False,"historical_only","2024-05-03","2024-07-26",55,0,0,0,0,0,False,0,False,False,"Not In Active Readiness Scope","Historical-only / not currently listed",False
"HUBC-JUN","","other","",False,"historical_only","2017-05-22","2025-06-27",244,0,0,0,0,0,False,0,False,False,"Not In Active Readiness Scope","Historical-only / not currently listed",False
"HUBC-JUNB","","other","",False,"historical_only","2023-05-02","2026-06-24",104,0,0,0,0,0,False,0,False,False,"Not In Active Readiness Scope","Historical-only / not currently listed",False
"HUBC-MAR","","other","",False,"historical_only","2017-02-20","2026-02-27",239,0,0,0,0,0,False,0,False,False,"Not In Active Readiness Scope","Historical-only / not currently listed",False
"HUBC-MARB","","other","",False,"historical_only","2018-02-26","2026-03-27",159,0,0,0,0,0,False,0,False,False,"Not In Active Readiness Scope","Historical-only / not currently listed",False
"HUBC-MAY","","other","",False,"historical_only","2017-04-24","2026-04-27",278,0,0,0,0,0,False,0,False,False,"Not In Active Readiness Scope","Historical-only / not currently listed",False
"HUBC-MAYB","","other","",False,"historical_only","2023-03-06","2026-05-29",81,0,0,0,0,0,False,0,False,False,"Not In Active Readiness Scope","Historical-only / not currently listed",False
"HUBC-MAYC","","other","",False,"historical_only","2023-05-02","2023-05-26",19,0,0,0,0,0,False,0,False,False,"Not In Active Readiness Scope","Historical-only / not currently listed",False
"HUBC-NOV","","other","",False,"historical_only","2017-10-23","2024-09-11",170,0,0,0,0,0,False,0,False,False,"Not In Active Readiness Scope","Historical-only / not currently listed",False
"HUBC-NOVB","","other","",False,"historical_only","2021-09-06","2025-11-04",161,0,0,0,0,0,False,0,False,False,"Not In Active Readiness Scope","Historical-only / not currently listed",False
"HUBC-NOVC","","other","",False,"historical_only","2023-10-26","2025-11-28",42,0,0,0,0,0,False,0,False,False,"Not In Active Readiness Scope","Historical-only / not currently listed",False
"HUBC-OCT","","other","",False,"historical_only","2017-09-25","2025-09-26",240,0,0,0,0,0,False,0,False,False,"Not In Active Readiness Scope","Historical-only / not currently listed",False
"HUBC-OCTB","","other","",False,"historical_only","2021-09-21","2025-10-31",132,0,0,0,0,0,False,0,False,False,"Not In Active Readiness Scope","Historical-only / not currently listed",False
"HUBC-ODL","","unknown","",False,"historical_only","2019-01-10","2020-03-20",292,0,243,0,0,0,False,0,False,False,"Not In Active Readiness Scope","Historical-only / not currently listed",False
"HUBC-SEP","","other","",False,"historical_only","2017-08-21","2025-09-26",318,0,0,0,0,0,False,0,False,False,"Not In Active Readiness Scope","Historical-only / not currently listed",False
"HUBC-SEPB","","other","",False,"historical_only","2021-08-30","2024-09-27",30,0,0,0,0,0,False,0,False,False,"Not In Active Readiness Scope","Historical-only / not currently listed",False
"HUBCR","","unknown","",False,"historical_only","2019-05-06","2019-05-28",17,0,0,0,0,0,False,0,False,False,"Not In Active Readiness Scope","Historical-only / not currently listed",False
"HUBCR-ODL","","unknown","",False,"historical_only","2019-05-06","2019-05-28",17,0,0,0,0,0,False,0,False,False,"Not In Active Readiness Scope","Historical-only / not currently listed",False
"HUBCSC2","","unknown","",False,"historical_only","2020-01-28","2023-07-10",308,0,0,0,0,0,False,0,False,False,"Not In Active Readiness Scope","Historical-only / not currently listed",False
"HUBCSC4","","unknown","",False,"historical_only","2021-03-04","2023-11-17",75,0,0,0,0,0,False,0,False,False,"Not In Active Readiness Scope","Historical-only / not currently listed",False
"HUMNL","Hum Network Limited","ordinary_equity","TECHNOLOGY & COMMUNICATION",True,"listed_recently_traded","2016-07-26","2026-08-05",2480,2431,2431,1701,364,366,True,2431,True,True,"Ready","Eligible active ordinary equity with sufficient usable history and complete split/scaler artifacts",True
"HUMNL-APR","","other","",False,"historical_only","2021-03-22","2026-04-24",255,0,0,0,0,0,False,0,False,False,"Not In Active Readiness Scope","Historical-only / not currently listed",False
"HUMNL-AUG","","other","",False,"historical_only","2021-07-26","2026-08-05",240,0,0,0,0,0,False,0,False,False,"Not In Active Readiness Scope","Historical-only / not currently listed",False
"HUMNL-CDEC","","unknown","",False,"historical_only","2021-09-27","2021-10-22",19,0,0,0,0,0,False,0,False,False,"Not In Active Readiness Scope","Historical-only / not currently listed",False
"HUMNL-CNOV","","unknown","",False,"historical_only","2021-08-30","2021-10-22",39,0,0,0,0,0,False,0,False,False,"Not In Active Readiness Scope","Historical-only / not currently listed",False
"HUMNL-COCT","","unknown","",False,"historical_only","2021-08-02","2021-10-22",57,0,0,0,0,0,False,0,False,False,"Not In Active Readiness Scope","Historical-only / not currently listed",False
"HUMNL-CSEP","","unknown","",False,"historical_only","2021-06-28","2021-09-24",60,0,0,0,0,0,False,0,False,False,"Not In Active Readiness Scope","Historical-only / not currently listed",False
"HUMNL-DEC","","other","",False,"historical_only","2021-09-27","2025-12-26",178,0,0,0,0,0,False,0,False,False,"Not In Active Readiness Scope","Historical-only / not currently listed",False
"HUMNL-DECB","","other","",False,"historical_only","2022-10-31","2022-12-30",44,0,0,0,0,0,False,0,False,False,"Not In Active Readiness Scope","Historical-only / not currently listed",False
"HUMNL-FEB","","other","",False,"historical_only","2021-11-29","2026-02-27",222,0,0,0,0,0,False,0,False,False,"Not In Active Readiness Scope","Historical-only / not currently listed",False
"HUMNL-FEBB","","other","",False,"historical_only","2022-01-24","2022-02-25",25,0,0,0,0,0,False,0,False,False,"Not In Active Readiness Scope","Historical-only / not currently listed",False
"HUMNL-JAN","","other","",False,"historical_only","2021-11-01","2026-01-30",247,0,0,0,0,0,False,0,False,False,"Not In Active Readiness Scope","Historical-only / not currently listed",False
"HUMNL-JUL","","other","",False,"historical_only","2021-06-21","2025-07-25",230,0,0,0,0,0,False,0,False,False,"Not In Active Readiness Scope","Historical-only / not currently listed",False
"HUMNL-JULB","","other","",False,"historical_only","2026-06-22","2026-07-31",28,0,0,0,0,0,False,0,False,False,"Not In Active Readiness Scope","Historical-only / not currently listed",False
"HUMNL-JUN","","other","",False,"historical_only","2021-05-24","2025-06-27",183,0,0,0,0,0,False,0,False,False,"Not In Active Readiness Scope","Historical-only / not currently listed",False
"HUMNL-JUNB","","other","",False,"historical_only","2022-04-26","2026-06-24",64,0,0,0,0,0,False,0,False,False,"Not In Active Readiness Scope","Historical-only / not currently listed",False
"HUMNL-MAR","","other","",False,"historical_only","2021-02-22","2026-03-27",219,0,0,0,0,0,False,0,False,False,"Not In Active Readiness Scope","Historical-only / not currently listed",False
"HUMNL-MARB","","other","",False,"historical_only","2022-01-24","2022-03-25",44,0,0,0,0,0,False,0,False,False,"Not In Active Readiness Scope","Historical-only / not currently listed",False
"HUMNL-MAY","","other","",False,"historical_only","2021-04-26","2026-05-07",223,0,0,0,0,0,False,0,False,False,"Not In Active Readiness Scope","Historical-only / not currently listed",False
"HUMNL-MAYB","","other","",False,"historical_only","2022-04-26","2026-05-29",36,0,0,0,0,0,False,0,False,False,"Not In Active Readiness Scope","Historical-only / not currently listed",False
"HUMNL-NOV","","other","",False,"historical_only","2021-08-30","2025-11-28",215,0,0,0,0,0,False,0,False,False,"Not In Active Readiness Scope","Historical-only / not currently listed",False
"HUMNL-NOVB","","other","",False,"historical_only","2022-10-31","2022-11-25",19,0,0,0,0,0,False,0,False,False,"Not In Active Readiness Scope","Historical-only / not currently listed",False
"HUMNL-OCT","","other","",False,"historical_only","2021-08-23","2025-10-31",259,0,0,0,0,0,False,0,False,False,"Not In Active Readiness Scope","Historical-only / not currently listed",False
"HUMNL-OCTB","","other","",False,"historical_only","2021-08-30","2021-08-30",1,0,0,0,0,0,False,0,False,False,"Not In Active Readiness Scope","Historical-only / not currently listed",False
"HUMNL-ODL","","unknown","",False,"historical_only","2019-01-10","2020-04-09",104,0,0,0,0,0,False,0,False,False,"Not In Active Readiness Scope","Historical-only / not currently listed",False
"HUMNL-SEP","","other","",False,"historical_only","2021-08-04","2025-09-26",240,0,0,0,0,0,False,0,False,False,"Not In Active Readiness Scope","Historical-only / not currently listed",False
"HUSI","Husein Industries Limited","ordinary_equity","PROPERTY",True,"listed_recently_traded","2016-07-26","2026-08-05",872,0,0,0,0,0,False,0,False,False,"Data Quality Issue","price is not positive",False
"HWQS","Haseeb Waqas Sugar Mills Limited","ordinary_equity","SUGAR & ALLIED INDUSTRIES",True,"non_compliant","2016-07-26","2026-08-05",1658,0,0,0,0,0,False,0,False,False,"Data Quality Issue","price is not positive",False
"HWQS-ODL","","unknown","",False,"historical_only","2019-01-10","2020-02-10",39,0,0,0,0,0,False,0,False,False,"Not In Active Readiness Scope","Historical-only / not currently listed",False
"IBFL","Ibrahim Fibres Limited","ordinary_equity","SYNTHETIC & RAYON",True,"listed_recently_traded","2016-07-26","2026-08-05",1589,0,0,0,0,0,False,0,False,False,"Data Quality Issue","price is not positive",False
"IBFL-NOV","","other","",False,"historical_only","2021-08-30","2021-08-30",1,0,0,0,0,0,False,0,False,False,"Not In Active Readiness Scope","Historical-only / not currently listed",False
"IBFL-ODL","","unknown","",False,"historical_only","2019-01-14","2020-04-08",81,0,0,0,0,0,False,0,False,False,"Not In Active Readiness Scope","Historical-only / not currently listed",False
"IBLHL","IBL HealthCare Limited","ordinary_equity","PHARMACEUTICALS",True,"listed_recently_traded","2016-07-26","2026-08-05",2450,0,0,0,0,0,False,0,False,False,"Data Quality Issue","price is not positive",False
"IBLHL-ODL","","unknown","",False,"historical_only","2019-01-10","2020-04-10",277,0,0,0,0,0,False,0,False,False,"Not In Active Readiness Scope","Historical-only / not currently listed",False
"ICCI","ICC Industries Limited","ordinary_equity","TEXTILE WEAVING",True,"listed_recently_traded","2021-10-25","2026-08-05",542,0,0,0,0,0,False,0,False,False,"Data Quality Issue","price is not positive",False
"ICCT","","unknown","",False,"historical_only","2016-07-26","2017-01-26",127,0,0,0,0,0,False,0,False,False,"Not In Active Readiness Scope","Historical-only / not currently listed",False
"ICI","","unknown","",False,"historical_only","2016-07-26","2023-01-12",1574,0,0,0,0,0,False,0,False,False,"Not In Active Readiness Scope","Historical-only / not currently listed",False
"ICI-CNOV","","unknown","",False,"historical_only","2021-08-30","2021-08-30",1,0,0,0,0,0,False,0,False,False,"Not In Active Readiness Scope","Historical-only / not currently listed",False
"ICI-NOV","","other","",False,"historical_only","2021-08-30","2021-08-30",1,0,0,0,0,0,False,0,False,False,"Not In Active Readiness Scope","Historical-only / not currently listed",False
"ICI-ODL","","unknown","",False,"historical_only","2019-01-10","2020-04-10",238,0,0,0,0,0,False,0,False,False,"Not In Active Readiness Scope","Historical-only / not currently listed",False
"ICIBL","Invest Capital Investment Bank Limited","ordinary_equity","INV. BANKS / INV. COS. / SECURITIES COS.",True,"listed_recently_traded","2016-07-26","2026-08-05",2480,2431,2431,1701,364,366,True,2431,True,True,"Ready","Eligible active ordinary equity with sufficient usable history and complete split/scaler artifacts",True
"ICIBL-ODL","","unknown","",False,"historical_only","2019-01-10","2020-04-08",111,0,0,0,0,0,False,0,False,False,"Not In Active Readiness Scope","Historical-only / not currently listed",False
"ICL","Ittehad Chemicals Limted","ordinary_equity","CHEMICAL",True,"listed_recently_traded","2016-07-26","2026-08-05",2449,0,0,0,0,0,False,0,False,False,"Data Quality Issue","price is not positive",False
"ICL-ODL","","unknown","",False,"historical_only","2019-01-10","2020-04-10",239,0,0,0,0,0,False,0,False,False,"Not In Active Readiness Scope","Historical-only / not currently listed",False
"ICLR1","","unknown","",False,"historical_only","2017-04-05","2017-05-10",25,0,0,0,0,0,False,0,False,False,"Not In Active Readiness Scope","Historical-only / not currently listed",False
"IDEAL","Ideal Dynamics Limited","ordinary_equity","TEXTILE SPINNING",True,"listed_recently_traded","2016-07-26","2026-08-05",971,0,0,0,0,0,False,0,False,False,"Data Quality Issue","price is not positive",False
"IDRT","Idrees Textile Mills Limited","ordinary_equity","TEXTILE SPINNING",True,"listed_recently_traded","2016-07-26","2026-08-05",1045,0,0,0,0,0,False,0,False,False,"Data Quality Issue","price is not positive",False
"IDRT-ODL","","unknown","",False,"historical_only","2019-01-10","2020-03-31",43,0,0,0,0,0,False,0,False,False,"Not In Active Readiness Scope","Historical-only / not currently listed",False
"IDSM","","unknown","",False,"historical_only","2016-07-26","2026-07-16",957,0,0,0,0,0,False,0,False,False,"Not In Active Readiness Scope","Historical-only / not currently listed",False
"IDSM-ODL","","unknown","",False,"historical_only","2019-01-23","2020-03-20",32,0,0,0,0,0,False,0,False,False,"Not In Active Readiness Scope","Historical-only / not currently listed",False
"IDYM","Indus Dyeing & Manufacturing Co. Limited","ordinary_equity","TEXTILE SPINNING",True,"listed_recently_traded","2016-07-26","2026-08-05",1864,0,0,0,0,0,False,0,False,False,"Data Quality Issue","price is not positive",False
"IDYM-ODL","","unknown","",False,"historical_only","2019-01-23","2020-04-09",44,0,0,0,0,0,False,0,False,False,"Not In Active Readiness Scope","Historical-only / not currently listed",False
"IFSL","","unknown","",False,"historical_only","2017-01-02","2017-05-26",97,0,48,0,0,0,False,0,False,False,"Not In Active Readiness Scope","Historical-only / not currently listed",False
"IGIBL","","unknown","",False,"historical_only","2017-01-02","2018-01-17",255,0,206,0,0,0,False,0,False,False,"Not In Active Readiness Scope","Historical-only / not currently listed",False
"IGIHL","IGI Holdings Limited","ordinary_equity","INSURANCE",True,"listed_recently_traded","2017-01-02","2026-08-05",2256,0,0,0,0,0,False,0,False,False,"Data Quality Issue","price is not positive",False
"IGIHL-ODL","","unknown","",False,"historical_only","2019-01-10","2020-04-10",211,0,0,0,0,0,False,0,False,False,"Not In Active Readiness Scope","Historical-only / not currently listed",False
"IGIIL","","unknown","",False,"historical_only","2017-01-02","2018-04-18",320,0,271,0,0,0,False,0,False,False,"Not In Active Readiness Scope","Historical-only / not currently listed",False
"IGIL","IGI Life Insurance Limited","ordinary_equity","INSURANCE",True,"listed_recently_traded","2016-07-26","2026-08-05",1803,0,0,0,0,0,False,0,False,False,"Data Quality Issue","price is not positive",False
"IGIL-ODL","","unknown","",False,"historical_only","2019-01-11","2020-04-10",81,0,0,0,0,0,False,0,False,False,"Not In Active Readiness Scope","Historical-only / not currently listed",False
"IGILR","","unknown","",False,"historical_only","2019-07-15","2021-10-29",17,0,0,0,0,0,False,0,False,False,"Not In Active Readiness Scope","Historical-only / not currently listed",False
"IGILR-ODL","","unknown","",False,"historical_only","2019-07-15","2019-08-02",14,0,0,0,0,0,False,0,False,False,"Not In Active Readiness Scope","Historical-only / not currently listed",False
"ILP","Interloop Limited","ordinary_equity","TEXTILE COMPOSITE",True,"listed_recently_traded","2019-04-05","2026-08-05",1814,1765,1765,1235,264,266,True,1765,True,True,"Ready","Eligible active ordinary equity with sufficient usable history and complete split/scaler artifacts",True
"ILP-APR","","other","",False,"historical_only","2023-01-30","2025-04-25",98,0,0,0,0,0,False,0,False,False,"Not In Active Readiness Scope","Historical-only / not currently listed",False
"ILP-APRB","","other","",False,"historical_only","2024-02-21","2026-04-24",60,0,0,0,0,0,False,0,False,False,"Not In Active Readiness Scope","Historical-only / not currently listed",False
"ILP-AUG","","other","",False,"historical_only","2021-07-27","2026-08-04",137,0,0,0,0,0,False,0,False,False,"Not In Active Readiness Scope","Historical-only / not currently listed",False
"ILP-AUGB","","other","",False,"historical_only","2023-06-12","2023-08-25",50,0,0,0,0,0,False,0,False,False,"Not In Active Readiness Scope","Historical-only / not currently listed",False
"ILP-CDEC","","unknown","",False,"historical_only","2021-09-27","2021-10-22",19,0,0,0,0,0,False,0,False,False,"Not In Active Readiness Scope","Historical-only / not currently listed",False
"ILP-CNOV","","unknown","",False,"historical_only","2021-08-30","2021-10-22",39,0,0,0,0,0,False,0,False,False,"Not In Active Readiness Scope","Historical-only / not currently listed",False
"ILP-COCT","","unknown","",False,"historical_only","2021-08-02","2021-10-22",57,0,0,0,0,0,False,0,False,False,"Not In Active Readiness Scope","Historical-only / not currently listed",False
"ILP-DEC","","other","",False,"historical_only","2021-09-27","2025-12-26",222,0,0,0,0,0,False,0,False,False,"Not In Active Readiness Scope","Historical-only / not currently listed",False
"ILP-FEB","","other","",False,"historical_only","2022-11-28","2026-02-13",164,0,0,0,0,0,False,0,False,False,"Not In Active Readiness Scope","Historical-only / not currently listed",False
"ILP-FEBB","","other","",False,"historical_only","2026-02-12","2026-02-27",10,0,0,0,0,0,False,0,False,False,"Not In Active Readiness Scope","Historical-only / not currently listed",False
"ILP-JAN","","other","",False,"historical_only","2022-10-31","2026-01-30",179,0,0,0,0,0,False,0,False,False,"Not In Active Readiness Scope","Historical-only / not currently listed",False
"ILP-JUL","","other","",False,"historical_only","2023-05-02","2026-07-31",141,0,0,0,0,0,False,0,False,False,"Not In Active Readiness Scope","Historical-only / not currently listed",False
"ILP-JULB","","other","",False,"historical_only","2023-06-12","2023-07-27",31,0,0,0,0,0,False,0,False,False,"Not In Active Readiness Scope","Historical-only / not currently listed",False
"ILP-JUN","","other","",False,"historical_only","2023-04-03","2026-06-24",135,0,0,0,0,0,False,0,False,False,"Not In Active Readiness Scope","Historical-only / not currently listed",False
"ILP-JUNB","","other","",False,"historical_only","2023-06-12","2023-06-27",12,0,0,0,0,0,False,0,False,False,"Not In Active Readiness Scope","Historical-only / not currently listed",False
"ILP-MAR","","other","",False,"historical_only","2023-01-02","2025-03-27",121,0,0,0,0,0,False,0,False,False,"Not In Active Readiness Scope","Historical-only / not currently listed",False
"ILP-MARB","","other","",False,"historical_only","2024-02-21","2026-03-10",30,0,0,0,0,0,False,0,False,False,"Not In Active Readiness Scope","Historical-only / not currently listed",False
"ILP-MAY","","other","",False,"historical_only","2023-02-27","2026-05-21",160,0,0,0,0,0,False,0,False,False,"Not In Active Readiness Scope","Historical-only / not currently listed",False
"ILP-NOV","","other","",False,"historical_only","2021-08-30","2024-09-26",80,0,0,0,0,0,False,0,False,False,"Not In Active Readiness Scope","Historical-only / not currently listed",False
"ILP-NOVB","","other","",False,"historical_only","2021-09-27","2025-11-28",169,0,0,0,0,0,False,0,False,False,"Not In Active Readiness Scope","Historical-only / not currently listed",False
"ILP-OCT","","other","",False,"historical_only","2021-07-26","2025-09-26",151,0,0,0,0,0,False,0,False,False,"Not In Active Readiness Scope","Historical-only / not currently listed",False
"ILP-OCTB","","other","",False,"historical_only","2021-10-25","2025-10-31",79,0,0,0,0,0,False,0,False,False,"Not In Active Readiness Scope","Historical-only / not currently listed",False
"ILP-ODL","","unknown","",False,"historical_only","2019-04-05","2020-04-10",218,0,0,0,0,0,False,0,False,False,"Not In Active Readiness Scope","Historical-only / not currently listed",False
"ILP-SEP","","other","",False,"historical_only","2021-08-27","2025-09-26",198,0,0,0,0,0,False,0,False,False,"Not In Active Readiness Scope","Historical-only / not currently listed",False
"ILTM","","unknown","",False,"historical_only","2016-07-26","2021-06-24",469,0,0,0,0,0,False,0,False,False,"Not In Active Readiness Scope","Historical-only / not currently listed",False
"ILTM-ODL","","unknown","",False,"historical_only","2019-01-23","2020-04-03",26,0,0,0,0,0,False,0,False,False,"Not In Active Readiness Scope","Historical-only / not currently listed",False
"IMAGE","Image Pakistan Limited","ordinary_equity","APPAREL",True,"listed_recently_traded","2021-04-06","2026-08-05",1318,1269,1269,888,190,191,True,1269,True,True,"Ready","Eligible active ordinary equity with sufficient usable history and complete split/scaler artifacts",True
"IMAGE-APR","","other","",False,"historical_only","2022-01-31","2026-04-24",110,0,0,0,0,0,False,0,False,False,"Not In Active Readiness Scope","Historical-only / not currently listed",False
"IMAGE-AUG","","other","",False,"historical_only","2025-07-02","2026-08-05",39,0,0,0,0,0,False,0,False,False,"Not In Active Readiness Scope","Historical-only / not currently listed",False
"IMAGE-DEC","","other","",False,"historical_only","2021-11-01","2021-12-31",36,0,0,0,0,0,False,0,False,False,"Not In Active Readiness Scope","Historical-only / not currently listed",False
"IMAGE-DECB","","other","",False,"historical_only","2025-11-25","2025-12-26",22,0,0,0,0,0,False,0,False,False,"Not In Active Readiness Scope","Historical-only / not currently listed",False
"IMAGE-FEB","","other","",False,"historical_only","2021-11-29","2026-02-27",107,0,0,0,0,0,False,0,False,False,"Not In Active Readiness Scope","Historical-only / not currently listed",False
"IMAGE-JAN","","other","",False,"historical_only","2021-11-01","2026-01-30",85,0,0,0,0,0,False,0,False,False,"Not In Active Readiness Scope","Historical-only / not currently listed",False
"IMAGE-JUL","","other","",False,"historical_only","2026-06-09","2026-07-31",30,0,0,0,0,0,False,0,False,False,"Not In Active Readiness Scope","Historical-only / not currently listed",False
"IMAGE-JULB","","other","",False,"historical_only","2025-06-24","2025-07-25",23,0,0,0,0,0,False,0,False,False,"Not In Active Readiness Scope","Historical-only / not currently listed",False
"IMAGE-JUN","","other","",False,"historical_only","2026-05-19","2026-06-24",24,0,0,0,0,0,False,0,False,False,"Not In Active Readiness Scope","Historical-only / not currently listed",False
"IMAGE-JUNB","","other","",False,"historical_only","2025-05-27","2025-06-27",21,0,0,0,0,0,False,0,False,False,"Not In Active Readiness Scope","Historical-only / not currently listed",False
"IMAGE-MAR","","other","",False,"historical_only","2022-01-03","2026-03-27",105,0,0,0,0,0,False,0,False,False,"Not In Active Readiness Scope","Historical-only / not currently listed",False
"IMAGE-MAY","","other","",False,"historical_only","2025-04-21","2026-05-29",44,0,0,0,0,0,False,0,False,False,"Not In Active Readiness Scope","Historical-only / not currently listed",False
"IMAGE-MAYB","","other","",False,"historical_only","2025-05-02","2025-05-30",20,0,0,0,0,0,False,0,False,False,"Not In Active Readiness Scope","Historical-only / not currently listed",False
"IMAGE-NOV","","other","",False,"historical_only","2021-11-01","2021-11-26",20,0,0,0,0,0,False,0,False,False,"Not In Active Readiness Scope","Historical-only / not currently listed",False
"IMAGE-NOVB","","other","",False,"historical_only","2025-10-15","2025-11-28",29,0,0,0,0,0,False,0,False,False,"Not In Active Readiness Scope","Historical-only / not currently listed",False
"IMAGE-OCT","","other","",False,"historical_only","2025-09-18","2025-10-17",22,0,0,0,0,0,False,0,False,False,"Not In Active Readiness Scope","Historical-only / not currently listed",False
"IMAGE-OCTB","","other","",False,"historical_only","2025-10-15","2025-10-31",13,0,0,0,0,0,False,0,False,False,"Not In Active Readiness Scope","Historical-only / not currently listed",False
"IMAGE-SEP","","other","",False,"historical_only","2025-08-13","2025-09-26",26,0,0,0,0,0,False,0,False,False,"Not In Active Readiness Scope","Historical-only / not currently listed",False
"IMAGER1","","unknown","",False,"historical_only","2021-08-16","2021-09-07",15,0,0,0,0,0,False,0,False,False,"Not In Active Readiness Scope","Historical-only / not currently listed",False
"IMAGER2","","unknown","",False,"historical_only","2024-03-25","2024-04-16",13,0,0,0,0,0,False,0,False,False,"Not In Active Readiness Scope","Historical-only / not currently listed",False
"IML","Imperial Limited","ordinary_equity","INV. BANKS / INV. COS. / SECURITIES COS.",True,"non_compliant","2020-11-18","2026-08-05",1029,0,0,0,0,0,False,0,False,False,"Data Quality Issue","price is not positive",False
"IMS","Intermarket Securities Limited","ordinary_equity","INV. BANKS / INV. COS. / SECURITIES COS.",True,"listed_recently_traded","2017-05-29","2026-08-05",1701,0,0,0,0,0,False,0,False,False,"Data Quality Issue","price is not positive",False
"IMSL","","unknown","",False,"historical_only","2016-07-26","2020-11-17",925,0,0,0,0,0,False,0,False,False,"Not In Active Readiness Scope","Historical-only / not currently listed",False
"IMSL-ODL","","unknown","",False,"historical_only","2019-01-23","2020-03-20",31,0,0,0,0,0,False,0,False,False,"Not In Active Readiness Scope","Historical-only / not currently listed",False
"INDU","Indus Motor Company Limited","ordinary_equity","AUTOMOBILE ASSEMBLER",True,"listed_recently_traded","2016-07-26","2026-08-05",2483,2434,2434,1703,365,366,True,2434,True,True,"Ready","Eligible active ordinary equity with sufficient usable history and complete split/scaler artifacts",True
"INDU-ODL","","unknown","",False,"historical_only","2019-01-10","2020-04-10",256,0,0,0,0,0,False,0,False,False,"Not In Active Readiness Scope","Historical-only / not currently listed",False
"INIL","International Industries Limited","ordinary_equity","ENGINEERING",True,"listed_recently_traded","2016-07-26","2026-08-05",2484,2435,2435,1704,365,366,True,2435,True,True,"Ready","Eligible active ordinary equity with sufficient usable history and complete split/scaler artifacts",True
"INIL-APR","","other","",False,"historical_only","2018-03-26","2026-04-24",192,0,0,0,0,0,False,0,False,False,"Not In Active Readiness Scope","Historical-only / not currently listed",False
"INIL-APRB","","other","",False,"historical_only","2022-02-07","2024-04-26",115,0,0,0,0,0,False,0,False,False,"Not In Active Readiness Scope","Historical-only / not currently listed",False
"INIL-AUG","","other","",False,"historical_only","2018-07-23","2025-08-29",250,0,0,0,0,0,False,0,False,False,"Not In Active Readiness Scope","Historical-only / not currently listed",False
"INIL-AUGB","","other","",False,"historical_only","2023-05-31","2023-08-25",58,0,0,0,0,0,False,0,False,False,"Not In Active Readiness Scope","Historical-only / not currently listed",False
"INIL-CAPR","","unknown","",False,"historical_only","2020-02-03","2021-04-30",121,0,0,0,0,0,False,0,False,False,"Not In Active Readiness Scope","Historical-only / not currently listed",False
"INIL-CAUG","","unknown","",False,"historical_only","2020-06-01","2021-08-27",123,0,0,0,0,0,False,0,False,False,"Not In Active Readiness Scope","Historical-only / not currently listed",False
"INIL-CDEC","","unknown","",False,"historical_only","2020-09-28","2021-10-22",82,0,0,0,0,0,False,0,False,False,"Not In Active Readiness Scope","Historical-only / not currently listed",False
"INIL-CFEB","","unknown","",False,"historical_only","2020-11-30","2021-02-26",63,0,0,0,0,0,False,0,False,False,"Not In Active Readiness Scope","Historical-only / not currently listed",False
"INIL-CJAN","","unknown","",False,"historical_only","2020-11-02","2021-01-29",64,0,0,0,0,0,False,0,False,False,"Not In Active Readiness Scope","Historical-only / not currently listed",False
"INIL-CJUL","","unknown","",False,"historical_only","2020-04-27","2021-07-30",120,0,0,0,0,0,False,0,False,False,"Not In Active Readiness Scope","Historical-only / not currently listed",False
"INIL-CJUN","","unknown","",False,"historical_only","2020-03-30","2021-06-25",119,0,0,0,0,0,False,0,False,False,"Not In Active Readiness Scope","Historical-only / not currently listed",False
"INIL-CMAR","","unknown","",False,"historical_only","2019-12-30","2021-03-26",124,0,0,0,0,0,False,0,False,False,"Not In Active Readiness Scope","Historical-only / not currently listed",False
"INIL-CMAY","","unknown","",False,"historical_only","2020-03-02","2021-05-28",117,0,0,0,0,0,False,0,False,False,"Not In Active Readiness Scope","Historical-only / not currently listed",False
"INIL-CNOV","","unknown","",False,"historical_only","2020-08-31","2021-10-22",103,0,0,0,0,0,False,0,False,False,"Not In Active Readiness Scope","Historical-only / not currently listed",False
"INIL-COCT","","unknown","",False,"historical_only","2020-08-03","2021-10-22",120,0,0,0,0,0,False,0,False,False,"Not In Active Readiness Scope","Historical-only / not currently listed",False
"INIL-CSEP","","unknown","",False,"historical_only","2020-06-29","2021-09-24",123,0,0,0,0,0,False,0,False,False,"Not In Active Readiness Scope","Historical-only / not currently listed",False
"INIL-DEC","","other","",False,"historical_only","2019-11-25","2025-12-26",256,0,0,0,0,0,False,0,False,False,"Not In Active Readiness Scope","Historical-only / not currently listed",False
"INIL-FEB","","other","",False,"historical_only","2018-01-22","2026-02-03",272,0,0,0,0,0,False,0,False,False,"Not In Active Readiness Scope","Historical-only / not currently listed",False
"INIL-FEBB","","other","",False,"historical_only","2022-02-07","2026-02-27",47,0,0,0,0,0,False,0,False,False,"Not In Active Readiness Scope","Historical-only / not currently listed",False
"INIL-JAN","","other","",False,"historical_only","2019-12-23","2026-01-30",295,0,0,0,0,0,False,0,False,False,"Not In Active Readiness Scope","Historical-only / not currently listed",False
"INIL-JUL","","other","",False,"historical_only","2018-06-25","2026-07-31",295,0,0,0,0,0,False,0,False,False,"Not In Active Readiness Scope","Historical-only / not currently listed",False
"INIL-JULB","","other","",False,"historical_only","2023-05-31","2023-07-27",39,0,0,0,0,0,False,0,False,False,"Not In Active Readiness Scope","Historical-only / not currently listed",False
"INIL-JUN","","other","",False,"historical_only","2018-05-21","2026-06-24",275,0,0,0,0,0,False,0,False,False,"Not In Active Readiness Scope","Historical-only / not currently listed",False
"INIL-JUNB","","other","",False,"historical_only","2023-05-31","2023-06-27",20,0,0,0,0,0,False,0,False,False,"Not In Active Readiness Scope","Historical-only / not currently listed",False
"INIL-MAR","","other","",False,"historical_only","2018-02-19","2025-03-27",216,0,0,0,0,0,False,0,False,False,"Not In Active Readiness Scope","Historical-only / not currently listed",False
"INIL-MARB","","other","",False,"historical_only","2022-02-07","2026-03-27",91,0,0,0,0,0,False,0,False,False,"Not In Active Readiness Scope","Historical-only / not currently listed",False
"INIL-MAY","","other","",False,"historical_only","2018-04-23","2026-05-29",301,0,0,0,0,0,False,0,False,False,"Not In Active Readiness Scope","Historical-only / not currently listed",False
"INIL-NOV","","other","",False,"historical_only","2019-10-21","2024-09-11",215,0,0,0,0,0,False,0,False,False,"Not In Active Readiness Scope","Historical-only / not currently listed",False
"INIL-NOVB","","other","",False,"historical_only","2024-09-09","2025-11-28",57,0,0,0,0,0,False,0,False,False,"Not In Active Readiness Scope","Historical-only / not currently listed",False
"INIL-OCT","","other","",False,"historical_only","2019-09-23","2024-09-11",129,0,0,0,0,0,False,0,False,False,"Not In Active Readiness Scope","Historical-only / not currently listed",False
"INIL-OCTB","","other","",False,"historical_only","2021-08-30","2025-10-31",180,0,0,0,0,0,False,0,False,False,"Not In Active Readiness Scope","Historical-only / not currently listed",False
"INIL-ODL","","unknown","",False,"historical_only","2019-01-16","2020-04-10",277,0,0,0,0,0,False,0,False,False,"Not In Active Readiness Scope","Historical-only / not currently listed",False
"INIL-SEP","","other","",False,"historical_only","2018-08-27","2025-09-12",232,0,0,0,0,0,False,0,False,False,"Not In Active Readiness Scope","Historical-only / not currently listed",False
"INIL-SEPB","","other","",False,"historical_only","2021-08-30","2025-09-26",93,0,0,0,0,0,False,0,False,False,"Not In Active Readiness Scope","Historical-only / not currently listed",False
"INKL","International Knitwear Limited","ordinary_equity","APPAREL",True,"listed_recently_traded","2016-07-26","2026-08-05",1078,0,0,0,0,0,False,0,False,False,"Data Quality Issue","price is not positive",False
"INKL-ODL","","unknown","",False,"historical_only","2019-01-23","2020-04-06",34,0,0,0,0,0,False,0,False,False,"Not In Active Readiness Scope","Historical-only / not currently listed",False
"INL","","unknown","",False,"historical_only","2017-03-13","2017-03-13",1,0,0,0,0,0,False,0,False,False,"Not In Active Readiness Scope","Historical-only / not currently listed",False
"INMF","Investec Mutual Fund Limited","ordinary_equity","CLOSE - END MUTUAL FUND",True,"non_compliant","2021-10-25","2024-09-26",21,0,0,0,0,0,False,0,False,False,"Not In Active Readiness Scope","Currently listed but not recently traded",False
"IPAK","International Packaging Films Limited","ordinary_equity","PAPER, BOARD & PACKAGING",True,"listed_recently_traded","2024-06-03","2026-08-05",540,491,491,343,73,75,True,491,True,True,"Ready","Eligible active ordinary equity with sufficient usable history and complete split/scaler artifacts",True
"IREIT","Image Reit","other","REAL ESTATE INVESTMENT TRUST",True,"listed_recently_traded","2025-10-06","2026-08-05",208,159,159,0,0,0,False,0,False,False,"Unsupported Security Type","Per-symbol training supports ordinary_equity only; found other",False
"ISHT","","unknown","",False,"historical_only","2016-07-26","2019-07-18",130,0,0,0,0,0,False,0,False,False,"Not In Active Readiness Scope","Historical-only / not currently listed",False
"ISIL","Ismail Industries Limited","ordinary_equity","FOOD & PERSONAL CARE PRODUCTS",True,"listed_recently_traded","2016-07-26","2026-08-05",1136,0,0,0,0,0,False,0,False,False,"Data Quality Issue","price is not positive",False
"ISIL-ODL","","unknown","",False,"historical_only","2019-01-17","2020-03-26",91,0,0,0,0,0,False,0,False,False,"Not In Active Readiness Scope","Historical-only / not currently listed",False
"ISILR1-ODL","","unknown","",False,"historical_only","2020-02-27","2020-03-02",3,0,0,0,0,0,False,0,False,False,"Not In Active Readiness Scope","Historical-only / not currently listed",False
"ISL","International Steels Limited","ordinary_equity","ENGINEERING",True,"listed_recently_traded","2016-07-26","2026-08-05",2484,2435,2435,1704,365,366,True,2435,True,True,"Ready","Eligible active ordinary equity with sufficient usable history and complete split/scaler artifacts",True
"ISL-APR","","other","",False,"historical_only","2017-03-27","2026-04-24",245,0,0,0,0,0,False,0,False,False,"Not In Active Readiness Scope","Historical-only / not currently listed",False
"ISL-APRB","","other","",False,"historical_only","2022-02-07","2024-04-26",115,0,0,0,0,0,False,0,False,False,"Not In Active Readiness Scope","Historical-only / not currently listed",False
"ISL-AUG","","other","",False,"historical_only","2017-07-24","2025-08-29",273,0,0,0,0,0,False,0,False,False,"Not In Active Readiness Scope","Historical-only / not currently listed",False
"ISL-AUGB","","other","",False,"historical_only","2023-05-31","2023-08-25",57,0,0,0,0,0,False,0,False,False,"Not In Active Readiness Scope","Historical-only / not currently listed",False
"ISL-CAPR","","unknown","",False,"historical_only","2017-01-30","2021-04-30",312,0,0,0,0,0,False,0,False,False,"Not In Active Readiness Scope","Historical-only / not currently listed",False
"ISL-CAUG","","unknown","",False,"historical_only","2017-05-29","2021-08-27",302,0,0,0,0,0,False,0,False,False,"Not In Active Readiness Scope","Historical-only / not currently listed",False
"ISL-CDEC","","unknown","",False,"historical_only","2017-10-02","2021-10-22",272,0,0,0,0,0,False,0,False,False,"Not In Active Readiness Scope","Historical-only / not currently listed",False
"ISL-CFEB","","unknown","",False,"historical_only","2017-01-02","2021-02-26",285,0,0,0,0,0,False,0,False,False,"Not In Active Readiness Scope","Historical-only / not currently listed",False
"ISL-CJAN","","unknown","",False,"historical_only","2017-01-02","2021-01-29",278,0,0,0,0,0,False,0,False,False,"Not In Active Readiness Scope","Historical-only / not currently listed",False
"ISL-CJUL","","unknown","",False,"historical_only","2017-05-02","2021-07-30",299,0,0,0,0,0,False,0,False,False,"Not In Active Readiness Scope","Historical-only / not currently listed",False
"ISL-CJUN","","unknown","",False,"historical_only","2017-04-03","2021-06-25",299,0,0,0,0,0,False,0,False,False,"Not In Active Readiness Scope","Historical-only / not currently listed",False
"ISL-CMAR","","unknown","",False,"historical_only","2017-01-02","2021-03-26",314,0,0,0,0,0,False,0,False,False,"Not In Active Readiness Scope","Historical-only / not currently listed",False
"ISL-CMAY","","unknown","",False,"historical_only","2017-02-27","2021-05-28",311,0,0,0,0,0,False,0,False,False,"Not In Active Readiness Scope","Historical-only / not currently listed",False
"ISL-CNOV","","unknown","",False,"historical_only","2017-08-28","2021-10-22",291,0,0,0,0,0,False,0,False,False,"Not In Active Readiness Scope","Historical-only / not currently listed",False
"ISL-COCT","","unknown","",False,"historical_only","2017-07-31","2021-10-22",300,0,0,0,0,0,False,0,False,False,"Not In Active Readiness Scope","Historical-only / not currently listed",False
"ISL-CSEP","","unknown","",False,"historical_only","2017-07-03","2021-09-24",302,0,0,0,0,0,False,0,False,False,"Not In Active Readiness Scope","Historical-only / not currently listed",False
"ISL-DEC","","other","",False,"historical_only","2017-11-20","2025-12-26",308,0,0,0,0,0,False,0,False,False,"Not In Active Readiness Scope","Historical-only / not currently listed",False
"ISL-FEB","","other","",False,"historical_only","2017-01-23","2026-02-03",325,0,0,0,0,0,False,0,False,False,"Not In Active Readiness Scope","Historical-only / not currently listed",False
"ISL-FEBB","","other","",False,"historical_only","2022-02-07","2026-02-27",48,0,0,0,0,0,False,0,False,False,"Not In Active Readiness Scope","Historical-only / not currently listed",False
"ISL-JAN","","other","",False,"historical_only","2017-01-02","2026-01-30",372,0,0,0,0,0,False,0,False,False,"Not In Active Readiness Scope","Historical-only / not currently listed",False
"ISL-JUL","","other","",False,"historical_only","2017-06-29","2026-07-31",319,0,0,0,0,0,False,0,False,False,"Not In Active Readiness Scope","Historical-only / not currently listed",False
"ISL-JULB","","other","",False,"historical_only","2023-05-31","2023-07-27",39,0,0,0,0,0,False,0,False,False,"Not In Active Readiness Scope","Historical-only / not currently listed",False
"ISL-JUN","","other","",False,"historical_only","2017-05-22","2026-06-24",310,0,0,0,0,0,False,0,False,False,"Not In Active Readiness Scope","Historical-only / not currently listed",False
"ISL-JUNB","","other","",False,"historical_only","2017-06-05","2023-06-27",36,0,0,0,0,0,False,0,False,False,"Not In Active Readiness Scope","Historical-only / not currently listed",False
"ISL-MAR","","other","",False,"historical_only","2017-02-20","2025-03-27",276,0,0,0,0,0,False,0,False,False,"Not In Active Readiness Scope","Historical-only / not currently listed",False
"ISL-MARB","","other","",False,"historical_only","2022-02-07","2026-03-27",96,0,0,0,0,0,False,0,False,False,"Not In Active Readiness Scope","Historical-only / not currently listed",False
"ISL-MAY","","other","",False,"historical_only","2017-04-24","2026-05-29",353,0,0,0,0,0,False,0,False,False,"Not In Active Readiness Scope","Historical-only / not currently listed",False
"ISL-NOV","","other","",False,"historical_only","2017-10-23","2024-09-11",270,0,0,0,0,0,False,0,False,False,"Not In Active Readiness Scope","Historical-only / not currently listed",False
"ISL-NOVB","","other","",False,"historical_only","2024-09-09","2025-11-28",60,0,0,0,0,0,False,0,False,False,"Not In Active Readiness Scope","Historical-only / not currently listed",False
"ISL-OCT","","other","",False,"historical_only","2017-09-25","2024-09-11",176,0,0,0,0,0,False,0,False,False,"Not In Active Readiness Scope","Historical-only / not currently listed",False
"ISL-OCTB","","other","",False,"historical_only","2021-08-30","2025-10-31",186,0,0,0,0,0,False,0,False,False,"Not In Active Readiness Scope","Historical-only / not currently listed",False
"ISL-ODL","","unknown","",False,"historical_only","2019-01-10","2020-04-10",308,0,0,0,0,0,False,0,False,False,"Not In Active Readiness Scope","Historical-only / not currently listed",False
"ISL-SEP","","other","",False,"historical_only","2017-08-21","2025-09-12",255,0,0,0,0,0,False,0,False,False,"Not In Active Readiness Scope","Historical-only / not currently listed",False
"ISL-SEPB","","other","",False,"historical_only","2021-08-31","2025-09-26",96,0,0,0,0,0,False,0,False,False,"Not In Active Readiness Scope","Historical-only / not currently listed",False
"ISTM","","unknown","",False,"historical_only","2016-07-26","2019-04-11",199,0,0,0,0,0,False,0,False,False,"Not In Active Readiness Scope","Historical-only / not currently listed",False
"ISTM-ODL","","unknown","",False,"historical_only","2019-01-10","2019-04-22",8,0,0,0,0,0,False,0,False,False,"Not In Active Readiness Scope","Historical-only / not currently listed",False
"ITANZ","Itanz Technologies Limited","ordinary_equity","TECHNOLOGY & COMMUNICATION",True,"listed_recently_traded","2016-07-26","2026-08-05",265,0,0,0,0,0,False,0,False,False,"Data Quality Issue","price is not positive",False
"ITTEFAQ","Ittefaq Iron Industries Limited","ordinary_equity","ENGINEERING",True,"listed_recently_traded","2017-07-03","2026-08-05",2250,2201,2201,1540,330,331,True,2201,True,True,"Ready","Eligible active ordinary equity with sufficient usable history and complete split/scaler artifacts",True
"ITTEFAQ-APR","","other","",False,"historical_only","2021-03-26","2021-04-30",8,0,0,0,0,0,False,0,False,False,"Not In Active Readiness Scope","Historical-only / not currently listed",False
"ITTEFAQ-JUN","","other","",False,"historical_only","2021-05-25","2021-06-25",22,0,0,0,0,0,False,0,False,False,"Not In Active Readiness Scope","Historical-only / not currently listed",False
"ITTEFAQ-MAR","","other","",False,"historical_only","2021-02-22","2021-03-26",21,0,0,0,0,0,False,0,False,False,"Not In Active Readiness Scope","Historical-only / not currently listed",False
"ITTEFAQ-MAY","","other","",False,"historical_only","2021-04-29","2021-05-28",8,0,0,0,0,0,False,0,False,False,"Not In Active Readiness Scope","Historical-only / not currently listed",False
"ITTEFAQ-ODL","","unknown","",False,"historical_only","2019-01-10","2020-04-09",283,0,0,0,0,0,False,0,False,False,"Not In Active Readiness Scope","Historical-only / not currently listed",False
"JATM","J.A. Textile Mills Limited","ordinary_equity","TEXTILE SPINNING",True,"listed_recently_traded","2016-07-26","2026-08-05",1849,0,0,0,0,0,False,0,False,False,"Data Quality Issue","price is not positive",False
"JATM-ODL","","unknown","",False,"historical_only","2019-01-23","2020-03-19",13,0,0,0,0,0,False,0,False,False,"Not In Active Readiness Scope","Historical-only / not currently listed",False
"JDMT","Janana De Malucho Textile Mills Limited","ordinary_equity","TEXTILE SPINNING",True,"listed_recently_traded","2016-07-26","2026-08-05",1558,0,0,0,0,0,False,0,False,False,"Data Quality Issue","price is not positive",False
"JDMT-ODL","","unknown","",False,"historical_only","2019-01-21","2020-04-08",37,0,0,0,0,0,False,0,False,False,"Not In Active Readiness Scope","Historical-only / not currently listed",False
"JDWS","JDW Sugar Mills Limited","ordinary_equity","SUGAR & ALLIED INDUSTRIES",True,"listed_recently_traded","2016-07-26","2026-08-05",1619,0,0,0,0,0,False,0,False,False,"Data Quality Issue","price is not positive",False
"JDWS-ODL","","unknown","",False,"historical_only","2019-01-11","2020-03-18",45,0,0,0,0,0,False,0,False,False,"Not In Active Readiness Scope","Historical-only / not currently listed",False
"JGICL","Jubilee General Insurance Company Ltd.","ordinary_equity","INSURANCE",True,"listed_recently_traded","2016-07-26","2026-08-05",1777,0,0,0,0,0,False,0,False,False,"Data Quality Issue","price is not positive",False
"JGICL-ODL","","unknown","",False,"historical_only","2019-01-11","2020-04-09",80,0,31,0,0,0,False,0,False,False,"Not In Active Readiness Scope","Historical-only / not currently listed",False
"JKSM","J.K. Spinning Mills Limited","ordinary_equity","TEXTILE SPINNING",True,"listed_recently_traded","2016-07-26","2026-08-04",1222,0,0,0,0,0,False,0,False,False,"Data Quality Issue","price is not positive",False
"JKSM-ODL","","unknown","",False,"historical_only","2019-01-10","2020-02-25",20,0,0,0,0,0,False,0,False,False,"Not In Active Readiness Scope","Historical-only / not currently listed",False
"JKSMR","","unknown","",False,"historical_only","2017-01-03","2017-01-09",5,0,0,0,0,0,False,0,False,False,"Not In Active Readiness Scope","Historical-only / not currently listed",False
"JLICL","Jubilee Life Insurance Company Limited","ordinary_equity","INSURANCE",True,"listed_recently_traded","2016-07-26","2026-08-05",2095,0,0,0,0,0,False,0,False,False,"Data Quality Issue","price is not positive",False
"JLICL-ODL","","unknown","",False,"historical_only","2019-01-10","2020-04-10",87,0,0,0,0,0,False,0,False,False,"Not In Active Readiness Scope","Historical-only / not currently listed",False
"JOPP","","unknown","",False,"historical_only","2016-07-26","2024-04-16",1150,0,0,0,0,0,False,0,False,False,"Not In Active Readiness Scope","Historical-only / not currently listed",False
"JOPP-ODL","","unknown","",False,"historical_only","2019-01-17","2020-04-01",82,0,0,0,0,0,False,0,False,False,"Not In Active Readiness Scope","Historical-only / not currently listed",False
"JOVC","","unknown","",False,"historical_only","2016-07-26","2017-01-27",128,0,0,0,0,0,False,0,False,False,"Not In Active Readiness Scope","Historical-only / not currently listed",False
"JPGL","","unknown","",False,"historical_only","2016-07-26","2021-10-29",350,0,0,0,0,0,False,0,False,False,"Not In Active Readiness Scope","Historical-only / not currently listed",False
"JSBL","JS Bank Limited","ordinary_equity","COMMERCIAL BANKS",True,"listed_recently_traded","2016-07-26","2026-08-05",2405,0,0,0,0,0,False,0,False,False,"Data Quality Issue","price is not positive",False
"JSBL-APR","","other","",False,"historical_only","2022-01-31","2025-04-25",144,0,0,0,0,0,False,0,False,False,"Not In Active Readiness Scope","Historical-only / not currently listed",False
"JSBL-AUG","","other","",False,"historical_only","2021-08-09","2025-08-29",114,0,0,0,0,0,False,0,False,False,"Not In Active Readiness Scope","Historical-only / not currently listed",False
"JSBL-CDEC","","unknown","",False,"historical_only","2021-09-27","2021-10-22",19,0,0,0,0,0,False,0,False,False,"Not In Active Readiness Scope","Historical-only / not currently listed",False
"JSBL-CNOV","","unknown","",False,"historical_only","2021-08-30","2021-10-22",39,0,0,0,0,0,False,0,False,False,"Not In Active Readiness Scope","Historical-only / not currently listed",False
"JSBL-COCT","","unknown","",False,"historical_only","2021-08-02","2021-10-22",57,0,0,0,0,0,False,0,False,False,"Not In Active Readiness Scope","Historical-only / not currently listed",False
"JSBL-DEC","","other","",False,"historical_only","2021-09-27","2024-12-27",125,0,0,0,0,0,False,0,False,False,"Not In Active Readiness Scope","Historical-only / not currently listed",False
"JSBL-FEB","","other","",False,"historical_only","2021-11-29","2025-02-28",150,0,0,0,0,0,False,0,False,False,"Not In Active Readiness Scope","Historical-only / not currently listed",False
"JSBL-JAN","","other","",False,"historical_only","2021-11-01","2025-01-31",155,0,0,0,0,0,False,0,False,False,"Not In Active Readiness Scope","Historical-only / not currently listed",False
"JSBL-JUL","","other","",False,"historical_only","2024-04-29","2025-07-25",87,0,0,0,0,0,False,0,False,False,"Not In Active Readiness Scope","Historical-only / not currently listed",False
"JSBL-JUN","","other","",False,"historical_only","2024-04-01","2025-06-27",81,0,0,0,0,0,False,0,False,False,"Not In Active Readiness Scope","Historical-only / not currently listed",False
"JSBL-MAR","","other","",False,"historical_only","2022-01-03","2025-03-27",143,0,0,0,0,0,False,0,False,False,"Not In Active Readiness Scope","Historical-only / not currently listed",False
"JSBL-MAY","","other","",False,"historical_only","2024-02-26","2025-05-30",87,0,0,0,0,0,False,0,False,False,"Not In Active Readiness Scope","Historical-only / not currently listed",False
"JSBL-NOV","","other","",False,"historical_only","2021-08-30","2024-11-29",139,0,0,0,0,0,False,0,False,False,"Not In Active Readiness Scope","Historical-only / not currently listed",False
"JSBL-OCT","","other","",False,"historical_only","2021-07-26","2025-10-31",206,0,0,0,0,0,False,0,False,False,"Not In Active Readiness Scope","Historical-only / not currently listed",False
"JSBL-ODL","","unknown","",False,"historical_only","2019-01-23","2020-03-30",69,0,20,0,0,0,False,0,False,False,"Not In Active Readiness Scope","Historical-only / not currently listed",False
"JSBL-SEP","","other","",False,"historical_only","2021-07-26","2025-09-26",142,0,0,0,0,0,False,0,False,False,"Not In Active Readiness Scope","Historical-only / not currently listed",False
"JSBLR1","","unknown","",False,"historical_only","2023-07-07","2023-07-27",15,0,0,0,0,0,False,0,False,False,"Not In Active Readiness Scope","Historical-only / not currently listed",False
"JSBLTFC1","","unknown","",False,"historical_only","2019-07-11","2023-01-19",184,0,0,0,0,0,False,0,False,False,"Not In Active Readiness Scope","Historical-only / not currently listed",False
"JSCL","Jahangir Siddiqui & Co. Ltd.","ordinary_equity","INV. BANKS / INV. COS. / SECURITIES COS.",True,"listed_recently_traded","2016-07-26","2026-08-05",2483,0,0,0,0,0,False,0,False,False,"Data Quality Issue","price is not positive",False
"JSCL-CNOV","","unknown","",False,"historical_only","2021-08-30","2021-08-30",1,0,0,0,0,0,False,0,False,False,"Not In Active Readiness Scope","Historical-only / not currently listed",False
"JSCL-NOV","","other","",False,"historical_only","2021-08-30","2021-08-30",1,0,0,0,0,0,False,0,False,False,"Not In Active Readiness Scope","Historical-only / not currently listed",False
"JSCL-ODL","","unknown","",False,"historical_only","2019-01-10","2020-04-06",242,0,0,0,0,0,False,0,False,False,"Not In Active Readiness Scope","Historical-only / not currently listed",False
"JSCLPSA","","unknown","",False,"historical_only","2021-07-30","2025-12-29",806,0,0,0,0,0,False,0,False,False,"Not In Active Readiness Scope","Historical-only / not currently listed",False
"JSCLR1","","unknown","",False,"historical_only","2021-06-07","2021-06-29",17,0,0,0,0,0,False,0,False,False,"Not In Active Readiness Scope","Historical-only / not currently listed",False
"JSGBETF","JS Global Banking Sector(ETF)","etf","EXCHANGE TRADED FUNDS",True,"listed_recently_traded","2023-09-11","2026-08-05",646,0,0,0,0,0,False,0,False,False,"Data Quality Issue","price is not positive",False
"JSGBETF-APR","","other","",False,"historical_only","2024-01-29","2024-02-20",15,0,0,0,0,0,False,0,False,False,"Not In Active Readiness Scope","Historical-only / not currently listed",False
"JSGBETF-APRB","","other","",False,"historical_only","2024-02-19","2024-04-26",45,0,0,0,0,0,False,0,False,False,"Not In Active Readiness Scope","Historical-only / not currently listed",False
"JSGBETF-AUG","","other","",False,"historical_only","2024-06-03","2024-08-22",53,0,0,0,0,0,False,0,False,False,"Not In Active Readiness Scope","Historical-only / not currently listed",False
"JSGBETF-DEC","","other","",False,"historical_only","2023-10-30","2023-12-29",42,0,0,0,0,0,False,0,False,False,"Not In Active Readiness Scope","Historical-only / not currently listed",False
"JSGBETF-FEB","","other","",False,"historical_only","2023-11-27","2024-02-20",58,0,0,0,0,0,False,0,False,False,"Not In Active Readiness Scope","Historical-only / not currently listed",False
"JSGBETF-JAN","","other","",False,"historical_only","2023-10-30","2024-01-26",60,0,0,0,0,0,False,0,False,False,"Not In Active Readiness Scope","Historical-only / not currently listed",False
"JSGBETF-JUL","","other","",False,"historical_only","2024-04-29","2024-07-26",57,0,0,0,0,0,False,0,False,False,"Not In Active Readiness Scope","Historical-only / not currently listed",False
"JSGBETF-JUN","","other","",False,"historical_only","2024-04-01","2024-06-28",56,0,0,0,0,0,False,0,False,False,"Not In Active Readiness Scope","Historical-only / not currently listed",False
"JSGBETF-MAR","","other","",False,"historical_only","2024-01-01","2024-02-20",35,0,0,0,0,0,False,0,False,False,"Not In Active Readiness Scope","Historical-only / not currently listed",False
"JSGBETF-MARB","","other","",False,"historical_only","2024-02-19","2024-03-29",29,0,0,0,0,0,False,0,False,False,"Not In Active Readiness Scope","Historical-only / not currently listed",False
"JSGBETF-MAY","","other","",False,"historical_only","2024-02-26","2024-05-31",64,0,0,0,0,0,False,0,False,False,"Not In Active Readiness Scope","Historical-only / not currently listed",False
"JSGBETF-NOV","","other","",False,"historical_only","2023-10-31","2024-09-26",34,0,0,0,0,0,False,0,False,False,"Not In Active Readiness Scope","Historical-only / not currently listed",False
"JSGBETF-OCT","","other","",False,"historical_only","2024-07-29","2024-08-22",18,0,0,0,0,0,False,0,False,False,"Not In Active Readiness Scope","Historical-only / not currently listed",False
"JSGBETF-OCTB","","other","",False,"historical_only","2024-08-20","2024-09-26",27,0,0,0,0,0,False,0,False,False,"Not In Active Readiness Scope","Historical-only / not currently listed",False
"JSGBETF-SEP","","other","",False,"historical_only","2024-07-01","2024-08-22",36,0,0,0,0,0,False,0,False,False,"Not In Active Readiness Scope","Historical-only / not currently listed",False
"JSGBETF-SEPB","","other","",False,"historical_only","2024-08-20","2024-09-26",27,0,0,0,0,0,False,0,False,False,"Not In Active Readiness Scope","Historical-only / not currently listed",False
"JSGCL","JS Global Capital Limited","ordinary_equity","INV. BANKS / INV. COS. / SECURITIES COS.",True,"listed_recently_traded","2016-07-26","2026-08-05",1569,0,0,0,0,0,False,0,False,False,"Data Quality Issue","price is not positive",False
"JSGCL-ODL","","unknown","",False,"historical_only","2019-01-23","2020-03-20",66,0,0,0,0,0,False,0,False,False,"Not In Active Readiness Scope","Historical-only / not currently listed",False
"JSIL","JS Investments Limited","ordinary_equity","INV. BANKS / INV. COS. / SECURITIES COS.",True,"listed_recently_traded","2016-07-26","2026-08-05",1659,0,0,0,0,0,False,0,False,False,"Data Quality Issue","price is not positive",False
"JSIL-ODL","","unknown","",False,"historical_only","2019-01-23","2020-04-09",59,0,0,0,0,0,False,0,False,False,"Not In Active Readiness Scope","Historical-only / not currently listed",False
"JSMFETF","JS Momentum Factor Exchange Traded Fund","etf","EXCHANGE TRADED FUNDS",True,"listed_recently_traded","2022-01-07","2026-08-05",950,0,0,0,0,0,False,0,False,False,"Data Quality Issue","price is not positive",False
"JSMFETF-APR","","other","",False,"historical_only","2023-01-30","2026-04-24",62,0,0,0,0,0,False,0,False,False,"Not In Active Readiness Scope","Historical-only / not currently listed",False
"JSMFETF-AUG","","other","",False,"historical_only","2023-07-31","2026-07-31",26,0,0,0,0,0,False,0,False,False,"Not In Active Readiness Scope","Historical-only / not currently listed",False
"JSMFETF-AUGB","","other","",False,"historical_only","2024-08-05","2024-08-26",15,0,0,0,0,0,False,0,False,False,"Not In Active Readiness Scope","Historical-only / not currently listed",False
"JSMFETF-DEC","","other","",False,"historical_only","2022-10-31","2023-12-29",104,0,0,0,0,0,False,0,False,False,"Not In Active Readiness Scope","Historical-only / not currently listed",False
"JSMFETF-FEB","","other","",False,"historical_only","2022-11-28","2024-02-23",127,0,0,0,0,0,False,0,False,False,"Not In Active Readiness Scope","Historical-only / not currently listed",False
"JSMFETF-JAN","","other","",False,"historical_only","2022-10-31","2024-01-26",126,0,0,0,0,0,False,0,False,False,"Not In Active Readiness Scope","Historical-only / not currently listed",False
"JSMFETF-JUL","","other","",False,"historical_only","2026-06-30","2026-06-30",1,0,0,0,0,0,False,0,False,False,"Not In Active Readiness Scope","Historical-only / not currently listed",False
"JSMFETF-MAR","","other","",False,"historical_only","2023-01-02","2024-03-29",127,0,0,0,0,0,False,0,False,False,"Not In Active Readiness Scope","Historical-only / not currently listed",False
"JSMFETF-NOV","","other","",False,"historical_only","2022-10-31","2024-09-26",96,0,0,0,0,0,False,0,False,False,"Not In Active Readiness Scope","Historical-only / not currently listed",False
"JSMFETF-OCT","","other","",False,"historical_only","2023-07-31","2024-08-07",62,0,0,0,0,0,False,0,False,False,"Not In Active Readiness Scope","Historical-only / not currently listed",False
"JSMFETF-OCTB","","other","",False,"historical_only","2024-08-05","2024-08-26",15,0,0,0,0,0,False,0,False,False,"Not In Active Readiness Scope","Historical-only / not currently listed",False
"JSMFETF-OCTC","","other","",False,"historical_only","2024-08-22","2024-09-26",25,0,0,0,0,0,False,0,False,False,"Not In Active Readiness Scope","Historical-only / not currently listed",False
"JSMFETF-SEP","","other","",False,"historical_only","2023-07-31","2024-08-07",47,0,0,0,0,0,False,0,False,False,"Not In Active Readiness Scope","Historical-only / not currently listed",False
"JSMFETF-SEPB","","other","",False,"historical_only","2024-08-05","2024-08-26",15,0,0,0,0,0,False,0,False,False,"Not In Active Readiness Scope","Historical-only / not currently listed",False
"JSMFETF-SEPC","","other","",False,"historical_only","2024-08-22","2024-09-26",25,0,0,0,0,0,False,0,False,False,"Not In Active Readiness Scope","Historical-only / not currently listed",False
"JSML","Jauharabad Sugar Mills Limited","ordinary_equity","SUGAR & ALLIED INDUSTRIES",True,"listed_recently_traded","2016-07-26","2026-08-05",2060,0,0,0,0,0,False,0,False,False,"Data Quality Issue","price is not positive",False
"JSML-ODL","","unknown","",False,"historical_only","2019-01-21","2020-04-09",125,0,0,0,0,0,False,0,False,False,"Not In Active Readiness Scope","Historical-only / not currently listed",False
"JSRR","JS Rental REIT","other","REAL ESTATE INVESTMENT TRUST",True,"listed_recently_traded","2026-05-18","2026-08-05",53,4,4,0,0,0,False,0,False,False,"Unsupported Security Type","Per-symbol training supports ordinary_equity only; found other",False
"JSTFC11","","unknown","",False,"historical_only","2018-11-08","2022-06-15",198,0,0,0,0,0,False,0,False,False,"Not In Active Readiness Scope","Historical-only / not currently listed",False
"JSTFC7","","unknown","",False,"historical_only","2018-12-28","2019-01-25",20,0,0,0,0,0,False,0,False,False,"Not In Active Readiness Scope","Historical-only / not currently listed",False
"JUBS","Jubilee Spinning & Weaving Mills Ltd.","ordinary_equity","TEXTILE COMPOSITE",True,"non_compliant","2016-07-26","2026-08-05",1866,0,0,0,0,0,False,0,False,False,"Data Quality Issue","price is not positive",False
"JUBS-ODL","","unknown","",False,"historical_only","2019-01-14","2020-03-18",22,0,0,0,0,0,False,0,False,False,"Not In Active Readiness Scope","Historical-only / not currently listed",False
"JVDC","Javedan Corporation Limited","ordinary_equity","PROPERTY",True,"listed_recently_traded","2016-07-26","2026-08-05",2130,0,0,0,0,0,False,0,False,False,"Data Quality Issue","price is not positive",False
"JVDC-APR","","other","",False,"historical_only","2022-01-31","2026-04-24",87,0,0,0,0,0,False,0,False,False,"Not In Active Readiness Scope","Historical-only / not currently listed",False
"JVDC-AUG","","other","",False,"historical_only","2026-07-23","2026-08-05",10,0,0,0,0,0,False,0,False,False,"Not In Active Readiness Scope","Historical-only / not currently listed",False
"JVDC-DEC","","other","",False,"historical_only","2021-11-01","2021-12-31",45,0,0,0,0,0,False,0,False,False,"Not In Active Readiness Scope","Historical-only / not currently listed",False
"JVDC-FEB","","other","",False,"historical_only","2021-11-29","2026-02-27",82,0,0,0,0,0,False,0,False,False,"Not In Active Readiness Scope","Historical-only / not currently listed",False
"JVDC-JAN","","other","",False,"historical_only","2021-11-01","2022-01-28",65,0,0,0,0,0,False,0,False,False,"Not In Active Readiness Scope","Historical-only / not currently listed",False
"JVDC-JUL","","other","",False,"historical_only","2026-06-16","2026-07-31",31,0,0,0,0,0,False,0,False,False,"Not In Active Readiness Scope","Historical-only / not currently listed",False
"JVDC-JUN","","other","",False,"historical_only","2026-05-18","2026-06-24",25,0,0,0,0,0,False,0,False,False,"Not In Active Readiness Scope","Historical-only / not currently listed",False
"JVDC-MAR","","other","",False,"historical_only","2022-01-03","2026-03-27",77,0,0,0,0,0,False,0,False,False,"Not In Active Readiness Scope","Historical-only / not currently listed",False
"JVDC-MAY","","other","",False,"historical_only","2026-04-21","2026-05-29",25,0,0,0,0,0,False,0,False,False,"Not In Active Readiness Scope","Historical-only / not currently listed",False
"JVDC-NOV","","other","",False,"historical_only","2021-11-15","2021-11-26",10,0,0,0,0,0,False,0,False,False,"Not In Active Readiness Scope","Historical-only / not currently listed",False
"JVDC-ODL","","unknown","",False,"historical_only","2019-01-11","2020-04-10",156,0,0,0,0,0,False,0,False,False,"Not In Active Readiness Scope","Historical-only / not currently listed",False
"JVDCPS","Javedan Corporation (Pref)","preference_share","PROPERTY",True,"listed_recently_traded","2017-02-10","2026-08-05",247,0,0,0,0,0,False,0,False,False,"Data Quality Issue","price is not positive",False
"JVDCR1","","unknown","",False,"historical_only","2017-12-07","2017-12-29",16,0,0,0,0,0,False,0,False,False,"Not In Active Readiness Scope","Historical-only / not currently listed",False
"KAKL","Kaiser Arts & Krafts Limited","ordinary_equity","TEXTILE COMPOSITE",True,"non_compliant","2021-10-25","2024-09-26",21,0,0,0,0,0,False,0,False,False,"Not In Active Readiness Scope","Currently listed but not recently traded",False
"KAPCO","Kot Addu Power Company Limited","ordinary_equity","POWER GENERATION & DISTRIBUTION",True,"listed_recently_traded","2016-07-26","2026-08-05",2484,2435,2435,1704,365,366,True,2435,True,True,"Ready","Eligible active ordinary equity with sufficient usable history and complete split/scaler artifacts",True
"KAPCO-APR","","other","",False,"historical_only","2017-03-27","2024-03-06",240,0,0,0,0,0,False,0,False,False,"Not In Active Readiness Scope","Historical-only / not currently listed",False
"KAPCO-APRB","","other","",False,"historical_only","2023-02-27","2026-04-24",122,0,0,0,0,0,False,0,False,False,"Not In Active Readiness Scope","Historical-only / not currently listed",False
"KAPCO-AUG","","other","",False,"historical_only","2017-07-24","2026-08-05",340,0,0,0,0,0,False,0,False,False,"Not In Active Readiness Scope","Historical-only / not currently listed",False
"KAPCO-CAPR","","unknown","",False,"historical_only","2017-01-30","2021-04-30",127,0,0,0,0,0,False,0,False,False,"Not In Active Readiness Scope","Historical-only / not currently listed",False
"KAPCO-CAUG","","unknown","",False,"historical_only","2017-05-29","2021-08-27",302,0,0,0,0,0,False,0,False,False,"Not In Active Readiness Scope","Historical-only / not currently listed",False
"KAPCO-CDEC","","unknown","",False,"historical_only","2019-09-30","2021-10-22",146,0,0,0,0,0,False,0,False,False,"Not In Active Readiness Scope","Historical-only / not currently listed",False
"KAPCO-CFEB","","unknown","",False,"historical_only","2017-01-02","2021-02-26",103,0,0,0,0,0,False,0,False,False,"Not In Active Readiness Scope","Historical-only / not currently listed",False
"KAPCO-CJAN","","unknown","",False,"historical_only","2017-01-02","2021-01-29",84,0,0,0,0,0,False,0,False,False,"Not In Active Readiness Scope","Historical-only / not currently listed",False
"KAPCO-CJUL","","unknown","",False,"historical_only","2017-05-02","2021-07-30",299,0,0,0,0,0,False,0,False,False,"Not In Active Readiness Scope","Historical-only / not currently listed",False
"KAPCO-CJUN","","unknown","",False,"historical_only","2017-04-03","2021-06-25",299,0,0,0,0,0,False,0,False,False,"Not In Active Readiness Scope","Historical-only / not currently listed",False
"KAPCO-CMAR","","unknown","",False,"historical_only","2017-01-02","2021-03-26",125,0,0,0,0,0,False,0,False,False,"Not In Active Readiness Scope","Historical-only / not currently listed",False
"KAPCO-CMAY","","unknown","",False,"historical_only","2017-02-27","2021-05-28",243,0,0,0,0,0,False,0,False,False,"Not In Active Readiness Scope","Historical-only / not currently listed",False
"KAPCO-CNOV","","unknown","",False,"historical_only","2018-09-03","2021-10-22",228,0,0,0,0,0,False,0,False,False,"Not In Active Readiness Scope","Historical-only / not currently listed",False
"KAPCO-COCT","","unknown","",False,"historical_only","2017-07-31","2021-10-22",300,0,0,0,0,0,False,0,False,False,"Not In Active Readiness Scope","Historical-only / not currently listed",False
"KAPCO-CSEP","","unknown","",False,"historical_only","2017-07-03","2021-09-24",302,0,0,0,0,0,False,0,False,False,"Not In Active Readiness Scope","Historical-only / not currently listed",False
"KAPCO-DEC","","other","",False,"historical_only","2018-11-26","2024-12-27",261,0,0,0,0,0,False,0,False,False,"Not In Active Readiness Scope","Historical-only / not currently listed",False
"KAPCO-DECB","","other","",False,"historical_only","2025-11-17","2025-12-26",27,0,0,0,0,0,False,0,False,False,"Not In Active Readiness Scope","Historical-only / not currently listed",False
"KAPCO-FEB","","other","",False,"historical_only","2017-01-23","2026-02-27",320,0,0,0,0,0,False,0,False,False,"Not In Active Readiness Scope","Historical-only / not currently listed",False
"KAPCO-FEBB","","other","",False,"historical_only","2022-01-31","2022-02-25",20,0,0,0,0,0,False,0,False,False,"Not In Active Readiness Scope","Historical-only / not currently listed",False
"KAPCO-JAN","","other","",False,"historical_only","2017-01-02","2026-01-30",339,0,0,0,0,0,False,0,False,False,"Not In Active Readiness Scope","Historical-only / not currently listed",False
"KAPCO-JUL","","other","",False,"historical_only","2017-06-29","2026-07-31",357,0,0,0,0,0,False,0,False,False,"Not In Active Readiness Scope","Historical-only / not currently listed",False
"KAPCO-JUN","","other","",False,"historical_only","2017-05-22","2026-06-24",338,0,0,0,0,0,False,0,False,False,"Not In Active Readiness Scope","Historical-only / not currently listed",False
"KAPCO-MAR","","other","",False,"historical_only","2017-02-20","2026-03-04",264,0,0,0,0,0,False,0,False,False,"Not In Active Readiness Scope","Historical-only / not currently listed",False
"KAPCO-MARB","","other","",False,"historical_only","2022-01-31","2026-03-27",120,0,0,0,0,0,False,0,False,False,"Not In Active Readiness Scope","Historical-only / not currently listed",False
"KAPCO-MAY","","other","",False,"historical_only","2017-04-24","2026-05-29",300,0,0,0,0,0,False,0,False,False,"Not In Active Readiness Scope","Historical-only / not currently listed",False
"KAPCO-MAYB","","other","",False,"historical_only","2024-03-04","2024-05-31",59,0,0,0,0,0,False,0,False,False,"Not In Active Readiness Scope","Historical-only / not currently listed",False
"KAPCO-NOV","","other","",False,"historical_only","2018-10-22","2024-09-26",149,0,0,0,0,0,False,0,False,False,"Not In Active Readiness Scope","Historical-only / not currently listed",False
"KAPCO-NOVB","","other","",False,"historical_only","2021-09-27","2025-11-28",184,0,0,0,0,0,False,0,False,False,"Not In Active Readiness Scope","Historical-only / not currently listed",False
"KAPCO-OCT","","other","",False,"historical_only","2018-09-24","2025-10-14",232,0,0,0,0,0,False,0,False,False,"Not In Active Readiness Scope","Historical-only / not currently listed",False
"KAPCO-OCTB","","other","",False,"historical_only","2021-09-27","2025-10-31",113,64,64,0,0,0,False,0,False,False,"Not In Active Readiness Scope","Historical-only / not currently listed",False
"KAPCO-ODL","","unknown","",False,"historical_only","2019-01-10","2020-04-10",309,0,260,0,0,0,False,0,False,False,"Not In Active Readiness Scope","Historical-only / not currently listed",False
"KAPCO-SEP","","other","",False,"historical_only","2018-08-27","2025-09-26",310,0,0,0,0,0,False,0,False,False,"Not In Active Readiness Scope","Historical-only / not currently listed",False
"KASBM","","unknown","",False,"historical_only","2016-07-26","2023-05-05",1075,0,0,0,0,0,False,0,False,False,"Not In Active Readiness Scope","Historical-only / not currently listed",False
"KASBM-ODL","","unknown","",False,"historical_only","2019-01-10","2020-03-18",38,0,0,0,0,0,False,0,False,False,"Not In Active Readiness Scope","Historical-only / not currently listed",False
"KCL","Karam Ceramics Limited","ordinary_equity","GLASS & CERAMICS",True,"listed_recently_traded","2016-07-26","2026-08-05",810,0,0,0,0,0,False,0,False,False,"Data Quality Issue","price is not positive",False
"KCL-ODL","","unknown","",False,"historical_only","2019-01-23","2020-03-20",38,0,0,0,0,0,False,0,False,False,"Not In Active Readiness Scope","Historical-only / not currently listed",False
"KEL","K-Electric Limited","ordinary_equity","POWER GENERATION & DISTRIBUTION",True,"listed_recently_traded","2016-07-26","2026-08-05",2484,2435,2435,1704,365,366,True,2435,True,True,"Ready","Eligible active ordinary equity with sufficient usable history and complete split/scaler artifacts",True
"KEL-APR","","other","",False,"historical_only","2017-03-27","2026-04-24",359,0,0,0,0,0,False,0,False,False,"Not In Active Readiness Scope","Historical-only / not currently listed",False
"KEL-AUG","","other","",False,"historical_only","2017-07-24","2026-08-05",338,0,0,0,0,0,False,0,False,False,"Not In Active Readiness Scope","Historical-only / not currently listed",False
"KEL-CAPR","","unknown","",False,"historical_only","2017-01-30","2026-04-14",259,0,0,0,0,0,False,0,False,False,"Not In Active Readiness Scope","Historical-only / not currently listed",False
"KEL-CAUG","","unknown","",False,"historical_only","2017-05-29","2021-08-27",302,0,0,0,0,0,False,0,False,False,"Not In Active Readiness Scope","Historical-only / not currently listed",False
"KEL-CDEC","","unknown","",False,"historical_only","2017-10-02","2025-12-26",280,0,0,0,0,0,False,0,False,False,"Not In Active Readiness Scope","Historical-only / not currently listed",False
"KEL-CFEB","","unknown","",False,"historical_only","2017-01-02","2021-02-26",285,0,0,0,0,0,False,0,False,False,"Not In Active Readiness Scope","Historical-only / not currently listed",False
"KEL-CJAN","","unknown","",False,"historical_only","2017-01-02","2026-01-21",286,0,0,0,0,0,False,0,False,False,"Not In Active Readiness Scope","Historical-only / not currently listed",False
"KEL-CJUL","","unknown","",False,"historical_only","2017-05-02","2021-07-30",299,0,0,0,0,0,False,0,False,False,"Not In Active Readiness Scope","Historical-only / not currently listed",False
"KEL-CJUN","","unknown","",False,"historical_only","2017-04-03","2021-06-25",299,0,0,0,0,0,False,0,False,False,"Not In Active Readiness Scope","Historical-only / not currently listed",False
"KEL-CMAR","","unknown","",False,"historical_only","2017-01-02","2021-03-26",251,0,0,0,0,0,False,0,False,False,"Not In Active Readiness Scope","Historical-only / not currently listed",False
"KEL-CMAY","","unknown","",False,"historical_only","2017-02-27","2021-05-28",252,0,0,0,0,0,False,0,False,False,"Not In Active Readiness Scope","Historical-only / not currently listed",False
"KEL-CNOV","","unknown","",False,"historical_only","2017-08-28","2021-10-22",291,0,0,0,0,0,False,0,False,False,"Not In Active Readiness Scope","Historical-only / not currently listed",False
"KEL-COCT","","unknown","",False,"historical_only","2017-07-31","2021-10-22",300,0,0,0,0,0,False,0,False,False,"Not In Active Readiness Scope","Historical-only / not currently listed",False
"KEL-CSEP","","unknown","",False,"historical_only","2017-07-03","2021-09-24",302,0,0,0,0,0,False,0,False,False,"Not In Active Readiness Scope","Historical-only / not currently listed",False
"KEL-DEC","","other","",False,"historical_only","2017-11-20","2025-12-26",335,0,0,0,0,0,False,0,False,False,"Not In Active Readiness Scope","Historical-only / not currently listed",False
"KEL-FEB","","other","",False,"historical_only","2017-01-23","2026-02-27",368,0,0,0,0,0,False,0,False,False,"Not In Active Readiness Scope","Historical-only / not currently listed",False
"KEL-JAN","","other","",False,"historical_only","2017-01-02","2026-01-30",373,0,0,0,0,0,False,0,False,False,"Not In Active Readiness Scope","Historical-only / not currently listed",False
"KEL-JUL","","other","",False,"historical_only","2017-06-29","2026-07-31",359,0,0,0,0,0,False,0,False,False,"Not In Active Readiness Scope","Historical-only / not currently listed",False
"KEL-JUN","","other","",False,"historical_only","2017-05-22","2026-06-24",346,0,0,0,0,0,False,0,False,False,"Not In Active Readiness Scope","Historical-only / not currently listed",False
"KEL-MAR","","other","",False,"historical_only","2017-02-20","2026-03-27",386,0,0,0,0,0,False,0,False,False,"Not In Active Readiness Scope","Historical-only / not currently listed",False
"KEL-MAY","","other","",False,"historical_only","2017-04-24","2026-05-29",359,0,0,0,0,0,False,0,False,False,"Not In Active Readiness Scope","Historical-only / not currently listed",False
"KEL-NOV","","other","",False,"historical_only","2017-10-23","2025-11-28",348,0,0,0,0,0,False,0,False,False,"Not In Active Readiness Scope","Historical-only / not currently listed",False
"KEL-OCT","","other","",False,"historical_only","2017-09-25","2025-10-31",350,0,0,0,0,0,False,0,False,False,"Not In Active Readiness Scope","Historical-only / not currently listed",False
"KEL-ODL","","unknown","",False,"historical_only","2019-01-10","2020-04-10",302,0,0,0,0,0,False,0,False,False,"Not In Active Readiness Scope","Historical-only / not currently listed",False
"KEL-SEP","","other","",False,"historical_only","2017-08-21","2025-09-26",335,0,0,0,0,0,False,0,False,False,"Not In Active Readiness Scope","Historical-only / not currently listed",False
"KELSC3","","unknown","",False,"historical_only","2018-12-27","2019-02-01",26,0,0,0,0,0,False,0,False,False,"Not In Active Readiness Scope","Historical-only / not currently listed",False
"KELSC4","","unknown","",False,"historical_only","2017-01-02","2021-10-25",617,0,0,0,0,0,False,0,False,False,"Not In Active Readiness Scope","Historical-only / not currently listed",False
"KFTFC1","","unknown","",False,"historical_only","2021-10-25","2021-11-16",4,0,0,0,0,0,False,0,False,False,"Not In Active Readiness Scope","Historical-only / not currently listed",False
"KHSM","","unknown","",False,"historical_only","2016-07-26","2022-05-25",514,0,0,0,0,0,False,0,False,False,"Not In Active Readiness Scope","Historical-only / not currently listed",False
"KHSM-ODL","","unknown","",False,"historical_only","2019-04-23","2020-03-05",11,0,0,0,0,0,False,0,False,False,"Not In Active Readiness Scope","Historical-only / not currently listed",False
"KHTC","Khyber Tobacco Company Limited","ordinary_equity","TOBACCO",True,"listed_recently_traded","2016-07-26","2026-08-05",2299,0,0,0,0,0,False,0,False,False,"Data Quality Issue","price is not positive",False
"KHTC-ODL","","unknown","",False,"historical_only","2019-01-14","2020-04-10",175,0,0,0,0,0,False,0,False,False,"Not In Active Readiness Scope","Historical-only / not currently listed",False
"KHYT","Khyber Textile Mills Limited","ordinary_equity","TEXTILE COMPOSITE",True,"listed_recently_traded","2016-07-26","2026-08-05",864,0,0,0,0,0,False,0,False,False,"Data Quality Issue","price is not positive",False
"KHYT-ODL","","unknown","",False,"historical_only","2019-01-23","2019-11-01",5,0,0,0,0,0,False,0,False,False,"Not In Active Readiness Scope","Historical-only / not currently listed",False
"KML","Kohinoor Mills Limited","ordinary_equity","TEXTILE COMPOSITE",True,"listed_recently_traded","2016-07-26","2026-08-05",1725,0,0,0,0,0,False,0,False,False,"Data Quality Issue","price is not positive",False
"KML-ODL","","unknown","",False,"historical_only","2019-01-23","2020-04-09",55,0,0,0,0,0,False,0,False,False,"Not In Active Readiness Scope","Historical-only / not currently listed",False
"KOHC","Kohat Cement Company Limited","ordinary_equity","CEMENT",True,"listed_recently_traded","2016-07-26","2026-08-05",2484,0,0,0,0,0,False,0,False,False,"Data Quality Issue","price is not positive",False
"KOHC-APR","","other","",False,"historical_only","2020-03-24","2026-04-24",232,0,0,0,0,0,False,0,False,False,"Not In Active Readiness Scope","Historical-only / not currently listed",False
"KOHC-AUG","","other","",False,"historical_only","2020-07-27","2026-08-05",165,0,0,0,0,0,False,0,False,False,"Not In Active Readiness Scope","Historical-only / not currently listed",False
"KOHC-CDEC","","unknown","",False,"historical_only","2020-09-28","2020-12-24",63,0,0,0,0,0,False,0,False,False,"Not In Active Readiness Scope","Historical-only / not currently listed",False
"KOHC-CNOV","","unknown","",False,"historical_only","2020-08-31","2021-08-30",65,0,0,0,0,0,False,0,False,False,"Not In Active Readiness Scope","Historical-only / not currently listed",False
"KOHC-DEC","","other","",False,"historical_only","2019-11-25","2025-12-26",195,0,0,0,0,0,False,0,False,False,"Not In Active Readiness Scope","Historical-only / not currently listed",False
"KOHC-FEB","","other","",False,"historical_only","2018-01-22","2026-02-27",222,0,0,0,0,0,False,0,False,False,"Not In Active Readiness Scope","Historical-only / not currently listed",False
"KOHC-JAN","","other","",False,"historical_only","2019-12-23","2026-01-30",185,0,0,0,0,0,False,0,False,False,"Not In Active Readiness Scope","Historical-only / not currently listed",False
"KOHC-JUL","","other","",False,"historical_only","2020-06-22","2026-07-31",234,0,0,0,0,0,False,0,False,False,"Not In Active Readiness Scope","Historical-only / not currently listed",False
"KOHC-JUN","","other","",False,"historical_only","2020-05-28","2026-06-24",221,0,0,0,0,0,False,0,False,False,"Not In Active Readiness Scope","Historical-only / not currently listed",False
"KOHC-MAR","","other","",False,"historical_only","2018-02-19","2026-03-27",243,0,0,0,0,0,False,0,False,False,"Not In Active Readiness Scope","Historical-only / not currently listed",False
"KOHC-MAY","","other","",False,"historical_only","2020-04-20","2026-05-29",232,0,0,0,0,0,False,0,False,False,"Not In Active Readiness Scope","Historical-only / not currently listed",False
"KOHC-NOV","","other","",False,"historical_only","2019-10-21","2025-11-28",196,0,0,0,0,0,False,0,False,False,"Not In Active Readiness Scope","Historical-only / not currently listed",False
"KOHC-OCT","","other","",False,"historical_only","2019-09-23","2023-10-27",168,0,0,0,0,0,False,0,False,False,"Not In Active Readiness Scope","Historical-only / not currently listed",False
"KOHC-OCTB","","other","",False,"historical_only","2019-10-07","2019-10-25",15,0,0,0,0,0,False,0,False,False,"Not In Active Readiness Scope","Historical-only / not currently listed",False
"KOHC-ODL","","unknown","",False,"historical_only","2019-01-10","2020-04-10",298,0,0,0,0,0,False,0,False,False,"Not In Active Readiness Scope","Historical-only / not currently listed",False
"KOHC-SEP","","other","",False,"historical_only","2019-08-26","2023-09-28",174,0,0,0,0,0,False,0,False,False,"Not In Active Readiness Scope","Historical-only / not currently listed",False
"KOHE","Kohinoor Energy Limited","ordinary_equity","POWER GENERATION & DISTRIBUTION",True,"listed_recently_traded","2016-07-26","2026-08-05",2264,0,0,0,0,0,False,0,False,False,"Data Quality Issue","price is not positive",False
"KOHE-ODL","","unknown","",False,"historical_only","2019-01-18","2020-04-09",120,0,0,0,0,0,False,0,False,False,"Not In Active Readiness Scope","Historical-only / not currently listed",False
"KOHP","Kohinoor Power Company Limited","ordinary_equity","POWER GENERATION & DISTRIBUTION",True,"listed_recently_traded","2016-07-26","2026-08-05",2175,0,0,0,0,0,False,0,False,False,"Data Quality Issue","price is not positive",False
"KOHP-ODL","","unknown","",False,"historical_only","2019-01-10","2020-03-18",64,0,0,0,0,0,False,0,False,False,"Not In Active Readiness Scope","Historical-only / not currently listed",False
"KOHTM","Kohat Textile Mills Limited","ordinary_equity","TEXTILE SPINNING",True,"listed_recently_traded","2016-07-26","2026-08-05",1236,0,0,0,0,0,False,0,False,False,"Data Quality Issue","price is not positive",False
"KOHTM-ODL","","unknown","",False,"historical_only","2019-01-23","2020-02-06",11,0,0,0,0,0,False,0,False,False,"Not In Active Readiness Scope","Historical-only / not currently listed",False
"KOIL","Kohinoor Industries Limited","ordinary_equity","TEXTILE COMPOSITE",True,"listed_recently_traded","2016-07-26","2026-08-05",2375,0,0,0,0,0,False,0,False,False,"Data Quality Issue","price is not positive",False
"KOIL-ODL","","unknown","",False,"historical_only","2019-01-18","2020-03-18",66,0,0,0,0,0,False,0,False,False,"Not In Active Readiness Scope","Historical-only / not currently listed",False
"KOSM","Kohinoor Spinning Mills Limited","ordinary_equity","TEXTILE SPINNING",True,"listed_recently_traded","2016-07-26","2026-08-05",2481,2432,2432,1702,364,366,True,2432,True,True,"Ready","Eligible active ordinary equity with sufficient usable history and complete split/scaler artifacts",True
"KOSM-APR","","other","",False,"historical_only","2022-01-31","2026-04-24",177,0,0,0,0,0,False,0,False,False,"Not In Active Readiness Scope","Historical-only / not currently listed",False
"KOSM-AUG","","other","",False,"historical_only","2022-05-30","2026-08-05",221,0,0,0,0,0,False,0,False,False,"Not In Active Readiness Scope","Historical-only / not currently listed",False
"KOSM-DEC","","other","",False,"historical_only","2021-11-01","2025-12-26",231,0,0,0,0,0,False,0,False,False,"Not In Active Readiness Scope","Historical-only / not currently listed",False
"KOSM-FEB","","other","",False,"historical_only","2021-11-29","2026-02-27",197,0,0,0,0,0,False,0,False,False,"Not In Active Readiness Scope","Historical-only / not currently listed",False
"KOSM-JAN","","other","",False,"historical_only","2021-11-01","2026-01-30",244,0,0,0,0,0,False,0,False,False,"Not In Active Readiness Scope","Historical-only / not currently listed",False
"KOSM-JUL","","other","",False,"historical_only","2022-05-06","2026-07-31",231,0,0,0,0,0,False,0,False,False,"Not In Active Readiness Scope","Historical-only / not currently listed",False
"KOSM-JUN","","other","",False,"historical_only","2022-03-28","2026-06-24",217,0,0,0,0,0,False,0,False,False,"Not In Active Readiness Scope","Historical-only / not currently listed",False
"KOSM-MAR","","other","",False,"historical_only","2022-01-03","2026-03-27",170,0,0,0,0,0,False,0,False,False,"Not In Active Readiness Scope","Historical-only / not currently listed",False
"KOSM-MAY","","other","",False,"historical_only","2022-02-28","2026-05-29",198,0,0,0,0,0,False,0,False,False,"Not In Active Readiness Scope","Historical-only / not currently listed",False
"KOSM-NOV","","other","",False,"historical_only","2021-11-03","2025-11-28",217,0,0,0,0,0,False,0,False,False,"Not In Active Readiness Scope","Historical-only / not currently listed",False
"KOSM-OCT","","other","",False,"historical_only","2022-08-01","2025-10-31",219,0,0,0,0,0,False,0,False,False,"Not In Active Readiness Scope","Historical-only / not currently listed",False
"KOSM-ODL","","unknown","",False,"historical_only","2019-01-10","2020-04-02",62,0,0,0,0,0,False,0,False,False,"Not In Active Readiness Scope","Historical-only / not currently listed",False
"KOSM-SEP","","other","",False,"historical_only","2022-06-27","2025-09-26",216,0,0,0,0,0,False,0,False,False,"Not In Active Readiness Scope","Historical-only / not currently listed",False
"KPUS","Khairpur Sugar Mills Limited","ordinary_equity","SUGAR & ALLIED INDUSTRIES",True,"listed_recently_traded","2016-07-26","2026-08-05",1087,0,0,0,0,0,False,0,False,False,"Data Quality Issue","price is not positive",False
"KPUS-ODL","","unknown","",False,"historical_only","2019-01-23","2020-03-17",14,0,0,0,0,0,False,0,False,False,"Not In Active Readiness Scope","Historical-only / not currently listed",False
"KSBP","KSB Pumps Company Limited","ordinary_equity","ENGINEERING",True,"listed_recently_traded","2016-07-26","2026-08-05",2097,0,0,0,0,0,False,0,False,False,"Data Quality Issue","price is not positive",False
"KSBP-ODL","","unknown","",False,"historical_only","2019-01-23","2020-04-10",106,0,0,0,0,0,False,0,False,False,"Not In Active Readiness Scope","Historical-only / not currently listed",False
"KSBPR","","unknown","",False,"historical_only","2024-07-18","2024-09-06",22,0,0,0,0,0,False,0,False,False,"Not In Active Readiness Scope","Historical-only / not currently listed",False
"KSE30-APR","","other","",False,"historical_only","2024-01-29","2024-04-26",59,0,0,0,0,0,False,0,False,False,"Not In Active Readiness Scope","Historical-only / not currently listed",False
"KSE30-AUG","","other","",False,"historical_only","2023-05-29","2024-08-30",119,0,0,0,0,0,False,0,False,False,"Not In Active Readiness Scope","Historical-only / not currently listed",False
"KSE30-DEC","","other","",False,"historical_only","2021-10-25","2023-12-29",63,0,0,0,0,0,False,0,False,False,"Not In Active Readiness Scope","Historical-only / not currently listed",False
"KSE30-FEB","","other","",False,"historical_only","2023-11-27","2024-02-23",62,0,0,0,0,0,False,0,False,False,"Not In Active Readiness Scope","Historical-only / not currently listed",False
"KSE30-JAN","","other","",False,"historical_only","2023-10-30","2024-01-26",62,0,0,0,0,0,False,0,False,False,"Not In Active Readiness Scope","Historical-only / not currently listed",False
"KSE30-JUL","","other","",False,"historical_only","2023-05-18","2024-07-26",106,0,0,0,0,0,False,0,False,False,"Not In Active Readiness Scope","Historical-only / not currently listed",False
"KSE30-JUN","","other","",False,"historical_only","2023-05-18","2024-06-28",85,0,0,0,0,0,False,0,False,False,"Not In Active Readiness Scope","Historical-only / not currently listed",False
"KSE30-MAR","","other","",False,"historical_only","2024-01-01","2024-03-29",63,0,0,0,0,0,False,0,False,False,"Not In Active Readiness Scope","Historical-only / not currently listed",False
"KSE30-MAY","","other","",False,"historical_only","2023-05-18","2024-05-31",71,0,0,0,0,0,False,0,False,False,"Not In Active Readiness Scope","Historical-only / not currently listed",False
"KSE30-NOV","","other","",False,"historical_only","2021-08-30","2024-09-26",82,0,0,0,0,0,False,0,False,False,"Not In Active Readiness Scope","Historical-only / not currently listed",False
"KSE30-OCT","","other","",False,"historical_only","2021-10-25","2024-09-26",106,0,0,0,0,0,False,0,False,False,"Not In Active Readiness Scope","Historical-only / not currently listed",False
"KSE30-SEP","","other","",False,"historical_only","2023-07-03","2024-09-26",122,0,0,0,0,0,False,0,False,False,"Not In Active Readiness Scope","Historical-only / not currently listed",False
"KSTM","Khalid Siraj Textile Mills Limited","ordinary_equity","TEXTILE SPINNING",True,"non_compliant","2016-07-26","2026-08-05",1029,0,0,0,0,0,False,0,False,False,"Data Quality Issue","price is not positive",False
"KSTM-ODL","","unknown","",False,"historical_only","2019-01-10","2019-08-20",10,0,0,0,0,0,False,0,False,False,"Not In Active Readiness Scope","Historical-only / not currently listed",False
"KTML","Kohinoor Textile Mills Limited","ordinary_equity","TEXTILE COMPOSITE",True,"listed_recently_traded","2016-07-26","2026-08-05",2369,0,0,0,0,0,False,0,False,False,"Data Quality Issue","price is not positive",False
"KTML-ODL","","unknown","",False,"historical_only","2019-01-16","2020-04-03",139,0,0,0,0,0,False,0,False,False,"Not In Active Readiness Scope","Historical-only / not currently listed",False
"KTMLR","","unknown","",False,"historical_only","2017-09-18","2017-10-10",17,0,0,0,0,0,False,0,False,False,"Not In Active Readiness Scope","Historical-only / not currently listed",False
"LCI","Lucky Core Industries Limited","ordinary_equity","CHEMICAL",True,"listed_recently_traded","2016-07-26","2026-08-05",2451,0,0,0,0,0,False,0,False,False,"Data Quality Issue","price is not positive",False
"LEUL","Leather Up Limited","ordinary_equity","LEATHER & TANNERIES",True,"listed_recently_traded","2016-07-26","2026-08-05",2053,0,0,0,0,0,False,0,False,False,"Data Quality Issue","price is not positive",False
"LEUL-ODL","","unknown","",False,"historical_only","2019-01-23","2020-03-26",96,0,0,0,0,0,False,0,False,False,"Not In Active Readiness Scope","Historical-only / not currently listed",False
"LINDE","","unknown","",False,"historical_only","2017-01-02","2018-03-16",300,0,251,0,0,0,False,0,False,False,"Not In Active Readiness Scope","Historical-only / not currently listed",False
"LIVEN","Liven Pharma Limited","ordinary_equity","PHARMACEUTICALS",True,"listed_recently_traded","2016-07-26","2026-08-05",1383,0,0,0,0,0,False,0,False,False,"Data Quality Issue","price is not positive",False
"LIVENR","","unknown","",False,"historical_only","2025-12-01","2025-12-15",11,0,0,0,0,0,False,0,False,False,"Not In Active Readiness Scope","Historical-only / not currently listed",False
"LMSM","","unknown","",False,"historical_only","2016-07-26","2024-12-17",978,0,0,0,0,0,False,0,False,False,"Not In Active Readiness Scope","Historical-only / not currently listed",False
"LMSM-ODL","","unknown","",False,"historical_only","2019-01-10","2020-04-02",36,0,0,0,0,0,False,0,False,False,"Not In Active Readiness Scope","Historical-only / not currently listed",False
"LOADS","Loads Limited","ordinary_equity","AUTOMOBILE PARTS & ACCESSORIES",True,"listed_recently_traded","2016-11-01","2026-08-05",2419,2370,2370,1659,355,356,True,2370,True,True,"Ready","Eligible active ordinary equity with sufficient usable history and complete split/scaler artifacts",True
"LOADS-APR","","other","",False,"historical_only","2018-03-26","2022-04-28",88,0,0,0,0,0,False,0,False,False,"Not In Active Readiness Scope","Historical-only / not currently listed",False
"LOADS-AUG","","other","",False,"historical_only","2018-07-23","2026-08-05",88,0,0,0,0,0,False,0,False,False,"Not In Active Readiness Scope","Historical-only / not currently listed",False
"LOADS-CAUG","","unknown","",False,"historical_only","2018-05-28","2018-08-31",62,0,0,0,0,0,False,0,False,False,"Not In Active Readiness Scope","Historical-only / not currently listed",False
"LOADS-CJUL","","unknown","",False,"historical_only","2018-04-30","2018-07-27",60,0,0,0,0,0,False,0,False,False,"Not In Active Readiness Scope","Historical-only / not currently listed",False
"LOADS-CJUN","","unknown","",False,"historical_only","2018-04-02","2018-06-29",61,0,0,0,0,0,False,0,False,False,"Not In Active Readiness Scope","Historical-only / not currently listed",False
"LOADS-CMAY","","unknown","",False,"historical_only","2018-02-26","2018-05-25",63,0,0,0,0,0,False,0,False,False,"Not In Active Readiness Scope","Historical-only / not currently listed",False
"LOADS-CNOV","","unknown","",False,"historical_only","2018-09-03","2021-08-30",63,0,0,0,0,0,False,0,False,False,"Not In Active Readiness Scope","Historical-only / not currently listed",False
"LOADS-COCT","","unknown","",False,"historical_only","2018-07-30","2018-10-26",59,0,0,0,0,0,False,0,False,False,"Not In Active Readiness Scope","Historical-only / not currently listed",False
"LOADS-CSEP","","unknown","",False,"historical_only","2018-07-02","2018-09-28",58,0,0,0,0,0,False,0,False,False,"Not In Active Readiness Scope","Historical-only / not currently listed",False
"LOADS-DEC","","other","",False,"historical_only","2021-11-01","2022-12-30",109,0,0,0,0,0,False,0,False,False,"Not In Active Readiness Scope","Historical-only / not currently listed",False
"LOADS-FEB","","other","",False,"historical_only","2021-11-29","2022-02-25",65,0,0,0,0,0,False,0,False,False,"Not In Active Readiness Scope","Historical-only / not currently listed",False
"LOADS-JAN","","other","",False,"historical_only","2021-11-01","2023-01-27",129,0,0,0,0,0,False,0,False,False,"Not In Active Readiness Scope","Historical-only / not currently listed",False
"LOADS-JUL","","other","",False,"historical_only","2018-06-25","2022-07-29",82,0,0,0,0,0,False,0,False,False,"Not In Active Readiness Scope","Historical-only / not currently listed",False
"LOADS-JUN","","other","",False,"historical_only","2018-05-21","2022-06-24",87,0,0,0,0,0,False,0,False,False,"Not In Active Readiness Scope","Historical-only / not currently listed",False
"LOADS-MAR","","other","",False,"historical_only","2018-02-19","2022-03-25",88,0,0,0,0,0,False,0,False,False,"Not In Active Readiness Scope","Historical-only / not currently listed",False
"LOADS-MAY","","other","",False,"historical_only","2018-04-23","2022-05-27",83,0,0,0,0,0,False,0,False,False,"Not In Active Readiness Scope","Historical-only / not currently listed",False
"LOADS-NOV","","other","",False,"historical_only","2021-11-02","2022-11-25",83,0,0,0,0,0,False,0,False,False,"Not In Active Readiness Scope","Historical-only / not currently listed",False
"LOADS-OCT","","other","",False,"historical_only","2022-08-01","2022-10-28",63,0,0,0,0,0,False,0,False,False,"Not In Active Readiness Scope","Historical-only / not currently listed",False
"LOADS-ODL","","unknown","",False,"historical_only","2019-01-10","2020-04-10",305,0,256,0,0,0,False,0,False,False,"Not In Active Readiness Scope","Historical-only / not currently listed",False
"LOADS-SEP","","other","",False,"historical_only","2018-08-27","2022-09-30",88,0,0,0,0,0,False,0,False,False,"Not In Active Readiness Scope","Historical-only / not currently listed",False
"LOADSR","","unknown","",False,"historical_only","2021-01-26","2021-02-17",16,0,0,0,0,0,False,0,False,False,"Not In Active Readiness Scope","Historical-only / not currently listed",False
"LOADSR1","","unknown","",False,"historical_only","2026-02-18","2026-03-04",11,0,0,0,0,0,False,0,False,False,"Not In Active Readiness Scope","Historical-only / not currently listed",False
"LOTCHEM","Lotte Chemical Pakistan Limited","ordinary_equity","CHEMICAL",True,"listed_recently_traded","2016-07-26","2026-08-05",2484,2435,2435,1704,365,366,True,2435,True,True,"Ready","Eligible active ordinary equity with sufficient usable history and complete split/scaler artifacts",True
"LOTCHEM-APR","","other","",False,"historical_only","2018-03-26","2026-04-24",294,0,0,0,0,0,False,0,False,False,"Not In Active Readiness Scope","Historical-only / not currently listed",False
"LOTCHEM-APRB","","other","",False,"historical_only","2023-03-27","2024-04-26",39,0,0,0,0,0,False,0,False,False,"Not In Active Readiness Scope","Historical-only / not currently listed",False
"LOTCHEM-AUG","","other","",False,"historical_only","2018-07-23","2026-07-22",285,0,0,0,0,0,False,0,False,False,"Not In Active Readiness Scope","Historical-only / not currently listed",False
"LOTCHEM-AUGB","","other","",False,"historical_only","2022-08-10","2026-08-05",40,0,0,0,0,0,False,0,False,False,"Not In Active Readiness Scope","Historical-only / not currently listed",False
"LOTCHEM-CAPR","","unknown","",False,"historical_only","2019-01-28","2021-04-30",185,0,0,0,0,0,False,0,False,False,"Not In Active Readiness Scope","Historical-only / not currently listed",False
"LOTCHEM-CAUG","","unknown","",False,"historical_only","2019-06-03","2021-08-27",180,0,0,0,0,0,False,0,False,False,"Not In Active Readiness Scope","Historical-only / not currently listed",False
"LOTCHEM-CDEC","","unknown","",False,"historical_only","2018-10-01","2021-10-22",209,0,0,0,0,0,False,0,False,False,"Not In Active Readiness Scope","Historical-only / not currently listed",False
"LOTCHEM-CFEB","","unknown","",False,"historical_only","2018-12-04","2021-02-26",182,0,0,0,0,0,False,0,False,False,"Not In Active Readiness Scope","Historical-only / not currently listed",False
"LOTCHEM-CJAN","","unknown","",False,"historical_only","2018-10-29","2021-01-29",195,0,0,0,0,0,False,0,False,False,"Not In Active Readiness Scope","Historical-only / not currently listed",False
"LOTCHEM-CJUL","","unknown","",False,"historical_only","2019-04-29","2021-07-30",179,0,0,0,0,0,False,0,False,False,"Not In Active Readiness Scope","Historical-only / not currently listed",False
"LOTCHEM-CJUN","","unknown","",False,"historical_only","2019-04-01","2021-06-25",178,0,0,0,0,0,False,0,False,False,"Not In Active Readiness Scope","Historical-only / not currently listed",False
"LOTCHEM-CMAR","","unknown","",False,"historical_only","2019-01-01","2021-03-26",187,0,0,0,0,0,False,0,False,False,"Not In Active Readiness Scope","Historical-only / not currently listed",False
"LOTCHEM-CMAY","","unknown","",False,"historical_only","2019-02-25","2021-05-28",185,0,0,0,0,0,False,0,False,False,"Not In Active Readiness Scope","Historical-only / not currently listed",False
"LOTCHEM-CNOV","","unknown","",False,"historical_only","2018-09-03","2021-10-22",228,0,0,0,0,0,False,0,False,False,"Not In Active Readiness Scope","Historical-only / not currently listed",False
"LOTCHEM-COCT","","unknown","",False,"historical_only","2019-07-29","2021-10-22",179,0,0,0,0,0,False,0,False,False,"Not In Active Readiness Scope","Historical-only / not currently listed",False
"LOTCHEM-CSEP","","unknown","",False,"historical_only","2019-07-01","2021-09-24",182,0,0,0,0,0,False,0,False,False,"Not In Active Readiness Scope","Historical-only / not currently listed",False
"LOTCHEM-DEC","","other","",False,"historical_only","2018-11-26","2025-12-26",250,0,0,0,0,0,False,0,False,False,"Not In Active Readiness Scope","Historical-only / not currently listed",False
"LOTCHEM-DECB","","other","",False,"historical_only","2021-10-18","2021-12-31",39,0,0,0,0,0,False,0,False,False,"Not In Active Readiness Scope","Historical-only / not currently listed",False
"LOTCHEM-FEB","","other","",False,"historical_only","2018-01-22","2026-01-30",321,0,0,0,0,0,False,0,False,False,"Not In Active Readiness Scope","Historical-only / not currently listed",False
"LOTCHEM-FEBB","","other","",False,"historical_only","2026-01-26","2026-02-27",24,0,0,0,0,0,False,0,False,False,"Not In Active Readiness Scope","Historical-only / not currently listed",False
"LOTCHEM-JAN","","other","",False,"historical_only","2018-12-24","2026-01-30",324,0,0,0,0,0,False,0,False,False,"Not In Active Readiness Scope","Historical-only / not currently listed",False
"LOTCHEM-JUL","","other","",False,"historical_only","2018-06-25","2026-07-22",327,0,0,0,0,0,False,0,False,False,"Not In Active Readiness Scope","Historical-only / not currently listed",False
"LOTCHEM-JULB","","other","",False,"historical_only","2026-07-20","2026-07-31",10,0,0,0,0,0,False,0,False,False,"Not In Active Readiness Scope","Historical-only / not currently listed",False
"LOTCHEM-JUN","","other","",False,"historical_only","2018-05-21","2026-06-24",226,0,0,0,0,0,False,0,False,False,"Not In Active Readiness Scope","Historical-only / not currently listed",False
"LOTCHEM-JUNB","","other","",False,"historical_only","2023-04-18","2024-06-28",92,0,0,0,0,0,False,0,False,False,"Not In Active Readiness Scope","Historical-only / not currently listed",False
"LOTCHEM-MAR","","other","",False,"historical_only","2018-02-19","2025-03-27",319,0,0,0,0,0,False,0,False,False,"Not In Active Readiness Scope","Historical-only / not currently listed",False
"LOTCHEM-MARB","","other","",False,"historical_only","2026-02-10","2026-03-27",23,0,0,0,0,0,False,0,False,False,"Not In Active Readiness Scope","Historical-only / not currently listed",False
"LOTCHEM-MAY","","other","",False,"historical_only","2018-04-23","2026-05-29",257,0,0,0,0,0,False,0,False,False,"Not In Active Readiness Scope","Historical-only / not currently listed",False
"LOTCHEM-MAYB","","other","",False,"historical_only","2023-03-27","2024-04-26",38,0,0,0,0,0,False,0,False,False,"Not In Active Readiness Scope","Historical-only / not currently listed",False
"LOTCHEM-MAYC","","other","",False,"historical_only","2023-04-18","2024-05-31",53,0,0,0,0,0,False,0,False,False,"Not In Active Readiness Scope","Historical-only / not currently listed",False
"LOTCHEM-NOV","","other","",False,"historical_only","2018-10-22","2025-11-28",282,0,0,0,0,0,False,0,False,False,"Not In Active Readiness Scope","Historical-only / not currently listed",False
"LOTCHEM-NOVB","","other","",False,"historical_only","2021-10-22","2021-11-26",25,0,0,0,0,0,False,0,False,False,"Not In Active Readiness Scope","Historical-only / not currently listed",False
"LOTCHEM-OCT","","other","",False,"historical_only","2018-09-24","2024-10-25",238,0,0,0,0,0,False,0,False,False,"Not In Active Readiness Scope","Historical-only / not currently listed",False
"LOTCHEM-OCTB","","other","",False,"historical_only","2021-10-18","2025-10-31",99,0,0,0,0,0,False,0,False,False,"Not In Active Readiness Scope","Historical-only / not currently listed",False
"LOTCHEM-ODL","","unknown","",False,"historical_only","2019-01-10","2020-04-10",304,0,255,0,0,0,False,0,False,False,"Not In Active Readiness Scope","Historical-only / not currently listed",False
"LOTCHEM-SEP","","other","",False,"historical_only","2018-08-27","2025-08-11",252,0,0,0,0,0,False,0,False,False,"Not In Active Readiness Scope","Historical-only / not currently listed",False
"LOTCHEM-SEPB","","other","",False,"historical_only","2022-08-10","2025-09-26",58,0,0,0,0,0,False,0,False,False,"Not In Active Readiness Scope","Historical-only / not currently listed",False
"LPCL","","unknown","",False,"historical_only","2016-07-26","2017-01-27",128,0,0,0,0,0,False,0,False,False,"Not In Active Readiness Scope","Historical-only / not currently listed",False
"LPCL-CNOV","","unknown","",False,"historical_only","2021-08-30","2021-08-30",1,0,0,0,0,0,False,0,False,False,"Not In Active Readiness Scope","Historical-only / not currently listed",False
"LPCL-NOV","","other","",False,"historical_only","2021-08-30","2021-08-30",1,0,0,0,0,0,False,0,False,False,"Not In Active Readiness Scope","Historical-only / not currently listed",False
"LPGL","Leiner Pak Gelatine Limited","ordinary_equity","CHEMICAL",True,"listed_recently_traded","2016-07-26","2026-08-05",1463,0,0,0,0,0,False,0,False,False,"Data Quality Issue","price is not positive",False
"LPGL-ODL","","unknown","",False,"historical_only","2019-01-23","2020-02-28",10,0,0,0,0,0,False,0,False,False,"Not In Active Readiness Scope","Historical-only / not currently listed",False
"LPL","Lalpir Power Limited","ordinary_equity","POWER GENERATION & DISTRIBUTION",True,"listed_recently_traded","2016-07-26","2026-08-05",2452,0,0,0,0,0,False,0,False,False,"Data Quality Issue","price is not positive",False
"LPL-APR","","other","",False,"historical_only","2021-03-22","2025-04-25",138,0,0,0,0,0,False,0,False,False,"Not In Active Readiness Scope","Historical-only / not currently listed",False
"LPL-APRB","","other","",False,"historical_only","2023-03-27","2023-04-28",21,0,0,0,0,0,False,0,False,False,"Not In Active Readiness Scope","Historical-only / not currently listed",False
"LPL-AUG","","other","",False,"historical_only","2021-08-16","2025-08-29",135,0,0,0,0,0,False,0,False,False,"Not In Active Readiness Scope","Historical-only / not currently listed",False
"LPL-AUGB","","other","",False,"historical_only","2023-08-11","2023-08-25",10,0,0,0,0,0,False,0,False,False,"Not In Active Readiness Scope","Historical-only / not currently listed",False
"LPL-CDEC","","unknown","",False,"historical_only","2021-09-27","2021-10-22",19,0,0,0,0,0,False,0,False,False,"Not In Active Readiness Scope","Historical-only / not currently listed",False
"LPL-CNOV","","unknown","",False,"historical_only","2021-08-30","2021-10-22",39,0,0,0,0,0,False,0,False,False,"Not In Active Readiness Scope","Historical-only / not currently listed",False
"LPL-COCT","","unknown","",False,"historical_only","2021-08-02","2021-10-22",57,0,0,0,0,0,False,0,False,False,"Not In Active Readiness Scope","Historical-only / not currently listed",False
"LPL-DEC","","other","",False,"historical_only","2021-09-27","2024-12-24",129,0,0,0,0,0,False,0,False,False,"Not In Active Readiness Scope","Historical-only / not currently listed",False
"LPL-FEB","","other","",False,"historical_only","2023-01-31","2025-02-28",102,0,0,0,0,0,False,0,False,False,"Not In Active Readiness Scope","Historical-only / not currently listed",False
"LPL-JAN","","other","",False,"historical_only","2023-10-30","2025-01-31",83,0,0,0,0,0,False,0,False,False,"Not In Active Readiness Scope","Historical-only / not currently listed",False
"LPL-JUL","","other","",False,"historical_only","2023-05-02","2025-07-25",132,0,0,0,0,0,False,0,False,False,"Not In Active Readiness Scope","Historical-only / not currently listed",False
"LPL-JUN","","other","",False,"historical_only","2021-06-04","2025-06-27",101,0,0,0,0,0,False,0,False,False,"Not In Active Readiness Scope","Historical-only / not currently listed",False
"LPL-JUNB","","other","",False,"historical_only","2024-04-29","2024-06-28",39,0,0,0,0,0,False,0,False,False,"Not In Active Readiness Scope","Historical-only / not currently listed",False
"LPL-MAR","","other","",False,"historical_only","2021-02-22","2025-03-27",146,0,0,0,0,0,False,0,False,False,"Not In Active Readiness Scope","Historical-only / not currently listed",False
"LPL-MAY","","other","",False,"historical_only","2023-02-27","2025-05-30",94,0,0,0,0,0,False,0,False,False,"Not In Active Readiness Scope","Historical-only / not currently listed",False
"LPL-MAYB","","other","",False,"historical_only","2023-03-27","2024-05-31",63,0,0,0,0,0,False,0,False,False,"Not In Active Readiness Scope","Historical-only / not currently listed",False
"LPL-NOV","","other","",False,"historical_only","2021-08-30","2024-11-29",134,0,0,0,0,0,False,0,False,False,"Not In Active Readiness Scope","Historical-only / not currently listed",False
"LPL-NOVB","","other","",False,"historical_only","2021-09-27","2021-11-26",18,0,0,0,0,0,False,0,False,False,"Not In Active Readiness Scope","Historical-only / not currently listed",False
"LPL-OCT","","other","",False,"historical_only","2021-07-26","2025-10-31",83,0,0,0,0,0,False,0,False,False,"Not In Active Readiness Scope","Historical-only / not currently listed",False
"LPL-OCTB","","other","",False,"historical_only","2021-10-25","2024-10-25",97,0,0,0,0,0,False,0,False,False,"Not In Active Readiness Scope","Historical-only / not currently listed",False
"LPL-ODL","","unknown","",False,"historical_only","2019-01-16","2020-04-03",108,0,0,0,0,0,False,0,False,False,"Not In Active Readiness Scope","Historical-only / not currently listed",False
"LPL-SEP","","other","",False,"historical_only","2021-07-26","2025-09-26",113,0,0,0,0,0,False,0,False,False,"Not In Active Readiness Scope","Historical-only / not currently listed",False
"LPL-SEPB","","other","",False,"historical_only","2023-08-11","2024-09-27",55,0,0,0,0,0,False,0,False,False,"Not In Active Readiness Scope","Historical-only / not currently listed",False
"LSECL","LSE Capital Limited.","ordinary_equity","INV. BANKS / INV. COS. / SECURITIES COS.",True,"listed_recently_traded","2024-05-24","2026-08-05",545,496,496,347,74,75,True,496,True,True,"Ready","Eligible active ordinary equity with sufficient usable history and complete split/scaler artifacts",True
"LSECLR","","unknown","",False,"historical_only","2026-02-12","2026-02-26",11,0,0,0,0,0,False,0,False,False,"Not In Active Readiness Scope","Historical-only / not currently listed",False
"LSEFSL","LSE Financial Services Limited.","ordinary_equity","INV. BANKS / INV. COS. / SECURITIES COS.",True,"listed_recently_traded","2024-05-31","2026-08-05",538,0,0,0,0,0,False,0,False,False,"Data Quality Issue","price is not positive",False
"LSEPL","","unknown","",False,"historical_only","2023-06-12","2024-04-19",210,0,161,0,0,0,False,0,False,False,"Not In Active Readiness Scope","Historical-only / not currently listed",False
"LSEVL","LSE Ventures Limited","ordinary_equity","INV. BANKS / INV. COS. / SECURITIES COS.",True,"listed_recently_traded","2023-06-27","2026-08-05",752,703,703,492,105,106,True,703,True,True,"Ready","Eligible active ordinary equity with sufficient usable history and complete split/scaler artifacts",True
"LSEVLR","","unknown","",False,"historical_only","2025-12-22","2026-01-02",9,0,0,0,0,0,False,0,False,False,"Not In Active Readiness Scope","Historical-only / not currently listed",False
"LUCK","Lucky Cement Limited","ordinary_equity","CEMENT",True,"listed_recently_traded","2016-07-26","2026-08-05",2479,2430,2430,1701,364,365,True,2430,True,True,"Ready","Eligible active ordinary equity with sufficient usable history and complete split/scaler artifacts",True
"LUCK-APR","","other","",False,"historical_only","2018-03-26","2026-04-24",331,0,0,0,0,0,False,0,False,False,"Not In Active Readiness Scope","Historical-only / not currently listed",False
"LUCK-AUG","","other","",False,"historical_only","2018-07-23","2026-08-05",319,0,0,0,0,0,False,0,False,False,"Not In Active Readiness Scope","Historical-only / not currently listed",False
"LUCK-CAPR","","unknown","",False,"historical_only","2019-01-28","2021-04-30",185,0,0,0,0,0,False,0,False,False,"Not In Active Readiness Scope","Historical-only / not currently listed",False
"LUCK-CAUG","","unknown","",False,"historical_only","2018-05-28","2020-08-28",182,0,0,0,0,0,False,0,False,False,"Not In Active Readiness Scope","Historical-only / not currently listed",False
"LUCK-CDEC","","unknown","",False,"historical_only","2019-09-30","2021-10-22",146,0,0,0,0,0,False,0,False,False,"Not In Active Readiness Scope","Historical-only / not currently listed",False
"LUCK-CFEB","","unknown","",False,"historical_only","2018-12-04","2021-02-26",182,0,0,0,0,0,False,0,False,False,"Not In Active Readiness Scope","Historical-only / not currently listed",False
"LUCK-CJAN","","unknown","",False,"historical_only","2019-10-28","2021-01-29",133,0,0,0,0,0,False,0,False,False,"Not In Active Readiness Scope","Historical-only / not currently listed",False
"LUCK-CJUL","","unknown","",False,"historical_only","2018-04-30","2020-07-30",183,0,0,0,0,0,False,0,False,False,"Not In Active Readiness Scope","Historical-only / not currently listed",False
"LUCK-CJUN","","unknown","",False,"historical_only","2018-04-02","2020-06-26",180,0,0,0,0,0,False,0,False,False,"Not In Active Readiness Scope","Historical-only / not currently listed",False
"LUCK-CMAR","","unknown","",False,"historical_only","2019-01-01","2021-03-26",187,0,0,0,0,0,False,0,False,False,"Not In Active Readiness Scope","Historical-only / not currently listed",False
"LUCK-CMAY","","unknown","",False,"historical_only","2018-02-26","2021-05-28",248,0,0,0,0,0,False,0,False,False,"Not In Active Readiness Scope","Historical-only / not currently listed",False
"LUCK-CNOV","","unknown","",False,"historical_only","2019-09-02","2021-10-22",166,0,0,0,0,0,False,0,False,False,"Not In Active Readiness Scope","Historical-only / not currently listed",False
"LUCK-COCT","","unknown","",False,"historical_only","2019-07-29","2021-10-22",179,0,0,0,0,0,False,0,False,False,"Not In Active Readiness Scope","Historical-only / not currently listed",False
"LUCK-CSEP","","unknown","",False,"historical_only","2018-07-02","2020-09-25",180,0,0,0,0,0,False,0,False,False,"Not In Active Readiness Scope","Historical-only / not currently listed",False
"LUCK-DEC","","other","",False,"historical_only","2018-11-26","2025-12-26",289,0,0,0,0,0,False,0,False,False,"Not In Active Readiness Scope","Historical-only / not currently listed",False
"LUCK-FEB","","other","",False,"historical_only","2019-01-21","2026-02-27",270,0,0,0,0,0,False,0,False,False,"Not In Active Readiness Scope","Historical-only / not currently listed",False
"LUCK-JAN","","other","",False,"historical_only","2018-12-24","2026-01-30",265,0,0,0,0,0,False,0,False,False,"Not In Active Readiness Scope","Historical-only / not currently listed",False
"LUCK-JUL","","other","",False,"historical_only","2018-06-25","2026-07-31",343,0,0,0,0,0,False,0,False,False,"Not In Active Readiness Scope","Historical-only / not currently listed",False
"LUCK-JUN","","other","",False,"historical_only","2018-05-21","2026-06-24",296,0,0,0,0,0,False,0,False,False,"Not In Active Readiness Scope","Historical-only / not currently listed",False
"LUCK-JUNB","","other","",False,"historical_only","2025-05-22","2025-06-27",24,0,0,0,0,0,False,0,False,False,"Not In Active Readiness Scope","Historical-only / not currently listed",False
"LUCK-MAR","","other","",False,"historical_only","2018-02-19","2026-03-27",324,0,0,0,0,0,False,0,False,False,"Not In Active Readiness Scope","Historical-only / not currently listed",False
"LUCK-MAY","","other","",False,"historical_only","2018-04-23","2026-05-29",310,0,0,0,0,0,False,0,False,False,"Not In Active Readiness Scope","Historical-only / not currently listed",False
"LUCK-MAYB","","other","",False,"historical_only","2025-04-28","2025-05-30",23,0,0,0,0,0,False,0,False,False,"Not In Active Readiness Scope","Historical-only / not currently listed",False
"LUCK-NOV","","other","",False,"historical_only","2018-10-22","2024-09-11",248,0,0,0,0,0,False,0,False,False,"Not In Active Readiness Scope","Historical-only / not currently listed",False
"LUCK-NOVB","","other","",False,"historical_only","2024-09-09","2025-11-28",70,0,0,0,0,0,False,0,False,False,"Not In Active Readiness Scope","Historical-only / not currently listed",False
"LUCK-OCT","","other","",False,"historical_only","2018-09-24","2024-09-11",228,0,0,0,0,0,False,0,False,False,"Not In Active Readiness Scope","Historical-only / not currently listed",False
"LUCK-OCTB","","other","",False,"historical_only","2021-08-30","2025-10-31",114,0,0,0,0,0,False,0,False,False,"Not In Active Readiness Scope","Historical-only / not currently listed",False
"LUCK-ODL","","unknown","",False,"historical_only","2019-01-10","2020-03-20",293,0,244,0,0,0,False,0,False,False,"Not In Active Readiness Scope","Historical-only / not currently listed",False
"LUCK-SEP","","other","",False,"historical_only","2018-08-27","2025-09-15",269,0,0,0,0,0,False,0,False,False,"Not In Active Readiness Scope","Historical-only / not currently listed",False
"LUCK-SEPB","","other","",False,"historical_only","2023-08-21","2025-09-26",56,0,0,0,0,0,False,0,False,False,"Not In Active Readiness Scope","Historical-only / not currently listed",False
"MACFL","MACPAC Films Limited","ordinary_equity","PAPER, BOARD & PACKAGING",True,"listed_recently_traded","2016-07-26","2026-08-05",2293,0,0,0,0,0,False,0,False,False,"Data Quality Issue","price is not positive",False
"MACFL-ODL","","unknown","",False,"historical_only","2019-01-23","2020-03-31",44,0,0,0,0,0,False,0,False,False,"Not In Active Readiness Scope","Historical-only / not currently listed",False
"MACFLR","","unknown","",False,"historical_only","2017-08-30","2017-09-21",15,0,0,0,0,0,False,0,False,False,"Not In Active Readiness Scope","Historical-only / not currently listed",False
"MACTER","Macter International Limited","ordinary_equity","PHARMACEUTICALS",True,"listed_recently_traded","2017-08-01","2026-08-05",1426,0,0,0,0,0,False,0,False,False,"Data Quality Issue","price is not positive",False
"MACTER-ODL","","unknown","",False,"historical_only","2019-01-14","2020-03-20",133,0,0,0,0,0,False,0,False,False,"Not In Active Readiness Scope","Historical-only / not currently listed",False
"MACTERR","","unknown","",False,"historical_only","2021-08-04","2021-08-26",15,0,0,0,0,0,False,0,False,False,"Not In Active Readiness Scope","Historical-only / not currently listed",False
"MARI","Mari Energies Limited","ordinary_equity","OIL & GAS EXPLORATION COMPANIES",True,"listed_recently_traded","2016-07-26","2026-08-05",2484,2435,2435,1704,365,366,True,2435,True,True,"Ready","Eligible active ordinary equity with sufficient usable history and complete split/scaler artifacts",True
"MARI-APR","","other","",False,"historical_only","2025-03-18","2026-04-24",51,2,2,0,0,0,False,0,False,False,"Not In Active Readiness Scope","Historical-only / not currently listed",False
"MARI-AUG","","other","",False,"historical_only","2025-07-18","2026-08-05",39,0,0,0,0,0,False,0,False,False,"Not In Active Readiness Scope","Historical-only / not currently listed",False
"MARI-DEC","","other","",False,"historical_only","2025-11-17","2025-12-26",25,0,0,0,0,0,False,0,False,False,"Not In Active Readiness Scope","Historical-only / not currently listed",False
"MARI-FEB","","other","",False,"historical_only","2025-02-03","2026-01-29",31,0,0,0,0,0,False,0,False,False,"Not In Active Readiness Scope","Historical-only / not currently listed",False
"MARI-FEBB","","other","",False,"historical_only","2026-01-27","2026-02-27",23,0,0,0,0,0,False,0,False,False,"Not In Active Readiness Scope","Historical-only / not currently listed",False
"MARI-JAN","","other","",False,"historical_only","2025-12-18","2026-01-29",29,0,0,0,0,0,False,0,False,False,"Not In Active Readiness Scope","Historical-only / not currently listed",False
"MARI-JUL","","other","",False,"historical_only","2025-06-23","2026-07-31",55,6,6,0,0,0,False,0,False,False,"Not In Active Readiness Scope","Historical-only / not currently listed",False
"MARI-JUN","","other","",False,"historical_only","2025-05-08","2026-06-24",53,4,4,0,0,0,False,0,False,False,"Not In Active Readiness Scope","Historical-only / not currently listed",False
"MARI-MAR","","other","",False,"historical_only","2025-02-21","2025-03-27",25,0,0,0,0,0,False,0,False,False,"Not In Active Readiness Scope","Historical-only / not currently listed",False
"MARI-MARB","","other","",False,"historical_only","2026-02-19","2026-03-27",24,0,0,0,0,0,False,0,False,False,"Not In Active Readiness Scope","Historical-only / not currently listed",False
"MARI-MAY","","other","",False,"historical_only","2025-03-17","2026-05-29",56,7,7,0,0,0,False,0,False,False,"Not In Active Readiness Scope","Historical-only / not currently listed",False
"MARI-NOVB","","other","",False,"historical_only","2025-10-27","2025-11-28",25,0,0,0,0,0,False,0,False,False,"Not In Active Readiness Scope","Historical-only / not currently listed",False
"MARI-OCTB","","other","",False,"historical_only","2025-09-18","2025-10-31",32,0,0,0,0,0,False,0,False,False,"Not In Active Readiness Scope","Historical-only / not currently listed",False
"MARI-ODL","","unknown","",False,"historical_only","2019-01-11","2020-04-10",289,0,0,0,0,0,False,0,False,False,"Not In Active Readiness Scope","Historical-only / not currently listed",False
"MARI-SEP","","other","",False,"historical_only","2025-08-19","2025-09-17",20,0,0,0,0,0,False,0,False,False,"Not In Active Readiness Scope","Historical-only / not currently listed",False
"MARI-SEPB","","other","",False,"historical_only","2025-09-15","2025-09-26",10,0,0,0,0,0,False,0,False,False,"Not In Active Readiness Scope","Historical-only / not currently listed",False
"MCB","MCB Bank Limited","ordinary_equity","COMMERCIAL BANKS",True,"listed_recently_traded","2016-07-26","2026-08-05",2484,2435,2435,1704,365,366,True,2435,True,True,"Ready","Eligible active ordinary equity with sufficient usable history and complete split/scaler artifacts",True
"MCB-APR","","other","",False,"historical_only","2017-03-27","2024-02-23",183,0,0,0,0,0,False,0,False,False,"Not In Active Readiness Scope","Historical-only / not currently listed",False
"MCB-APRB","","other","",False,"historical_only","2022-02-28","2026-04-24",168,0,0,0,0,0,False,0,False,False,"Not In Active Readiness Scope","Historical-only / not currently listed",False
"MCB-AUG","","other","",False,"historical_only","2018-07-23","2026-08-05",259,0,0,0,0,0,False,0,False,False,"Not In Active Readiness Scope","Historical-only / not currently listed",False
"MCB-AUGB","","other","",False,"historical_only","2018-08-06","2025-08-29",57,0,0,0,0,0,False,0,False,False,"Not In Active Readiness Scope","Historical-only / not currently listed",False
"MCB-CAPR","","unknown","",False,"historical_only","2017-01-30","2020-04-24",249,0,0,0,0,0,False,0,False,False,"Not In Active Readiness Scope","Historical-only / not currently listed",False
"MCB-CAUG","","unknown","",False,"historical_only","2018-05-28","2020-08-28",182,0,0,0,0,0,False,0,False,False,"Not In Active Readiness Scope","Historical-only / not currently listed",False
"MCB-CDEC","","unknown","",False,"historical_only","2017-10-02","2021-10-22",272,0,0,0,0,0,False,0,False,False,"Not In Active Readiness Scope","Historical-only / not currently listed",False
"MCB-CFEB","","unknown","",False,"historical_only","2017-01-02","2020-02-28",222,0,0,0,0,0,False,0,False,False,"Not In Active Readiness Scope","Historical-only / not currently listed",False
"MCB-CJAN","","unknown","",False,"historical_only","2017-01-02","2020-01-31",214,0,0,0,0,0,False,0,False,False,"Not In Active Readiness Scope","Historical-only / not currently listed",False
"MCB-CJUL","","unknown","",False,"historical_only","2018-04-30","2020-07-30",183,0,0,0,0,0,False,0,False,False,"Not In Active Readiness Scope","Historical-only / not currently listed",False
"MCB-CJUN","","unknown","",False,"historical_only","2017-04-03","2020-06-26",240,0,0,0,0,0,False,0,False,False,"Not In Active Readiness Scope","Historical-only / not currently listed",False
"MCB-CMAR","","unknown","",False,"historical_only","2017-01-02","2020-03-27",253,0,0,0,0,0,False,0,False,False,"Not In Active Readiness Scope","Historical-only / not currently listed",False
"MCB-CMAY","","unknown","",False,"historical_only","2017-02-27","2020-05-29",253,0,0,0,0,0,False,0,False,False,"Not In Active Readiness Scope","Historical-only / not currently listed",False
"MCB-CNOV","","unknown","",False,"historical_only","2017-08-28","2021-10-22",291,0,0,0,0,0,False,0,False,False,"Not In Active Readiness Scope","Historical-only / not currently listed",False
"MCB-COCT","","unknown","",False,"historical_only","2018-07-30","2021-10-22",238,0,0,0,0,0,False,0,False,False,"Not In Active Readiness Scope","Historical-only / not currently listed",False
"MCB-CSEP","","unknown","",False,"historical_only","2018-07-02","2020-09-25",180,0,0,0,0,0,False,0,False,False,"Not In Active Readiness Scope","Historical-only / not currently listed",False
"MCB-DEC","","other","",False,"historical_only","2017-11-20","2023-10-31",142,0,0,0,0,0,False,0,False,False,"Not In Active Readiness Scope","Historical-only / not currently listed",False
"MCB-DECB","","other","",False,"historical_only","2021-11-15","2025-12-26",166,0,0,0,0,0,False,0,False,False,"Not In Active Readiness Scope","Historical-only / not currently listed",False
"MCB-FEB","","other","",False,"historical_only","2017-01-23","2026-02-27",346,0,0,0,0,0,False,0,False,False,"Not In Active Readiness Scope","Historical-only / not currently listed",False
"MCB-JAN","","other","",False,"historical_only","2017-01-02","2026-01-30",352,0,0,0,0,0,False,0,False,False,"Not In Active Readiness Scope","Historical-only / not currently listed",False
"MCB-JUL","","other","",False,"historical_only","2018-06-25","2026-07-31",319,0,0,0,0,0,False,0,False,False,"Not In Active Readiness Scope","Historical-only / not currently listed",False
"MCB-JUN","","other","",False,"historical_only","2018-05-21","2024-04-30",150,0,0,0,0,0,False,0,False,False,"Not In Active Readiness Scope","Historical-only / not currently listed",False
"MCB-JUNB","","other","",False,"historical_only","2022-04-28","2026-06-24",155,0,0,0,0,0,False,0,False,False,"Not In Active Readiness Scope","Historical-only / not currently listed",False
"MCB-MAR","","other","",False,"historical_only","2017-02-20","2026-03-16",261,0,0,0,0,0,False,0,False,False,"Not In Active Readiness Scope","Historical-only / not currently listed",False
"MCB-MARB","","other","",False,"historical_only","2019-03-04","2026-03-26",108,0,0,0,0,0,False,0,False,False,"Not In Active Readiness Scope","Historical-only / not currently listed",False
"MCB-MAY","","other","",False,"historical_only","2018-04-23","2024-04-30",172,0,0,0,0,0,False,0,False,False,"Not In Active Readiness Scope","Historical-only / not currently listed",False
"MCB-MAYB","","other","",False,"historical_only","2018-04-30","2026-04-28",112,0,0,0,0,0,False,0,False,False,"Not In Active Readiness Scope","Historical-only / not currently listed",False
"MCB-MAYC","","other","",False,"historical_only","2025-04-29","2026-05-29",33,0,0,0,0,0,False,0,False,False,"Not In Active Readiness Scope","Historical-only / not currently listed",False
"MCB-NOV","","other","",False,"historical_only","2017-10-23","2025-10-29",216,0,0,0,0,0,False,0,False,False,"Not In Active Readiness Scope","Historical-only / not currently listed",False
"MCB-NOVB","","other","",False,"historical_only","2018-11-05","2025-11-28",115,0,0,0,0,0,False,0,False,False,"Not In Active Readiness Scope","Historical-only / not currently listed",False
"MCB-OCT","","other","",False,"historical_only","2017-09-25","2024-08-15",134,0,0,0,0,0,False,0,False,False,"Not In Active Readiness Scope","Historical-only / not currently listed",False
"MCB-OCTB","","other","",False,"historical_only","2021-08-30","2025-10-29",189,0,0,0,0,0,False,0,False,False,"Not In Active Readiness Scope","Historical-only / not currently listed",False
"MCB-ODL","","unknown","",False,"historical_only","2019-01-10","2020-03-20",295,0,246,0,0,0,False,0,False,False,"Not In Active Readiness Scope","Historical-only / not currently listed",False
"MCB-SEP","","other","",False,"historical_only","2017-08-21","2025-08-05",177,0,0,0,0,0,False,0,False,False,"Not In Active Readiness Scope","Historical-only / not currently listed",False
"MCB-SEPB","","other","",False,"historical_only","2017-08-28","2025-09-26",146,0,0,0,0,0,False,0,False,False,"Not In Active Readiness Scope","Historical-only / not currently listed",False
"MCBAH","","unknown","",False,"historical_only","2016-07-26","2023-09-01",1172,0,0,0,0,0,False,0,False,False,"Not In Active Readiness Scope","Historical-only / not currently listed",False
"MCBAH-ODL","","unknown","",False,"historical_only","2019-01-21","2020-04-08",52,0,0,0,0,0,False,0,False,False,"Not In Active Readiness Scope","Historical-only / not currently listed",False
"MCBIM","MCB Investment Management Limited.","ordinary_equity","INV. BANKS / INV. COS. / SECURITIES COS.",True,"listed_recently_traded","2016-07-26","2026-08-05",1885,0,0,0,0,0,False,0,False,False,"Data Quality Issue","price is not positive",False
"MCBTFC2","","unknown","",False,"historical_only","2017-09-26","2019-05-24",315,0,0,0,0,0,False,0,False,False,"Not In Active Readiness Scope","Historical-only / not currently listed",False
"MDTL","Media Times Limited","ordinary_equity","TECHNOLOGY & COMMUNICATION",True,"listed_recently_traded","2016-07-26","2026-08-05",2481,2432,2432,1702,364,366,True,2432,True,True,"Ready","Eligible active ordinary equity with sufficient usable history and complete split/scaler artifacts",True
"MDTL-APR","","other","",False,"historical_only","2022-01-31","2022-04-28",63,0,0,0,0,0,False,0,False,False,"Not In Active Readiness Scope","Historical-only / not currently listed",False
"MDTL-AUG","","other","",False,"historical_only","2021-07-26","2021-08-27",9,0,0,0,0,0,False,0,False,False,"Not In Active Readiness Scope","Historical-only / not currently listed",False
"MDTL-CDEC","","unknown","",False,"historical_only","2021-09-27","2021-10-22",19,0,0,0,0,0,False,0,False,False,"Not In Active Readiness Scope","Historical-only / not currently listed",False
"MDTL-CNOV","","unknown","",False,"historical_only","2021-08-30","2021-10-22",39,0,0,0,0,0,False,0,False,False,"Not In Active Readiness Scope","Historical-only / not currently listed",False
"MDTL-COCT","","unknown","",False,"historical_only","2021-08-02","2021-10-22",57,0,0,0,0,0,False,0,False,False,"Not In Active Readiness Scope","Historical-only / not currently listed",False
"MDTL-DEC","","other","",False,"historical_only","2021-09-27","2021-12-31",50,0,0,0,0,0,False,0,False,False,"Not In Active Readiness Scope","Historical-only / not currently listed",False
"MDTL-FEB","","other","",False,"historical_only","2021-11-29","2022-02-25",65,0,0,0,0,0,False,0,False,False,"Not In Active Readiness Scope","Historical-only / not currently listed",False
"MDTL-JAN","","other","",False,"historical_only","2021-11-01","2022-01-28",65,0,0,0,0,0,False,0,False,False,"Not In Active Readiness Scope","Historical-only / not currently listed",False
"MDTL-MAR","","other","",False,"historical_only","2022-01-03","2022-03-25",59,0,0,0,0,0,False,0,False,False,"Not In Active Readiness Scope","Historical-only / not currently listed",False
"MDTL-NOV","","other","",False,"historical_only","2021-08-30","2021-11-26",48,0,0,0,0,0,False,0,False,False,"Not In Active Readiness Scope","Historical-only / not currently listed",False
"MDTL-OCT","","other","",False,"historical_only","2021-07-26","2021-10-29",11,0,0,0,0,0,False,0,False,False,"Not In Active Readiness Scope","Historical-only / not currently listed",False
"MDTL-ODL","","unknown","",False,"historical_only","2019-01-16","2020-04-09",84,0,0,0,0,0,False,0,False,False,"Not In Active Readiness Scope","Historical-only / not currently listed",False
"MEBL","Meezan Bank Limited","ordinary_equity","COMMERCIAL BANKS",True,"listed_recently_traded","2016-07-26","2026-08-05",2466,2417,2417,1691,362,364,True,2417,True,True,"Ready","Eligible active ordinary equity with sufficient usable history and complete split/scaler artifacts",True
"MEBL-APR","","other","",False,"historical_only","2019-03-25","2026-03-13",130,0,0,0,0,0,False,0,False,False,"Not In Active Readiness Scope","Historical-only / not currently listed",False
"MEBL-APRB","","other","",False,"historical_only","2022-02-28","2026-04-24",175,0,0,0,0,0,False,0,False,False,"Not In Active Readiness Scope","Historical-only / not currently listed",False
"MEBL-AUG","","other","",False,"historical_only","2019-07-22","2026-08-05",251,0,0,0,0,0,False,0,False,False,"Not In Active Readiness Scope","Historical-only / not currently listed",False
"MEBL-AUGB","","other","",False,"historical_only","2022-08-15","2025-08-29",44,0,0,0,0,0,False,0,False,False,"Not In Active Readiness Scope","Historical-only / not currently listed",False
"MEBL-CAPR","","unknown","",False,"historical_only","2020-02-03","2021-04-30",121,0,0,0,0,0,False,0,False,False,"Not In Active Readiness Scope","Historical-only / not currently listed",False
"MEBL-CAUG","","unknown","",False,"historical_only","2019-06-03","2020-08-28",120,0,0,0,0,0,False,0,False,False,"Not In Active Readiness Scope","Historical-only / not currently listed",False
"MEBL-CDEC","","unknown","",False,"historical_only","2019-09-30","2021-10-22",146,0,0,0,0,0,False,0,False,False,"Not In Active Readiness Scope","Historical-only / not currently listed",False
"MEBL-CFEB","","unknown","",False,"historical_only","2019-12-02","2021-02-26",126,0,0,0,0,0,False,0,False,False,"Not In Active Readiness Scope","Historical-only / not currently listed",False
"MEBL-CJAN","","unknown","",False,"historical_only","2019-10-28","2021-01-29",133,0,0,0,0,0,False,0,False,False,"Not In Active Readiness Scope","Historical-only / not currently listed",False
"MEBL-CJUL","","unknown","",False,"historical_only","2020-04-27","2020-07-30",64,0,0,0,0,0,False,0,False,False,"Not In Active Readiness Scope","Historical-only / not currently listed",False
"MEBL-CJUN","","unknown","",False,"historical_only","2020-03-30","2020-06-26",60,0,0,0,0,0,False,0,False,False,"Not In Active Readiness Scope","Historical-only / not currently listed",False
"MEBL-CMAR","","unknown","",False,"historical_only","2019-12-30","2021-03-26",124,0,0,0,0,0,False,0,False,False,"Not In Active Readiness Scope","Historical-only / not currently listed",False
"MEBL-CMAY","","unknown","",False,"historical_only","2020-03-02","2021-05-28",117,0,0,0,0,0,False,0,False,False,"Not In Active Readiness Scope","Historical-only / not currently listed",False
"MEBL-CNOV","","unknown","",False,"historical_only","2019-09-02","2021-10-22",166,0,0,0,0,0,False,0,False,False,"Not In Active Readiness Scope","Historical-only / not currently listed",False
"MEBL-COCT","","unknown","",False,"historical_only","2019-07-29","2021-10-22",179,0,0,0,0,0,False,0,False,False,"Not In Active Readiness Scope","Historical-only / not currently listed",False
"MEBL-CSEP","","unknown","",False,"historical_only","2019-07-01","2020-09-25",122,0,0,0,0,0,False,0,False,False,"Not In Active Readiness Scope","Historical-only / not currently listed",False
"MEBL-DEC","","other","",False,"historical_only","2019-11-25","2023-10-27",84,0,0,0,0,0,False,0,False,False,"Not In Active Readiness Scope","Historical-only / not currently listed",False
"MEBL-DECB","","other","",False,"historical_only","2021-10-18","2025-12-26",184,0,0,0,0,0,False,0,False,False,"Not In Active Readiness Scope","Historical-only / not currently listed",False
"MEBL-FEB","","other","",False,"historical_only","2020-01-27","2026-02-27",290,0,0,0,0,0,False,0,False,False,"Not In Active Readiness Scope","Historical-only / not currently listed",False
"MEBL-JAN","","other","",False,"historical_only","2019-12-23","2026-01-30",308,0,0,0,0,0,False,0,False,False,"Not In Active Readiness Scope","Historical-only / not currently listed",False
"MEBL-JUL","","other","",False,"historical_only","2019-06-24","2026-07-31",290,0,0,0,0,0,False,0,False,False,"Not In Active Readiness Scope","Historical-only / not currently listed",False
"MEBL-JUN","","other","",False,"historical_only","2019-05-27","2024-04-26",108,0,0,0,0,0,False,0,False,False,"Not In Active Readiness Scope","Historical-only / not currently listed",False
"MEBL-JUNB","","other","",False,"historical_only","2022-04-26","2026-06-24",174,0,0,0,0,0,False,0,False,False,"Not In Active Readiness Scope","Historical-only / not currently listed",False
"MEBL-MAR","","other","",False,"historical_only","2019-02-18","2026-03-13",218,0,0,0,0,0,False,0,False,False,"Not In Active Readiness Scope","Historical-only / not currently listed",False
"MEBL-MARB","","other","",False,"historical_only","2019-03-04","2026-03-27",112,0,0,0,0,0,False,0,False,False,"Not In Active Readiness Scope","Historical-only / not currently listed",False
"MEBL-MAY","","other","",False,"historical_only","2019-04-22","2024-04-26",172,0,0,0,0,0,False,0,False,False,"Not In Active Readiness Scope","Historical-only / not currently listed",False
"MEBL-MAYB","","other","",False,"historical_only","2019-05-06","2026-04-28",104,0,0,0,0,0,False,0,False,False,"Not In Active Readiness Scope","Historical-only / not currently listed",False
"MEBL-MAYC","","other","",False,"historical_only","2025-04-23","2026-05-29",41,0,0,0,0,0,False,0,False,False,"Not In Active Readiness Scope","Historical-only / not currently listed",False
"MEBL-NOV","","other","",False,"historical_only","2019-10-21","2025-10-31",175,0,0,0,0,0,False,0,False,False,"Not In Active Readiness Scope","Historical-only / not currently listed",False
"MEBL-NOVB","","other","",False,"historical_only","2021-10-25","2025-11-28",107,0,0,0,0,0,False,0,False,False,"Not In Active Readiness Scope","Historical-only / not currently listed",False
"MEBL-OCT","","other","",False,"historical_only","2019-09-23","2024-08-15",91,0,0,0,0,0,False,0,False,False,"Not In Active Readiness Scope","Historical-only / not currently listed",False
"MEBL-OCTB","","other","",False,"historical_only","2021-08-30","2025-10-31",209,0,0,0,0,0,False,0,False,False,"Not In Active Readiness Scope","Historical-only / not currently listed",False
"MEBL-OCTC","","other","",False,"historical_only","2021-10-21","2021-10-29",4,0,0,0,0,0,False,0,False,False,"Not In Active Readiness Scope","Historical-only / not currently listed",False
"MEBL-ODL","","unknown","",False,"historical_only","2019-01-11","2020-04-10",292,0,0,0,0,0,False,0,False,False,"Not In Active Readiness Scope","Historical-only / not currently listed",False
"MEBL-SEP","","other","",False,"historical_only","2019-08-26","2025-08-21",156,0,0,0,0,0,False,0,False,False,"Not In Active Readiness Scope","Historical-only / not currently listed",False
"MEBL-SEPB","","other","",False,"historical_only","2021-09-06","2025-09-26",138,0,0,0,0,0,False,0,False,False,"Not In Active Readiness Scope","Historical-only / not currently listed",False
"MEBLR","","unknown","",False,"historical_only","2017-09-06","2017-09-27",16,0,0,0,0,0,False,0,False,False,"Not In Active Readiness Scope","Historical-only / not currently listed",False
"MEHT","Mehmood Textile Mills Limited","ordinary_equity","TEXTILE COMPOSITE",True,"listed_recently_traded","2016-07-26","2026-08-05",1104,0,0,0,0,0,False,0,False,False,"Data Quality Issue","price is not positive",False
"MEHT-ODL","","unknown","",False,"historical_only","2019-01-23","2020-01-22",17,0,0,0,0,0,False,0,False,False,"Not In Active Readiness Scope","Historical-only / not currently listed",False
"MERIT","Merit Packaging Limited","ordinary_equity","PAPER, BOARD & PACKAGING",True,"listed_recently_traded","2016-07-26","2026-08-05",2447,0,0,0,0,0,False,0,False,False,"Data Quality Issue","price is not positive",False
"MERIT-ODL","","unknown","",False,"historical_only","2019-01-10","2020-04-09",135,0,0,0,0,0,False,0,False,False,"Not In Active Readiness Scope","Historical-only / not currently listed",False
"MERITR1","","unknown","",False,"historical_only","2017-12-04","2017-12-26",16,0,0,0,0,0,False,0,False,False,"Not In Active Readiness Scope","Historical-only / not currently listed",False
"MERITR2","","unknown","",False,"historical_only","2021-10-27","2021-11-18",17,0,0,0,0,0,False,0,False,False,"Not In Active Readiness Scope","Historical-only / not currently listed",False
"META","","unknown","",False,"historical_only","2021-10-25","2024-07-18",487,0,0,0,0,0,False,0,False,False,"Not In Active Readiness Scope","Historical-only / not currently listed",False
"MFFL","Mitchells Fruit Farms Limited","ordinary_equity","FOOD & PERSONAL CARE PRODUCTS",True,"listed_recently_traded","2016-07-26","2026-08-05",2118,0,0,0,0,0,False,0,False,False,"Data Quality Issue","price is not positive",False
"MFFL-ODL","","unknown","",False,"historical_only","2019-01-21","2020-04-10",102,0,0,0,0,0,False,0,False,False,"Not In Active Readiness Scope","Historical-only / not currently listed",False
"MFFLR","","unknown","",False,"historical_only","2020-12-07","2020-12-29",16,0,0,0,0,0,False,0,False,False,"Not In Active Readiness Scope","Historical-only / not currently listed",False
"MFFLR1","","unknown","",False,"historical_only","2026-03-19","2026-04-02",9,0,0,0,0,0,False,0,False,False,"Not In Active Readiness Scope","Historical-only / not currently listed",False
"MFL","Matco Foods Limited","ordinary_equity","FOOD & PERSONAL CARE PRODUCTS",True,"listed_recently_traded","2018-02-13","2026-08-05",2074,0,0,0,0,0,False,0,False,False,"Data Quality Issue","price is not positive",False
"MFL-ODL","","unknown","",False,"historical_only","2019-01-10","2020-04-10",287,0,0,0,0,0,False,0,False,False,"Not In Active Readiness Scope","Historical-only / not currently listed",False
"MFTM","Mohammad Farooq Textile Mills Limited","ordinary_equity","TEXTILE COMPOSITE",True,"non_compliant","2016-07-26","2024-09-26",315,0,0,0,0,0,False,0,False,False,"Not In Active Readiness Scope","Currently listed but not recently traded",False
"MIIETF","Mahaana Islamic Index ETF","etf","EXCHANGE TRADED FUNDS",True,"listed_recently_traded","2024-03-11","2026-08-05",594,545,545,0,0,0,False,0,False,False,"Unsupported Security Type","Per-symbol training supports ordinary_equity only; found etf",False
"MIRKS","Mirpurkhas Sugar Mills Limited","ordinary_equity","SUGAR & ALLIED INDUSTRIES",True,"listed_recently_traded","2016-07-26","2026-08-05",1779,0,0,0,0,0,False,0,False,False,"Data Quality Issue","price is not positive",False
"MIRKS-ODL","","unknown","",False,"historical_only","2019-01-22","2020-04-09",110,0,0,0,0,0,False,0,False,False,"Not In Active Readiness Scope","Historical-only / not currently listed",False
"MIRKSR","","unknown","",False,"historical_only","2024-04-08","2024-04-29",13,0,0,0,0,0,False,0,False,False,"Not In Active Readiness Scope","Historical-only / not currently listed",False
"MLCF","Maple Leaf Cement Factory Limited","ordinary_equity","CEMENT",True,"listed_recently_traded","2016-07-26","2026-08-05",2484,2435,2435,1704,365,366,True,2435,True,True,"Ready","Eligible active ordinary equity with sufficient usable history and complete split/scaler artifacts",True
"MLCF-APR","","other","",False,"historical_only","2017-03-27","2026-04-24",368,0,0,0,0,0,False,0,False,False,"Not In Active Readiness Scope","Historical-only / not currently listed",False
"MLCF-AUG","","other","",False,"historical_only","2017-07-24","2026-08-05",358,0,0,0,0,0,False,0,False,False,"Not In Active Readiness Scope","Historical-only / not currently listed",False
"MLCF-CAPR","","unknown","",False,"historical_only","2017-01-30","2021-04-30",312,0,0,0,0,0,False,0,False,False,"Not In Active Readiness Scope","Historical-only / not currently listed",False
"MLCF-CAUG","","unknown","",False,"historical_only","2017-05-29","2021-08-27",302,0,0,0,0,0,False,0,False,False,"Not In Active Readiness Scope","Historical-only / not currently listed",False
"MLCF-CDEC","","unknown","",False,"historical_only","2017-10-02","2021-10-22",272,0,0,0,0,0,False,0,False,False,"Not In Active Readiness Scope","Historical-only / not currently listed",False
"MLCF-CFEB","","unknown","",False,"historical_only","2017-01-02","2021-02-26",285,0,0,0,0,0,False,0,False,False,"Not In Active Readiness Scope","Historical-only / not currently listed",False
"MLCF-CJAN","","unknown","",False,"historical_only","2017-01-02","2021-01-29",278,0,0,0,0,0,False,0,False,False,"Not In Active Readiness Scope","Historical-only / not currently listed",False
"MLCF-CJUL","","unknown","",False,"historical_only","2017-05-02","2021-07-30",299,0,0,0,0,0,False,0,False,False,"Not In Active Readiness Scope","Historical-only / not currently listed",False
"MLCF-CJUN","","unknown","",False,"historical_only","2017-04-03","2021-06-25",299,0,0,0,0,0,False,0,False,False,"Not In Active Readiness Scope","Historical-only / not currently listed",False
"MLCF-CMAR","","unknown","",False,"historical_only","2017-01-02","2021-03-26",314,0,0,0,0,0,False,0,False,False,"Not In Active Readiness Scope","Historical-only / not currently listed",False
"MLCF-CMAY","","unknown","",False,"historical_only","2017-02-27","2021-05-28",311,0,0,0,0,0,False,0,False,False,"Not In Active Readiness Scope","Historical-only / not currently listed",False
"MLCF-CNOV","","unknown","",False,"historical_only","2017-08-28","2021-10-22",291,0,0,0,0,0,False,0,False,False,"Not In Active Readiness Scope","Historical-only / not currently listed",False
"MLCF-COCT","","unknown","",False,"historical_only","2017-07-31","2021-10-22",300,0,0,0,0,0,False,0,False,False,"Not In Active Readiness Scope","Historical-only / not currently listed",False
"MLCF-CSEP","","unknown","",False,"historical_only","2017-07-03","2021-09-24",302,0,0,0,0,0,False,0,False,False,"Not In Active Readiness Scope","Historical-only / not currently listed",False
"MLCF-DEC","","other","",False,"historical_only","2017-11-20","2025-12-26",321,0,0,0,0,0,False,0,False,False,"Not In Active Readiness Scope","Historical-only / not currently listed",False
"MLCF-FEB","","other","",False,"historical_only","2017-01-23","2026-02-27",374,0,0,0,0,0,False,0,False,False,"Not In Active Readiness Scope","Historical-only / not currently listed",False
"MLCF-JAN","","other","",False,"historical_only","2017-01-02","2026-01-30",372,0,0,0,0,0,False,0,False,False,"Not In Active Readiness Scope","Historical-only / not currently listed",False
"MLCF-JUL","","other","",False,"historical_only","2017-06-29","2026-07-31",361,0,0,0,0,0,False,0,False,False,"Not In Active Readiness Scope","Historical-only / not currently listed",False
"MLCF-JUN","","other","",False,"historical_only","2017-05-22","2026-06-24",348,0,0,0,0,0,False,0,False,False,"Not In Active Readiness Scope","Historical-only / not currently listed",False
"MLCF-MAR","","other","",False,"historical_only","2017-02-20","2026-03-27",373,0,0,0,0,0,False,0,False,False,"Not In Active Readiness Scope","Historical-only / not currently listed",False
"MLCF-MAY","","other","",False,"historical_only","2017-04-24","2026-05-29",359,0,0,0,0,0,False,0,False,False,"Not In Active Readiness Scope","Historical-only / not currently listed",False
"MLCF-NOV","","other","",False,"historical_only","2017-10-23","2025-11-28",339,0,0,0,0,0,False,0,False,False,"Not In Active Readiness Scope","Historical-only / not currently listed",False
"MLCF-OCT","","other","",False,"historical_only","2017-09-25","2025-10-31",356,0,0,0,0,0,False,0,False,False,"Not In Active Readiness Scope","Historical-only / not currently listed",False
"MLCF-ODL","","unknown","",False,"historical_only","2019-01-10","2020-04-10",308,0,259,0,0,0,False,0,False,False,"Not In Active Readiness Scope","Historical-only / not currently listed",False
"MLCF-SEP","","other","",False,"historical_only","2017-08-21","2025-09-26",343,0,0,0,0,0,False,0,False,False,"Not In Active Readiness Scope","Historical-only / not currently listed",False
"MLCFR","","unknown","",False,"historical_only","2017-09-25","2017-10-17",17,0,0,0,0,0,False,0,False,False,"Not In Active Readiness Scope","Historical-only / not currently listed",False
"MLCFR1","","unknown","",False,"historical_only","2019-11-14","2019-12-06",17,0,0,0,0,0,False,0,False,False,"Not In Active Readiness Scope","Historical-only / not currently listed",False
"MLCFR1-ODL","","unknown","",False,"historical_only","2019-11-14","2019-12-06",17,0,0,0,0,0,False,0,False,False,"Not In Active Readiness Scope","Historical-only / not currently listed",False
"MODAM","","unknown","",False,"historical_only","2016-07-26","2024-04-19",1462,0,0,0,0,0,False,0,False,False,"Not In Active Readiness Scope","Historical-only / not currently listed",False
"MODAM-ODL","","unknown","",False,"historical_only","2019-01-23","2020-03-19",63,0,0,0,0,0,False,0,False,False,"Not In Active Readiness Scope","Historical-only / not currently listed",False
"MODAMR","","unknown","",False,"historical_only","2021-11-04","2021-11-26",17,0,0,0,0,0,False,0,False,False,"Not In Active Readiness Scope","Historical-only / not currently listed",False
"MODAMR1","","unknown","",False,"historical_only","2023-06-06","2023-06-23",14,0,0,0,0,0,False,0,False,False,"Not In Active Readiness Scope","Historical-only / not currently listed",False
"MOHE","Mohib Exports Limited","ordinary_equity","TEXTILE WEAVING",True,"non_compliant","2021-10-25","2024-09-26",21,0,0,0,0,0,False,0,False,False,"Not In Active Readiness Scope","Currently listed but not recently traded",False
"MOIL","","unknown","",False,"historical_only","2016-07-26","2017-01-27",128,0,0,0,0,0,False,0,False,False,"Not In Active Readiness Scope","Historical-only / not currently listed",False
"MOON","","unknown","",False,"historical_only","2016-07-26","2017-01-27",128,0,0,0,0,0,False,0,False,False,"Not In Active Readiness Scope","Historical-only / not currently listed",False
"MQTM","Maqbool Textile Mills Limited","ordinary_equity","TEXTILE SPINNING",True,"listed_recently_traded","2016-07-26","2026-08-05",1023,0,0,0,0,0,False,0,False,False,"Data Quality Issue","price is not positive",False
"MQTM-ODL","","unknown","",False,"historical_only","2019-01-10","2020-02-19",20,0,0,0,0,0,False,0,False,False,"Not In Active Readiness Scope","Historical-only / not currently listed",False
"MRNS","Mehran Sugar Mills Limited","ordinary_equity","SUGAR & ALLIED INDUSTRIES",True,"listed_recently_traded","2016-07-26","2026-08-05",2097,0,0,0,0,0,False,0,False,False,"Data Quality Issue","price is not positive",False
"MRNS-ODL","","unknown","",False,"historical_only","2019-01-10","2020-04-07",181,0,0,0,0,0,False,0,False,False,"Not In Active Readiness Scope","Historical-only / not currently listed",False
"MSCL","Metropolitan Steel Corporation Limited","ordinary_equity","ENGINEERING",True,"listed_recently_traded","2016-07-26","2026-08-05",1409,0,0,0,0,0,False,0,False,False,"Data Quality Issue","price is not positive",False
"MSCL-ODL","","unknown","",False,"historical_only","2019-01-18","2020-03-20",74,0,0,0,0,0,False,0,False,False,"Not In Active Readiness Scope","Historical-only / not currently listed",False
"MSOT","Masood Textile Mills Limited","ordinary_equity","APPAREL",True,"listed_recently_traded","2016-07-26","2026-08-05",1688,0,0,0,0,0,False,0,False,False,"Data Quality Issue","price is not positive",False
"MSOT-ODL","","unknown","",False,"historical_only","2019-01-10","2020-04-08",61,0,0,0,0,0,False,0,False,False,"Not In Active Readiness Scope","Historical-only / not currently listed",False
"MSOTPS","Masood Textile (Pref)","preference_share","APPAREL",True,"listed_not_recently_traded","2021-06-21","2024-09-26",33,0,0,0,0,0,False,0,False,False,"Not In Active Readiness Scope","Currently listed but not recently traded",False
"MSOTR1","","unknown","",False,"historical_only","2017-01-04","2017-01-20",13,0,0,0,0,0,False,0,False,False,"Not In Active Readiness Scope","Historical-only / not currently listed",False
"MTIL","","unknown","",False,"historical_only","2016-07-26","2021-09-03",1014,0,0,0,0,0,False,0,False,False,"Not In Active Readiness Scope","Historical-only / not currently listed",False
"MTIL-ODL","","unknown","",False,"historical_only","2019-01-10","2020-04-08",64,0,0,0,0,0,False,0,False,False,"Not In Active Readiness Scope","Historical-only / not currently listed",False
"MTL","Millat Tractors Limited","ordinary_equity","AUTOMOBILE ASSEMBLER",True,"listed_recently_traded","2016-07-26","2026-08-05",2484,2435,2435,1704,365,366,True,2435,True,True,"Ready","Eligible active ordinary equity with sufficient usable history and complete split/scaler artifacts",True
"MTL-APR","","other","",False,"historical_only","2022-01-31","2024-03-06",69,0,0,0,0,0,False,0,False,False,"Not In Active Readiness Scope","Historical-only / not currently listed",False
"MTL-APRB","","other","",False,"historical_only","2022-02-28","2026-04-24",155,0,0,0,0,0,False,0,False,False,"Not In Active Readiness Scope","Historical-only / not currently listed",False
"MTL-AUG","","other","",False,"historical_only","2022-05-30","2025-08-29",153,0,0,0,0,0,False,0,False,False,"Not In Active Readiness Scope","Historical-only / not currently listed",False
"MTL-AUGB","","other","",False,"historical_only","2023-06-14","2026-08-05",58,0,0,0,0,0,False,0,False,False,"Not In Active Readiness Scope","Historical-only / not currently listed",False
"MTL-DEC","","other","",False,"historical_only","2022-10-03","2024-12-27",149,0,0,0,0,0,False,0,False,False,"Not In Active Readiness Scope","Historical-only / not currently listed",False
"MTL-DECB","","other","",False,"historical_only","2025-11-26","2025-12-26",18,0,0,0,0,0,False,0,False,False,"Not In Active Readiness Scope","Historical-only / not currently listed",False
"MTL-FEB","","other","",False,"historical_only","2022-02-01","2026-02-27",189,0,0,0,0,0,False,0,False,False,"Not In Active Readiness Scope","Historical-only / not currently listed",False
"MTL-JAN","","other","",False,"historical_only","2022-10-31","2026-01-30",180,0,0,0,0,0,False,0,False,False,"Not In Active Readiness Scope","Historical-only / not currently listed",False
"MTL-JUL","","other","",False,"historical_only","2022-05-06","2025-07-25",166,0,0,0,0,0,False,0,False,False,"Not In Active Readiness Scope","Historical-only / not currently listed",False
"MTL-JULB","","other","",False,"historical_only","2023-06-14","2026-07-31",53,0,0,0,0,0,False,0,False,False,"Not In Active Readiness Scope","Historical-only / not currently listed",False
"MTL-JUN","","other","",False,"historical_only","2022-03-28","2026-06-17",162,0,0,0,0,0,False,0,False,False,"Not In Active Readiness Scope","Historical-only / not currently listed",False
"MTL-JUNB","","other","",False,"historical_only","2022-05-06","2026-06-24",52,0,0,0,0,0,False,0,False,False,"Not In Active Readiness Scope","Historical-only / not currently listed",False
"MTL-MAR","","other","",False,"historical_only","2022-02-01","2026-02-16",112,0,0,0,0,0,False,0,False,False,"Not In Active Readiness Scope","Historical-only / not currently listed",False
"MTL-MARB","","other","",False,"historical_only","2022-02-28","2026-03-27",97,0,0,0,0,0,False,0,False,False,"Not In Active Readiness Scope","Historical-only / not currently listed",False
"MTL-MAY","","other","",False,"historical_only","2022-02-28","2026-05-29",156,0,0,0,0,0,False,0,False,False,"Not In Active Readiness Scope","Historical-only / not currently listed",False
"MTL-MAYB","","other","",False,"historical_only","2022-05-06","2024-05-31",75,0,0,0,0,0,False,0,False,False,"Not In Active Readiness Scope","Historical-only / not currently listed",False
"MTL-NOV","","other","",False,"historical_only","2022-08-29","2025-09-30",98,0,0,0,0,0,False,0,False,False,"Not In Active Readiness Scope","Historical-only / not currently listed",False
"MTL-NOVB","","other","",False,"historical_only","2022-09-26","2025-11-28",101,0,0,0,0,0,False,0,False,False,"Not In Active Readiness Scope","Historical-only / not currently listed",False
"MTL-OCT","","other","",False,"historical_only","2022-08-01","2025-10-13",149,0,0,0,0,0,False,0,False,False,"Not In Active Readiness Scope","Historical-only / not currently listed",False
"MTL-OCTB","","other","",False,"historical_only","2022-09-26","2025-10-30",52,0,0,0,0,0,False,0,False,False,"Not In Active Readiness Scope","Historical-only / not currently listed",False
"MTL-ODL","","unknown","",False,"historical_only","2019-01-10","2020-04-10",302,0,253,0,0,0,False,0,False,False,"Not In Active Readiness Scope","Historical-only / not currently listed",False
"MTL-SEP","","other","",False,"historical_only","2022-06-27","2025-09-26",211,0,0,0,0,0,False,0,False,False,"Not In Active Readiness Scope","Historical-only / not currently listed",False
"MUBT","Mubarak Textile Mills Limited","ordinary_equity","TEXTILE COMPOSITE",True,"non_compliant","2016-07-26","2024-09-26",457,0,0,0,0,0,False,0,False,False,"Not In Active Readiness Scope","Currently listed but not recently traded",False
"MUBT-ODL","","unknown","",False,"historical_only","2019-01-23","2019-02-21",4,0,0,0,0,0,False,0,False,False,"Not In Active Readiness Scope","Historical-only / not currently listed",False
"MUGHAL","Mughal Iron & Steel Industries Limited","ordinary_equity","ENGINEERING",True,"listed_recently_traded","2016-07-26","2026-08-05",2484,2435,2435,1704,365,366,True,2435,True,True,"Ready","Eligible active ordinary equity with sufficient usable history and complete split/scaler artifacts",True
"MUGHAL-APR","","other","",False,"historical_only","2018-03-26","2026-04-24",269,0,0,0,0,0,False,0,False,False,"Not In Active Readiness Scope","Historical-only / not currently listed",False
"MUGHAL-APRB","","other","",False,"historical_only","2022-02-21","2025-04-25",69,0,0,0,0,0,False,0,False,False,"Not In Active Readiness Scope","Historical-only / not currently listed",False
"MUGHAL-AUG","","other","",False,"historical_only","2019-07-22","2026-08-05",291,0,0,0,0,0,False,0,False,False,"Not In Active Readiness Scope","Historical-only / not currently listed",False
"MUGHAL-CAPR","","unknown","",False,"historical_only","2021-02-01","2021-04-30",63,0,0,0,0,0,False,0,False,False,"Not In Active Readiness Scope","Historical-only / not currently listed",False
"MUGHAL-CAUG","","unknown","",False,"historical_only","2018-05-28","2021-08-27",242,0,0,0,0,0,False,0,False,False,"Not In Active Readiness Scope","Historical-only / not currently listed",False
"MUGHAL-CDEC","","unknown","",False,"historical_only","2018-10-01","2021-10-22",145,0,0,0,0,0,False,0,False,False,"Not In Active Readiness Scope","Historical-only / not currently listed",False
"MUGHAL-CFEB","","unknown","",False,"historical_only","2020-11-30","2021-02-26",63,0,0,0,0,0,False,0,False,False,"Not In Active Readiness Scope","Historical-only / not currently listed",False
"MUGHAL-CJAN","","unknown","",False,"historical_only","2020-11-02","2021-01-29",64,0,0,0,0,0,False,0,False,False,"Not In Active Readiness Scope","Historical-only / not currently listed",False
"MUGHAL-CJUL","","unknown","",False,"historical_only","2018-04-30","2021-07-30",239,0,0,0,0,0,False,0,False,False,"Not In Active Readiness Scope","Historical-only / not currently listed",False
"MUGHAL-CJUN","","unknown","",False,"historical_only","2018-04-02","2021-06-25",239,0,0,0,0,0,False,0,False,False,"Not In Active Readiness Scope","Historical-only / not currently listed",False
"MUGHAL-CMAR","","unknown","",False,"historical_only","2020-12-30","2021-03-26",61,0,0,0,0,0,False,0,False,False,"Not In Active Readiness Scope","Historical-only / not currently listed",False
"MUGHAL-CMAY","","unknown","",False,"historical_only","2018-02-26","2021-05-28",121,0,0,0,0,0,False,0,False,False,"Not In Active Readiness Scope","Historical-only / not currently listed",False
"MUGHAL-CNOV","","unknown","",False,"historical_only","2019-09-02","2021-10-22",166,0,0,0,0,0,False,0,False,False,"Not In Active Readiness Scope","Historical-only / not currently listed",False
"MUGHAL-COCT","","unknown","",False,"historical_only","2019-07-29","2021-10-22",179,0,0,0,0,0,False,0,False,False,"Not In Active Readiness Scope","Historical-only / not currently listed",False
"MUGHAL-CSEP","","unknown","",False,"historical_only","2018-07-02","2021-09-24",240,0,0,0,0,0,False,0,False,False,"Not In Active Readiness Scope","Historical-only / not currently listed",False
"MUGHAL-DEC","","other","",False,"historical_only","2019-11-25","2025-12-26",261,0,0,0,0,0,False,0,False,False,"Not In Active Readiness Scope","Historical-only / not currently listed",False
"MUGHAL-FEB","","other","",False,"historical_only","2020-01-27","2026-02-27",293,0,0,0,0,0,False,0,False,False,"Not In Active Readiness Scope","Historical-only / not currently listed",False
"MUGHAL-JAN","","other","",False,"historical_only","2019-12-23","2026-01-30",305,0,0,0,0,0,False,0,False,False,"Not In Active Readiness Scope","Historical-only / not currently listed",False
"MUGHAL-JUL","","other","",False,"historical_only","2018-06-25","2026-07-31",338,0,0,0,0,0,False,0,False,False,"Not In Active Readiness Scope","Historical-only / not currently listed",False
"MUGHAL-JUN","","other","",False,"historical_only","2018-05-21","2026-06-24",312,0,0,0,0,0,False,0,False,False,"Not In Active Readiness Scope","Historical-only / not currently listed",False
"MUGHAL-MAR","","other","",False,"historical_only","2018-02-19","2026-03-27",304,0,0,0,0,0,False,0,False,False,"Not In Active Readiness Scope","Historical-only / not currently listed",False
"MUGHAL-MARB","","other","",False,"historical_only","2022-02-21","2025-03-27",41,0,0,0,0,0,False,0,False,False,"Not In Active Readiness Scope","Historical-only / not currently listed",False
"MUGHAL-MAY","","other","",False,"historical_only","2018-04-23","2026-05-29",334,0,0,0,0,0,False,0,False,False,"Not In Active Readiness Scope","Historical-only / not currently listed",False
"MUGHAL-NOV","","other","",False,"historical_only","2019-10-21","2025-11-28",214,0,0,0,0,0,False,0,False,False,"Not In Active Readiness Scope","Historical-only / not currently listed",False
"MUGHAL-NOVB","","other","",False,"historical_only","2021-09-27","2023-11-24",73,0,0,0,0,0,False,0,False,False,"Not In Active Readiness Scope","Historical-only / not currently listed",False
"MUGHAL-OCT","","other","",False,"historical_only","2018-09-24","2025-10-31",289,0,0,0,0,0,False,0,False,False,"Not In Active Readiness Scope","Historical-only / not currently listed",False
"MUGHAL-OCTB","","other","",False,"historical_only","2021-09-29","2023-10-27",44,0,0,0,0,0,False,0,False,False,"Not In Active Readiness Scope","Historical-only / not currently listed",False
"MUGHAL-ODL","","unknown","",False,"historical_only","2019-01-10","2020-04-10",299,0,0,0,0,0,False,0,False,False,"Not In Active Readiness Scope","Historical-only / not currently listed",False
"MUGHAL-SEP","","other","",False,"historical_only","2019-08-26","2025-09-26",288,0,0,0,0,0,False,0,False,False,"Not In Active Readiness Scope","Historical-only / not currently listed",False
"MUGHALC","Mughal Iron & Steel Industries Ltd(C)","ordinary_equity","ENGINEERING",True,"listed_recently_traded","2025-06-17","2026-08-05",272,223,223,0,0,0,False,0,False,False,"Insufficient History","223 usable rows; minimum is 252",False
"MUGHALR","","unknown","",False,"historical_only","2017-04-20","2017-05-25",25,0,0,0,0,0,False,0,False,False,"Not In Active Readiness Scope","Historical-only / not currently listed",False
"MUGHALR1","","unknown","",False,"historical_only","2021-03-25","2021-04-16",17,0,0,0,0,0,False,0,False,False,"Not In Active Readiness Scope","Historical-only / not currently listed",False
"MUGHALR2","","unknown","",False,"historical_only","2025-03-24","2025-04-04",6,0,0,0,0,0,False,0,False,False,"Not In Active Readiness Scope","Historical-only / not currently listed",False
"MUREB","Murree Brewery Company Limited","ordinary_equity","FOOD & PERSONAL CARE PRODUCTS",True,"listed_recently_traded","2016-07-26","2026-08-05",2217,0,0,0,0,0,False,0,False,False,"Data Quality Issue","price is not positive",False
"MUREB-ODL","","unknown","",False,"historical_only","2019-01-10","2020-04-09",184,0,0,0,0,0,False,0,False,False,"Not In Active Readiness Scope","Historical-only / not currently listed",False
"MWMP","Mandviwala Mauser Plastic Industries","ordinary_equity","MISCELLANEOUS",True,"listed_recently_traded","2016-07-26","2026-08-05",670,0,0,0,0,0,False,0,False,False,"Data Quality Issue","price is not positive",False
"MZNPETF","Meezan Pakistan ETF","etf","EXCHANGE TRADED FUNDS",True,"listed_recently_traded","2020-10-06","2026-08-05",1439,1390,1390,0,0,0,False,0,False,False,"Unsupported Security Type","Per-symbol training supports ordinary_equity only; found etf",False
"MZNPETF-APR","","other","",False,"historical_only","2022-01-31","2024-04-26",180,0,0,0,0,0,False,0,False,False,"Not In Active Readiness Scope","Historical-only / not currently listed",False
"MZNPETF-AUG","","other","",False,"historical_only","2022-05-30","2024-06-25",134,0,0,0,0,0,False,0,False,False,"Not In Active Readiness Scope","Historical-only / not currently listed",False
"MZNPETF-AUGB","","other","",False,"historical_only","2024-06-24","2024-08-30",46,0,0,0,0,0,False,0,False,False,"Not In Active Readiness Scope","Historical-only / not currently listed",False
"MZNPETF-DEC","","other","",False,"historical_only","2022-10-03","2023-12-29",126,0,0,0,0,0,False,0,False,False,"Not In Active Readiness Scope","Historical-only / not currently listed",False
"MZNPETF-FEB","","other","",False,"historical_only","2022-02-01","2024-02-23",145,0,0,0,0,0,False,0,False,False,"Not In Active Readiness Scope","Historical-only / not currently listed",False
"MZNPETF-JAN","","other","",False,"historical_only","2022-10-31","2024-01-26",126,0,0,0,0,0,False,0,False,False,"Not In Active Readiness Scope","Historical-only / not currently listed",False
"MZNPETF-JUL","","other","",False,"historical_only","2022-05-06","2026-06-18",154,0,0,0,0,0,False,0,False,False,"Not In Active Readiness Scope","Historical-only / not currently listed",False
"MZNPETF-JULB","","other","",False,"historical_only","2024-06-24","2026-07-30",25,0,0,0,0,0,False,0,False,False,"Not In Active Readiness Scope","Historical-only / not currently listed",False
"MZNPETF-JUN","","other","",False,"historical_only","2022-03-28","2024-06-25",163,0,0,0,0,0,False,0,False,False,"Not In Active Readiness Scope","Historical-only / not currently listed",False
"MZNPETF-MAR","","other","",False,"historical_only","2022-02-01","2024-03-29",164,0,0,0,0,0,False,0,False,False,"Not In Active Readiness Scope","Historical-only / not currently listed",False
"MZNPETF-MAY","","other","",False,"historical_only","2022-02-28","2024-05-31",178,0,0,0,0,0,False,0,False,False,"Not In Active Readiness Scope","Historical-only / not currently listed",False
"MZNPETF-NOV","","other","",False,"historical_only","2022-08-29","2024-09-26",143,0,0,0,0,0,False,0,False,False,"Not In Active Readiness Scope","Historical-only / not currently listed",False
"MZNPETF-OCT","","other","",False,"historical_only","2022-08-01","2024-09-26",164,0,0,0,0,0,False,0,False,False,"Not In Active Readiness Scope","Historical-only / not currently listed",False
"MZNPETF-SEP","","other","",False,"historical_only","2022-06-27","2024-09-26",183,0,0,0,0,0,False,0,False,False,"Not In Active Readiness Scope","Historical-only / not currently listed",False
"MZSM","","unknown","",False,"historical_only","2016-07-26","2018-05-08",444,0,0,0,0,0,False,0,False,False,"Not In Active Readiness Scope","Historical-only / not currently listed",False
"NAFL","National Fibres Limited","ordinary_equity","SYNTHETIC & RAYON",True,"non_compliant","2021-10-25","2024-09-26",21,0,0,0,0,0,False,0,False,False,"Not In Active Readiness Scope","Currently listed but not recently traded",False
"NAGC","Nagina Cotton Mills Limited","ordinary_equity","TEXTILE SPINNING",True,"listed_recently_traded","2016-07-26","2026-08-05",1316,0,0,0,0,0,False,0,False,False,"Data Quality Issue","price is not positive",False
"NAGC-ODL","","unknown","",False,"historical_only","2019-01-10","2020-03-18",29,0,0,0,0,0,False,0,False,False,"Not In Active Readiness Scope","Historical-only / not currently listed",False
"NATF","National Foods Limited","ordinary_equity","FOOD & PERSONAL CARE PRODUCTS",True,"listed_recently_traded","2016-07-26","2026-08-05",2408,0,0,0,0,0,False,0,False,False,"Data Quality Issue","price is not positive",False
"NATF-APR","","other","",False,"historical_only","2024-01-29","2026-03-02",28,0,0,0,0,0,False,0,False,False,"Not In Active Readiness Scope","Historical-only / not currently listed",False
"NATF-APRB","","other","",False,"historical_only","2024-03-04","2026-04-24",44,0,0,0,0,0,False,0,False,False,"Not In Active Readiness Scope","Historical-only / not currently listed",False
"NATF-AUG","","other","",False,"historical_only","2024-06-03","2026-08-05",63,0,0,0,0,0,False,0,False,False,"Not In Active Readiness Scope","Historical-only / not currently listed",False
"NATF-DEC","","other","",False,"historical_only","2023-10-30","2025-12-24",56,0,0,0,0,0,False,0,False,False,"Not In Active Readiness Scope","Historical-only / not currently listed",False
"NATF-FEB","","other","",False,"historical_only","2023-11-27","2026-02-27",71,0,0,0,0,0,False,0,False,False,"Not In Active Readiness Scope","Historical-only / not currently listed",False
"NATF-JAN","","other","",False,"historical_only","2023-10-30","2026-01-30",72,0,0,0,0,0,False,0,False,False,"Not In Active Readiness Scope","Historical-only / not currently listed",False
"NATF-JUL","","other","",False,"historical_only","2024-04-29","2024-07-26",58,0,0,0,0,0,False,0,False,False,"Not In Active Readiness Scope","Historical-only / not currently listed",False
"NATF-JULB","","other","",False,"historical_only","2026-06-23","2026-07-16",5,0,0,0,0,0,False,0,False,False,"Not In Active Readiness Scope","Historical-only / not currently listed",False
"NATF-JUN","","other","",False,"historical_only","2024-04-01","2024-06-28",56,0,0,0,0,0,False,0,False,False,"Not In Active Readiness Scope","Historical-only / not currently listed",False
"NATF-JUNB","","other","",False,"historical_only","2026-06-05","2026-06-24",10,0,0,0,0,0,False,0,False,False,"Not In Active Readiness Scope","Historical-only / not currently listed",False
"NATF-MAR","","other","",False,"historical_only","2024-01-01","2026-03-02",50,0,0,0,0,0,False,0,False,False,"Not In Active Readiness Scope","Historical-only / not currently listed",False
"NATF-MARB","","other","",False,"historical_only","2024-03-04","2026-03-27",25,0,0,0,0,0,False,0,False,False,"Not In Active Readiness Scope","Historical-only / not currently listed",False
"NATF-MAY","","other","",False,"historical_only","2024-02-26","2026-05-06",10,0,0,0,0,0,False,0,False,False,"Not In Active Readiness Scope","Historical-only / not currently listed",False
"NATF-MAYB","","other","",False,"historical_only","2024-03-04","2026-05-29",68,0,0,0,0,0,False,0,False,False,"Not In Active Readiness Scope","Historical-only / not currently listed",False
"NATF-NOV","","other","",False,"historical_only","2023-10-30","2023-11-24",19,0,0,0,0,0,False,0,False,False,"Not In Active Readiness Scope","Historical-only / not currently listed",False
"NATF-OCT","","other","",False,"historical_only","2024-07-29","2024-09-27",43,0,0,0,0,0,False,0,False,False,"Not In Active Readiness Scope","Historical-only / not currently listed",False
"NATF-ODL","","unknown","",False,"historical_only","2019-01-10","2020-04-10",227,0,0,0,0,0,False,0,False,False,"Not In Active Readiness Scope","Historical-only / not currently listed",False
"NATF-SEP","","other","",False,"historical_only","2024-07-01","2024-09-27",61,0,0,0,0,0,False,0,False,False,"Not In Active Readiness Scope","Historical-only / not currently listed",False
"NATM","Nadeem Textile Mills Limited","ordinary_equity","TEXTILE SPINNING",True,"listed_recently_traded","2016-07-26","2026-07-20",183,0,0,0,0,0,False,0,False,False,"Data Quality Issue","price is not positive",False
"NATM-ODL","","unknown","",False,"historical_only","2019-01-23","2019-01-24",2,0,0,0,0,0,False,0,False,False,"Not In Active Readiness Scope","Historical-only / not currently listed",False
"NBP","National Bank of Pakistan","ordinary_equity","COMMERCIAL BANKS",True,"listed_recently_traded","2016-07-26","2026-08-05",2484,2435,2435,1704,365,366,True,2435,True,True,"Ready","Eligible active ordinary equity with sufficient usable history and complete split/scaler artifacts",True
"NBP-APR","","other","",False,"historical_only","2017-03-27","2026-03-16",287,0,0,0,0,0,False,0,False,False,"Not In Active Readiness Scope","Historical-only / not currently listed",False
"NBP-APRB","","other","",False,"historical_only","2022-03-09","2026-04-24",86,0,0,0,0,0,False,0,False,False,"Not In Active Readiness Scope","Historical-only / not currently listed",False
"NBP-AUG","","other","",False,"historical_only","2017-07-24","2026-08-05",342,0,0,0,0,0,False,0,False,False,"Not In Active Readiness Scope","Historical-only / not currently listed",False
"NBP-CAPR","","unknown","",False,"historical_only","2017-01-30","2021-04-30",312,0,0,0,0,0,False,0,False,False,"Not In Active Readiness Scope","Historical-only / not currently listed",False
"NBP-CAUG","","unknown","",False,"historical_only","2017-05-29","2021-08-27",302,0,0,0,0,0,False,0,False,False,"Not In Active Readiness Scope","Historical-only / not currently listed",False
"NBP-CDEC","","unknown","",False,"historical_only","2017-10-02","2025-12-26",288,0,0,0,0,0,False,0,False,False,"Not In Active Readiness Scope","Historical-only / not currently listed",False
"NBP-CFEB","","unknown","",False,"historical_only","2017-01-02","2021-02-26",285,0,0,0,0,0,False,0,False,False,"Not In Active Readiness Scope","Historical-only / not currently listed",False
"NBP-CJAN","","unknown","",False,"historical_only","2017-01-02","2026-01-26",290,0,0,0,0,0,False,0,False,False,"Not In Active Readiness Scope","Historical-only / not currently listed",False
"NBP-CJUL","","unknown","",False,"historical_only","2017-05-02","2021-07-30",299,0,0,0,0,0,False,0,False,False,"Not In Active Readiness Scope","Historical-only / not currently listed",False
"NBP-CJUN","","unknown","",False,"historical_only","2017-04-03","2021-06-25",299,0,0,0,0,0,False,0,False,False,"Not In Active Readiness Scope","Historical-only / not currently listed",False
"NBP-CMAR","","unknown","",False,"historical_only","2017-01-02","2021-03-26",314,0,0,0,0,0,False,0,False,False,"Not In Active Readiness Scope","Historical-only / not currently listed",False
"NBP-CMAY","","unknown","",False,"historical_only","2017-02-27","2021-05-28",311,0,0,0,0,0,False,0,False,False,"Not In Active Readiness Scope","Historical-only / not currently listed",False
"NBP-CNOV","","unknown","",False,"historical_only","2017-08-28","2021-10-22",291,0,0,0,0,0,False,0,False,False,"Not In Active Readiness Scope","Historical-only / not currently listed",False
"NBP-COCT","","unknown","",False,"historical_only","2017-07-31","2021-10-22",300,0,0,0,0,0,False,0,False,False,"Not In Active Readiness Scope","Historical-only / not currently listed",False
"NBP-CSEP","","unknown","",False,"historical_only","2017-07-03","2021-09-24",302,0,0,0,0,0,False,0,False,False,"Not In Active Readiness Scope","Historical-only / not currently listed",False
"NBP-DEC","","other","",False,"historical_only","2017-11-20","2025-12-26",320,0,0,0,0,0,False,0,False,False,"Not In Active Readiness Scope","Historical-only / not currently listed",False
"NBP-FEB","","other","",False,"historical_only","2017-01-23","2026-02-27",370,0,0,0,0,0,False,0,False,False,"Not In Active Readiness Scope","Historical-only / not currently listed",False
"NBP-JAN","","other","",False,"historical_only","2017-01-02","2026-01-30",377,0,0,0,0,0,False,0,False,False,"Not In Active Readiness Scope","Historical-only / not currently listed",False
"NBP-JUL","","other","",False,"historical_only","2017-06-29","2026-07-31",360,0,0,0,0,0,False,0,False,False,"Not In Active Readiness Scope","Historical-only / not currently listed",False
"NBP-JUN","","other","",False,"historical_only","2017-05-22","2026-06-24",344,0,0,0,0,0,False,0,False,False,"Not In Active Readiness Scope","Historical-only / not currently listed",False
"NBP-MAR","","other","",False,"historical_only","2017-02-20","2026-03-16",356,0,0,0,0,0,False,0,False,False,"Not In Active Readiness Scope","Historical-only / not currently listed",False
"NBP-MARB","","other","",False,"historical_only","2022-03-09","2026-03-27",37,0,0,0,0,0,False,0,False,False,"Not In Active Readiness Scope","Historical-only / not currently listed",False
"NBP-MAY","","other","",False,"historical_only","2017-04-24","2024-05-31",251,0,0,0,0,0,False,0,False,False,"Not In Active Readiness Scope","Historical-only / not currently listed",False
"NBP-MAYB","","other","",False,"historical_only","2022-03-09","2026-05-29",111,0,0,0,0,0,False,0,False,False,"Not In Active Readiness Scope","Historical-only / not currently listed",False
"NBP-NOV","","other","",False,"historical_only","2017-10-23","2025-11-28",336,0,0,0,0,0,False,0,False,False,"Not In Active Readiness Scope","Historical-only / not currently listed",False
"NBP-OCT","","other","",False,"historical_only","2017-09-25","2025-10-31",345,0,0,0,0,0,False,0,False,False,"Not In Active Readiness Scope","Historical-only / not currently listed",False
"NBP-ODL","","unknown","",False,"historical_only","2019-01-10","2020-04-10",306,0,0,0,0,0,False,0,False,False,"Not In Active Readiness Scope","Historical-only / not currently listed",False
"NBP-SEP","","other","",False,"historical_only","2017-08-21","2025-09-26",338,0,0,0,0,0,False,0,False,False,"Not In Active Readiness Scope","Historical-only / not currently listed",False
"NBPGETF","NBP Pakistan Growth ETF","etf","EXCHANGE TRADED FUNDS",True,"listed_recently_traded","2020-10-06","2026-08-05",747,0,0,0,0,0,False,0,False,False,"Data Quality Issue","price is not positive",False
"NBPGETF-APR","","other","",False,"historical_only","2022-01-31","2024-04-26",182,0,0,0,0,0,False,0,False,False,"Not In Active Readiness Scope","Historical-only / not currently listed",False
"NBPGETF-AUG","","other","",False,"historical_only","2022-05-30","2024-06-25",91,0,0,0,0,0,False,0,False,False,"Not In Active Readiness Scope","Historical-only / not currently listed",False
"NBPGETF-AUGB","","other","",False,"historical_only","2023-06-26","2024-08-30",78,0,0,0,0,0,False,0,False,False,"Not In Active Readiness Scope","Historical-only / not currently listed",False
"NBPGETF-DEC","","other","",False,"historical_only","2022-10-03","2023-12-29",121,0,0,0,0,0,False,0,False,False,"Not In Active Readiness Scope","Historical-only / not currently listed",False
"NBPGETF-FEB","","other","",False,"historical_only","2022-02-01","2024-02-23",146,0,0,0,0,0,False,0,False,False,"Not In Active Readiness Scope","Historical-only / not currently listed",False
"NBPGETF-JAN","","other","",False,"historical_only","2022-10-31","2026-01-01",125,0,0,0,0,0,False,0,False,False,"Not In Active Readiness Scope","Historical-only / not currently listed",False
"NBPGETF-JUL","","other","",False,"historical_only","2022-05-06","2024-06-25",129,0,0,0,0,0,False,0,False,False,"Not In Active Readiness Scope","Historical-only / not currently listed",False
"NBPGETF-JULB","","other","",False,"historical_only","2023-06-26","2024-07-26",38,0,0,0,0,0,False,0,False,False,"Not In Active Readiness Scope","Historical-only / not currently listed",False
"NBPGETF-JUN","","other","",False,"historical_only","2022-03-28","2024-06-28",166,0,0,0,0,0,False,0,False,False,"Not In Active Readiness Scope","Historical-only / not currently listed",False
"NBPGETF-MAR","","other","",False,"historical_only","2022-02-01","2024-03-29",164,0,0,0,0,0,False,0,False,False,"Not In Active Readiness Scope","Historical-only / not currently listed",False
"NBPGETF-MAY","","other","",False,"historical_only","2022-02-28","2024-05-31",180,0,0,0,0,0,False,0,False,False,"Not In Active Readiness Scope","Historical-only / not currently listed",False
"NBPGETF-NOV","","other","",False,"historical_only","2022-08-29","2024-09-26",98,0,0,0,0,0,False,0,False,False,"Not In Active Readiness Scope","Historical-only / not currently listed",False
"NBPGETF-NOVB","","other","",False,"historical_only","2023-09-19","2023-11-24",39,0,0,0,0,0,False,0,False,False,"Not In Active Readiness Scope","Historical-only / not currently listed",False
"NBPGETF-OCT","","other","",False,"historical_only","2022-08-01","2024-09-26",139,0,0,0,0,0,False,0,False,False,"Not In Active Readiness Scope","Historical-only / not currently listed",False
"NBPGETF-OCTB","","other","",False,"historical_only","2023-09-18","2023-10-27",24,0,0,0,0,0,False,0,False,False,"Not In Active Readiness Scope","Historical-only / not currently listed",False
"NBPGETF-SEP","","other","",False,"historical_only","2022-06-27","2024-09-26",170,0,0,0,0,0,False,0,False,False,"Not In Active Readiness Scope","Historical-only / not currently listed",False
"NBPGETF-SEPB","","other","",False,"historical_only","2023-09-18","2023-09-28",7,0,0,0,0,0,False,0,False,False,"Not In Active Readiness Scope","Historical-only / not currently listed",False
"NCL","Nishat Chunian Limited","ordinary_equity","TEXTILE COMPOSITE",True,"listed_recently_traded","2016-07-26","2026-08-05",2484,2435,2435,1704,365,366,True,2435,True,True,"Ready","Eligible active ordinary equity with sufficient usable history and complete split/scaler artifacts",True
"NCL-APR","","other","",False,"historical_only","2017-03-27","2024-04-26",267,0,0,0,0,0,False,0,False,False,"Not In Active Readiness Scope","Historical-only / not currently listed",False
"NCL-APRB","","other","",False,"historical_only","2022-02-23","2022-04-28",46,0,0,0,0,0,False,0,False,False,"Not In Active Readiness Scope","Historical-only / not currently listed",False
"NCL-AUG","","other","",False,"historical_only","2017-07-24","2024-08-30",285,0,0,0,0,0,False,0,False,False,"Not In Active Readiness Scope","Historical-only / not currently listed",False
"NCL-AUGB","","other","",False,"historical_only","2022-08-01","2022-08-26",18,0,0,0,0,0,False,0,False,False,"Not In Active Readiness Scope","Historical-only / not currently listed",False
"NCL-CAPR","","unknown","",False,"historical_only","2017-01-30","2020-04-24",249,0,0,0,0,0,False,0,False,False,"Not In Active Readiness Scope","Historical-only / not currently listed",False
"NCL-CAUG","","unknown","",False,"historical_only","2017-05-29","2021-08-27",302,0,0,0,0,0,False,0,False,False,"Not In Active Readiness Scope","Historical-only / not currently listed",False
"NCL-CDEC","","unknown","",False,"historical_only","2017-10-02","2021-10-22",209,0,0,0,0,0,False,0,False,False,"Not In Active Readiness Scope","Historical-only / not currently listed",False
"NCL-CFEB","","unknown","",False,"historical_only","2017-01-02","2020-02-28",222,0,0,0,0,0,False,0,False,False,"Not In Active Readiness Scope","Historical-only / not currently listed",False
"NCL-CJAN","","unknown","",False,"historical_only","2017-01-02","2020-01-31",214,0,0,0,0,0,False,0,False,False,"Not In Active Readiness Scope","Historical-only / not currently listed",False
"NCL-CJUL","","unknown","",False,"historical_only","2017-05-02","2021-07-30",299,0,0,0,0,0,False,0,False,False,"Not In Active Readiness Scope","Historical-only / not currently listed",False
"NCL-CJUN","","unknown","",False,"historical_only","2017-04-03","2021-06-25",299,0,0,0,0,0,False,0,False,False,"Not In Active Readiness Scope","Historical-only / not currently listed",False
"NCL-CMAR","","unknown","",False,"historical_only","2017-01-02","2020-03-27",253,0,0,0,0,0,False,0,False,False,"Not In Active Readiness Scope","Historical-only / not currently listed",False
"NCL-CMAY","","unknown","",False,"historical_only","2017-02-27","2020-05-29",253,0,0,0,0,0,False,0,False,False,"Not In Active Readiness Scope","Historical-only / not currently listed",False
"NCL-CNOV","","unknown","",False,"historical_only","2017-08-28","2021-10-22",227,0,0,0,0,0,False,0,False,False,"Not In Active Readiness Scope","Historical-only / not currently listed",False
"NCL-COCT","","unknown","",False,"historical_only","2017-07-31","2021-10-22",237,0,0,0,0,0,False,0,False,False,"Not In Active Readiness Scope","Historical-only / not currently listed",False
"NCL-CSEP","","unknown","",False,"historical_only","2017-07-03","2021-09-24",302,0,0,0,0,0,False,0,False,False,"Not In Active Readiness Scope","Historical-only / not currently listed",False
"NCL-DEC","","other","",False,"historical_only","2017-11-20","2023-12-29",225,0,0,0,0,0,False,0,False,False,"Not In Active Readiness Scope","Historical-only / not currently listed",False
"NCL-DECB","","other","",False,"historical_only","2021-10-25","2021-12-31",37,0,0,0,0,0,False,0,False,False,"Not In Active Readiness Scope","Historical-only / not currently listed",False
"NCL-FEB","","other","",False,"historical_only","2017-01-23","2024-02-23",312,0,0,0,0,0,False,0,False,False,"Not In Active Readiness Scope","Historical-only / not currently listed",False
"NCL-JAN","","other","",False,"historical_only","2017-01-02","2024-01-26",305,0,0,0,0,0,False,0,False,False,"Not In Active Readiness Scope","Historical-only / not currently listed",False
"NCL-JUL","","other","",False,"historical_only","2017-06-29","2024-07-26",302,0,0,0,0,0,False,0,False,False,"Not In Active Readiness Scope","Historical-only / not currently listed",False
"NCL-JUN","","other","",False,"historical_only","2017-05-22","2024-06-28",293,0,0,0,0,0,False,0,False,False,"Not In Active Readiness Scope","Historical-only / not currently listed",False
"NCL-MAR","","other","",False,"historical_only","2017-02-20","2024-03-29",303,0,0,0,0,0,False,0,False,False,"Not In Active Readiness Scope","Historical-only / not currently listed",False
"NCL-MARB","","other","",False,"historical_only","2022-02-23","2022-03-25",22,0,0,0,0,0,False,0,False,False,"Not In Active Readiness Scope","Historical-only / not currently listed",False
"NCL-MAY","","other","",False,"historical_only","2017-04-24","2024-05-31",301,0,0,0,0,0,False,0,False,False,"Not In Active Readiness Scope","Historical-only / not currently listed",False
"NCL-NOV","","other","",False,"historical_only","2017-10-23","2023-11-24",199,0,0,0,0,0,False,0,False,False,"Not In Active Readiness Scope","Historical-only / not currently listed",False
"NCL-NOVB","","other","",False,"historical_only","2021-10-18","2022-11-25",66,0,0,0,0,0,False,0,False,False,"Not In Active Readiness Scope","Historical-only / not currently listed",False
"NCL-OCT","","other","",False,"historical_only","2017-09-25","2024-10-25",271,0,0,0,0,0,False,0,False,False,"Not In Active Readiness Scope","Historical-only / not currently listed",False
"NCL-OCTB","","other","",False,"historical_only","2018-10-08","2022-10-28",68,0,0,0,0,0,False,0,False,False,"Not In Active Readiness Scope","Historical-only / not currently listed",False
"NCL-ODL","","unknown","",False,"historical_only","2019-01-10","2020-04-10",264,0,0,0,0,0,False,0,False,False,"Not In Active Readiness Scope","Historical-only / not currently listed",False
"NCL-SEP","","other","",False,"historical_only","2017-08-21","2024-09-27",270,0,0,0,0,0,False,0,False,False,"Not In Active Readiness Scope","Historical-only / not currently listed",False
"NCL-SEPB","","other","",False,"historical_only","2022-08-01","2022-09-30",43,0,0,0,0,0,False,0,False,False,"Not In Active Readiness Scope","Historical-only / not currently listed",False
"NCML","Nazir Cotton Mills Limited","ordinary_equity","TEXTILE SPINNING",True,"non_compliant","2016-07-26","2026-08-05",2047,0,0,0,0,0,False,0,False,False,"Data Quality Issue","price is not positive",False
"NCML-ODL","","unknown","",False,"historical_only","2019-01-10","2020-03-19",60,0,0,0,0,0,False,0,False,False,"Not In Active Readiness Scope","Historical-only / not currently listed",False
"NCPL","Nishat Chunian Power Limited","ordinary_equity","POWER GENERATION & DISTRIBUTION",True,"listed_recently_traded","2016-07-26","2026-08-05",2483,2434,2434,1703,365,366,True,2434,True,True,"Ready","Eligible active ordinary equity with sufficient usable history and complete split/scaler artifacts",True
"NCPL-APR","","other","",False,"historical_only","2023-01-30","2026-04-24",169,0,0,0,0,0,False,0,False,False,"Not In Active Readiness Scope","Historical-only / not currently listed",False
"NCPL-AUG","","other","",False,"historical_only","2022-08-01","2026-08-05",172,0,0,0,0,0,False,0,False,False,"Not In Active Readiness Scope","Historical-only / not currently listed",False
"NCPL-CNOV","","unknown","",False,"historical_only","2021-08-30","2021-08-30",1,0,0,0,0,0,False,0,False,False,"Not In Active Readiness Scope","Historical-only / not currently listed",False
"NCPL-DEC","","other","",False,"historical_only","2022-10-03","2025-12-26",147,0,0,0,0,0,False,0,False,False,"Not In Active Readiness Scope","Historical-only / not currently listed",False
"NCPL-DECB","","other","",False,"historical_only","2024-11-22","2024-12-27",23,0,0,0,0,0,False,0,False,False,"Not In Active Readiness Scope","Historical-only / not currently listed",False
"NCPL-FEB","","other","",False,"historical_only","2022-11-28","2026-02-27",182,0,0,0,0,0,False,0,False,False,"Not In Active Readiness Scope","Historical-only / not currently listed",False
"NCPL-JAN","","other","",False,"historical_only","2022-10-31","2026-01-30",161,0,0,0,0,0,False,0,False,False,"Not In Active Readiness Scope","Historical-only / not currently listed",False
"NCPL-JANB","","other","",False,"historical_only","2024-12-23","2025-01-31",28,0,0,0,0,0,False,0,False,False,"Not In Active Readiness Scope","Historical-only / not currently listed",False
"NCPL-JUL","","other","",False,"historical_only","2023-05-02","2025-07-25",132,0,0,0,0,0,False,0,False,False,"Not In Active Readiness Scope","Historical-only / not currently listed",False
"NCPL-JULB","","other","",False,"historical_only","2026-06-16","2026-07-31",32,0,0,0,0,0,False,0,False,False,"Not In Active Readiness Scope","Historical-only / not currently listed",False
"NCPL-JUN","","other","",False,"historical_only","2023-04-03","2026-05-05",115,0,0,0,0,0,False,0,False,False,"Not In Active Readiness Scope","Historical-only / not currently listed",False
"NCPL-JUNB","","other","",False,"historical_only","2025-06-11","2026-06-24",31,0,0,0,0,0,False,0,False,False,"Not In Active Readiness Scope","Historical-only / not currently listed",False
"NCPL-MAR","","other","",False,"historical_only","2023-01-02","2026-03-27",174,0,0,0,0,0,False,0,False,False,"Not In Active Readiness Scope","Historical-only / not currently listed",False
"NCPL-MAY","","other","",False,"historical_only","2023-02-27","2026-05-06",143,0,0,0,0,0,False,0,False,False,"Not In Active Readiness Scope","Historical-only / not currently listed",False
"NCPL-MAYB","","other","",False,"historical_only","2025-05-08","2026-05-29",28,0,0,0,0,0,False,0,False,False,"Not In Active Readiness Scope","Historical-only / not currently listed",False
"NCPL-NOV","","other","",False,"historical_only","2021-08-30","2025-11-28",184,0,0,0,0,0,False,0,False,False,"Not In Active Readiness Scope","Historical-only / not currently listed",False
"NCPL-NOVB","","other","",False,"historical_only","2024-11-18","2024-11-29",10,0,0,0,0,0,False,0,False,False,"Not In Active Readiness Scope","Historical-only / not currently listed",False
"NCPL-OCT","","other","",False,"historical_only","2022-08-01","2025-10-31",167,0,0,0,0,0,False,0,False,False,"Not In Active Readiness Scope","Historical-only / not currently listed",False
"NCPL-OCTB","","other","",False,"historical_only","2021-08-30","2022-10-28",51,0,0,0,0,0,False,0,False,False,"Not In Active Readiness Scope","Historical-only / not currently listed",False
"NCPL-ODL","","unknown","",False,"historical_only","2019-01-11","2020-04-09",168,0,0,0,0,0,False,0,False,False,"Not In Active Readiness Scope","Historical-only / not currently listed",False
"NCPL-SEP","","other","",False,"historical_only","2022-08-01","2025-09-26",162,0,0,0,0,0,False,0,False,False,"Not In Active Readiness Scope","Historical-only / not currently listed",False
"NCPL-SEPB","","other","",False,"historical_only","2022-08-22","2022-09-30",30,0,0,0,0,0,False,0,False,False,"Not In Active Readiness Scope","Historical-only / not currently listed",False
"NESTLE","Nestle Pakistan Limited","ordinary_equity","FOOD & PERSONAL CARE PRODUCTS",True,"listed_recently_traded","2016-07-26","2026-08-05",1953,0,0,0,0,0,False,0,False,False,"Data Quality Issue","price is not positive",False
"NESTLE-ODL","","unknown","",False,"historical_only","2019-01-11","2020-04-09",134,0,0,0,0,0,False,0,False,False,"Not In Active Readiness Scope","Historical-only / not currently listed",False
"NETSOL","NetSol Technologies Limited","ordinary_equity","TECHNOLOGY & COMMUNICATION",True,"listed_recently_traded","2016-07-26","2026-08-05",2483,2434,2434,1703,365,366,True,2434,True,True,"Ready","Eligible active ordinary equity with sufficient usable history and complete split/scaler artifacts",True
"NETSOL-APR","","other","",False,"historical_only","2019-03-25","2026-04-24",308,0,0,0,0,0,False,0,False,False,"Not In Active Readiness Scope","Historical-only / not currently listed",False
"NETSOL-AUG","","other","",False,"historical_only","2019-07-22","2025-08-29",284,0,0,0,0,0,False,0,False,False,"Not In Active Readiness Scope","Historical-only / not currently listed",False
"NETSOL-CDEC","","unknown","",False,"historical_only","2021-09-27","2021-10-22",19,0,0,0,0,0,False,0,False,False,"Not In Active Readiness Scope","Historical-only / not currently listed",False
"NETSOL-CNOV","","unknown","",False,"historical_only","2021-08-30","2021-10-22",39,0,0,0,0,0,False,0,False,False,"Not In Active Readiness Scope","Historical-only / not currently listed",False
"NETSOL-COCT","","unknown","",False,"historical_only","2021-08-02","2021-10-22",57,0,0,0,0,0,False,0,False,False,"Not In Active Readiness Scope","Historical-only / not currently listed",False
"NETSOL-DEC","","other","",False,"historical_only","2019-11-25","2025-12-26",266,0,0,0,0,0,False,0,False,False,"Not In Active Readiness Scope","Historical-only / not currently listed",False
"NETSOL-FEB","","other","",False,"historical_only","2020-01-27","2026-02-27",299,0,0,0,0,0,False,0,False,False,"Not In Active Readiness Scope","Historical-only / not currently listed",False
"NETSOL-JAN","","other","",False,"historical_only","2019-12-23","2026-01-30",300,0,0,0,0,0,False,0,False,False,"Not In Active Readiness Scope","Historical-only / not currently listed",False
"NETSOL-JUL","","other","",False,"historical_only","2019-06-24","2025-07-25",282,0,0,0,0,0,False,0,False,False,"Not In Active Readiness Scope","Historical-only / not currently listed",False
"NETSOL-JUN","","other","",False,"historical_only","2019-05-27","2025-06-27",266,0,0,0,0,0,False,0,False,False,"Not In Active Readiness Scope","Historical-only / not currently listed",False
"NETSOL-MAR","","other","",False,"historical_only","2019-02-18","2026-03-27",312,0,0,0,0,0,False,0,False,False,"Not In Active Readiness Scope","Historical-only / not currently listed",False
"NETSOL-MAY","","other","",False,"historical_only","2019-04-22","2025-05-30",282,0,0,0,0,0,False,0,False,False,"Not In Active Readiness Scope","Historical-only / not currently listed",False
"NETSOL-NOV","","other","",False,"historical_only","2019-10-21","2025-11-28",264,0,0,0,0,0,False,0,False,False,"Not In Active Readiness Scope","Historical-only / not currently listed",False
"NETSOL-NOVB","","other","",False,"historical_only","2024-09-23","2024-11-29",34,0,0,0,0,0,False,0,False,False,"Not In Active Readiness Scope","Historical-only / not currently listed",False
"NETSOL-OCT","","other","",False,"historical_only","2019-09-23","2025-10-31",282,0,0,0,0,0,False,0,False,False,"Not In Active Readiness Scope","Historical-only / not currently listed",False
"NETSOL-OCTB","","other","",False,"historical_only","2019-09-30","2024-10-25",45,0,0,0,0,0,False,0,False,False,"Not In Active Readiness Scope","Historical-only / not currently listed",False
"NETSOL-ODL","","unknown","",False,"historical_only","2019-01-10","2020-04-10",299,0,0,0,0,0,False,0,False,False,"Not In Active Readiness Scope","Historical-only / not currently listed",False
"NETSOL-SEP","","other","",False,"historical_only","2019-08-26","2025-09-26",296,0,0,0,0,0,False,0,False,False,"Not In Active Readiness Scope","Historical-only / not currently listed",False
"NEXT","Next Capital Limited","ordinary_equity","INV. BANKS / INV. COS. / SECURITIES COS.",True,"listed_recently_traded","2016-07-26","2026-08-05",2203,0,0,0,0,0,False,0,False,False,"Data Quality Issue","price is not positive",False
"NEXT-ODL","","unknown","",False,"historical_only","2019-01-10","2020-03-25",59,0,0,0,0,0,False,0,False,False,"Not In Active Readiness Scope","Historical-only / not currently listed",False
"NEXTR","","unknown","",False,"historical_only","2017-01-02","2017-01-16",10,0,0,0,0,0,False,0,False,False,"Not In Active Readiness Scope","Historical-only / not currently listed",False
"NIB","","unknown","",False,"historical_only","2017-01-02","2017-07-04",126,0,77,0,0,0,False,0,False,False,"Not In Active Readiness Scope","Historical-only / not currently listed",False
"NIB-CNOV","","unknown","",False,"historical_only","2021-08-30","2021-08-30",1,0,0,0,0,0,False,0,False,False,"Not In Active Readiness Scope","Historical-only / not currently listed",False
"NIB-NOV","","other","",False,"historical_only","2021-08-30","2021-08-30",1,0,0,0,0,0,False,0,False,False,"Not In Active Readiness Scope","Historical-only / not currently listed",False
"NIBTFC2","","unknown","",False,"historical_only","2017-01-02","2017-09-20",107,0,0,0,0,0,False,0,False,False,"Not In Active Readiness Scope","Historical-only / not currently listed",False
"NICL","Nimir Industrial Chemicals Limited","ordinary_equity","CHEMICAL",True,"listed_recently_traded","2016-07-26","2026-08-05",2070,0,0,0,0,0,False,0,False,False,"Data Quality Issue","price is not positive",False
"NICL-ODL","","unknown","",False,"historical_only","2019-01-23","2020-04-09",74,0,0,0,0,0,False,0,False,False,"Not In Active Readiness Scope","Historical-only / not currently listed",False
"NINA","Nina Industries Limited","ordinary_equity","TEXTILE COMPOSITE",True,"non_compliant","2021-10-25","2024-09-26",21,0,0,0,0,0,False,0,False,False,"Not In Active Readiness Scope","Currently listed but not recently traded",False
"NITGETF","NIT Pakistan Gateway ETF","etf","EXCHANGE TRADED FUNDS",True,"listed_recently_traded","2020-03-24","2026-08-05",895,0,0,0,0,0,False,0,False,False,"Data Quality Issue","price is not positive",False
"NITGETF-APR","","other","",False,"historical_only","2022-01-31","2024-04-26",182,0,0,0,0,0,False,0,False,False,"Not In Active Readiness Scope","Historical-only / not currently listed",False
"NITGETF-AUG","","other","",False,"historical_only","2022-05-30","2024-06-21",88,0,0,0,0,0,False,0,False,False,"Not In Active Readiness Scope","Historical-only / not currently listed",False
"NITGETF-AUGB","","other","",False,"historical_only","2023-06-16","2024-08-30",89,0,0,0,0,0,False,0,False,False,"Not In Active Readiness Scope","Historical-only / not currently listed",False
"NITGETF-DEC","","other","",False,"historical_only","2022-10-03","2023-12-29",123,0,0,0,0,0,False,0,False,False,"Not In Active Readiness Scope","Historical-only / not currently listed",False
"NITGETF-FEB","","other","",False,"historical_only","2022-02-01","2026-02-03",148,0,0,0,0,0,False,0,False,False,"Not In Active Readiness Scope","Historical-only / not currently listed",False
"NITGETF-JAN","","other","",False,"historical_only","2022-10-31","2024-01-26",126,0,0,0,0,0,False,0,False,False,"Not In Active Readiness Scope","Historical-only / not currently listed",False
"NITGETF-JUL","","other","",False,"historical_only","2022-05-06","2024-06-21",123,0,0,0,0,0,False,0,False,False,"Not In Active Readiness Scope","Historical-only / not currently listed",False
"NITGETF-JULB","","other","",False,"historical_only","2023-06-16","2024-07-26",49,0,0,0,0,0,False,0,False,False,"Not In Active Readiness Scope","Historical-only / not currently listed",False
"NITGETF-JUN","","other","",False,"historical_only","2022-03-28","2024-06-21",160,0,0,0,0,0,False,0,False,False,"Not In Active Readiness Scope","Historical-only / not currently listed",False
"NITGETF-JUNB","","other","",False,"historical_only","2023-06-16","2023-06-27",6,0,0,0,0,0,False,0,False,False,"Not In Active Readiness Scope","Historical-only / not currently listed",False
"NITGETF-MAR","","other","",False,"historical_only","2022-02-01","2024-03-29",164,0,0,0,0,0,False,0,False,False,"Not In Active Readiness Scope","Historical-only / not currently listed",False
"NITGETF-MAY","","other","",False,"historical_only","2022-02-28","2024-05-31",181,0,0,0,0,0,False,0,False,False,"Not In Active Readiness Scope","Historical-only / not currently listed",False
"NITGETF-NOV","","other","",False,"historical_only","2022-08-29","2024-09-26",138,0,0,0,0,0,False,0,False,False,"Not In Active Readiness Scope","Historical-only / not currently listed",False
"NITGETF-OCT","","other","",False,"historical_only","2022-08-01","2024-09-26",160,0,0,0,0,0,False,0,False,False,"Not In Active Readiness Scope","Historical-only / not currently listed",False
"NITGETF-SEP","","other","",False,"historical_only","2022-06-27","2024-09-26",176,0,0,0,0,0,False,0,False,False,"Not In Active Readiness Scope","Historical-only / not currently listed",False
"NMFL","Nirala MSR Foods Limited","ordinary_equity","FOOD & PERSONAL CARE PRODUCTS",True,"non_compliant","2021-10-25","2024-09-26",21,0,0,0,0,0,False,0,False,False,"Not In Active Readiness Scope","Currently listed but not recently traded",False
"NML","Nishat Mills Limited","ordinary_equity","TEXTILE COMPOSITE",True,"listed_recently_traded","2016-07-26","2026-08-05",2484,2435,2435,1704,365,366,True,2435,True,True,"Ready","Eligible active ordinary equity with sufficient usable history and complete split/scaler artifacts",True
"NML-APR","","other","",False,"historical_only","2017-03-27","2026-04-24",365,0,0,0,0,0,False,0,False,False,"Not In Active Readiness Scope","Historical-only / not currently listed",False
"NML-AUG","","other","",False,"historical_only","2017-07-24","2026-08-05",345,0,0,0,0,0,False,0,False,False,"Not In Active Readiness Scope","Historical-only / not currently listed",False
"NML-CAPR","","unknown","",False,"historical_only","2017-01-30","2021-04-30",312,0,0,0,0,0,False,0,False,False,"Not In Active Readiness Scope","Historical-only / not currently listed",False
"NML-CAUG","","unknown","",False,"historical_only","2017-05-29","2021-08-27",302,0,0,0,0,0,False,0,False,False,"Not In Active Readiness Scope","Historical-only / not currently listed",False
"NML-CDEC","","unknown","",False,"historical_only","2017-10-02","2021-10-22",272,0,0,0,0,0,False,0,False,False,"Not In Active Readiness Scope","Historical-only / not currently listed",False
"NML-CFEB","","unknown","",False,"historical_only","2017-01-02","2021-02-26",285,0,0,0,0,0,False,0,False,False,"Not In Active Readiness Scope","Historical-only / not currently listed",False
"NML-CJAN","","unknown","",False,"historical_only","2017-01-02","2021-01-29",278,0,0,0,0,0,False,0,False,False,"Not In Active Readiness Scope","Historical-only / not currently listed",False
"NML-CJUL","","unknown","",False,"historical_only","2017-05-02","2021-07-30",299,0,0,0,0,0,False,0,False,False,"Not In Active Readiness Scope","Historical-only / not currently listed",False
"NML-CJUN","","unknown","",False,"historical_only","2017-04-03","2021-06-25",299,0,0,0,0,0,False,0,False,False,"Not In Active Readiness Scope","Historical-only / not currently listed",False
"NML-CMAR","","unknown","",False,"historical_only","2017-01-02","2021-03-26",314,0,0,0,0,0,False,0,False,False,"Not In Active Readiness Scope","Historical-only / not currently listed",False
"NML-CMAY","","unknown","",False,"historical_only","2017-02-27","2021-05-28",311,0,0,0,0,0,False,0,False,False,"Not In Active Readiness Scope","Historical-only / not currently listed",False
"NML-CNOV","","unknown","",False,"historical_only","2017-08-28","2021-10-22",291,0,0,0,0,0,False,0,False,False,"Not In Active Readiness Scope","Historical-only / not currently listed",False
"NML-COCT","","unknown","",False,"historical_only","2017-07-31","2021-10-22",300,0,0,0,0,0,False,0,False,False,"Not In Active Readiness Scope","Historical-only / not currently listed",False
"NML-CSEP","","unknown","",False,"historical_only","2017-07-03","2021-09-24",302,0,0,0,0,0,False,0,False,False,"Not In Active Readiness Scope","Historical-only / not currently listed",False
"NML-DEC","","other","",False,"historical_only","2017-11-20","2023-12-29",264,0,0,0,0,0,False,0,False,False,"Not In Active Readiness Scope","Historical-only / not currently listed",False
"NML-DECB","","other","",False,"historical_only","2024-11-25","2025-12-26",50,1,1,0,0,0,False,0,False,False,"Not In Active Readiness Scope","Historical-only / not currently listed",False
"NML-FEB","","other","",False,"historical_only","2017-01-23","2026-02-27",368,0,0,0,0,0,False,0,False,False,"Not In Active Readiness Scope","Historical-only / not currently listed",False
"NML-JAN","","other","",False,"historical_only","2017-01-02","2026-01-30",374,0,0,0,0,0,False,0,False,False,"Not In Active Readiness Scope","Historical-only / not currently listed",False
"NML-JUL","","other","",False,"historical_only","2017-06-29","2026-07-31",364,0,0,0,0,0,False,0,False,False,"Not In Active Readiness Scope","Historical-only / not currently listed",False
"NML-JUN","","other","",False,"historical_only","2017-05-22","2026-06-24",348,0,0,0,0,0,False,0,False,False,"Not In Active Readiness Scope","Historical-only / not currently listed",False
"NML-MAR","","other","",False,"historical_only","2017-02-20","2026-03-27",373,0,0,0,0,0,False,0,False,False,"Not In Active Readiness Scope","Historical-only / not currently listed",False
"NML-MAY","","other","",False,"historical_only","2017-04-24","2026-05-29",359,0,0,0,0,0,False,0,False,False,"Not In Active Readiness Scope","Historical-only / not currently listed",False
"NML-NOV","","other","",False,"historical_only","2017-10-23","2024-10-15",191,0,0,0,0,0,False,0,False,False,"Not In Active Readiness Scope","Historical-only / not currently listed",False
"NML-NOVB","","other","",False,"historical_only","2021-09-27","2025-11-28",173,0,0,0,0,0,False,0,False,False,"Not In Active Readiness Scope","Historical-only / not currently listed",False
"NML-OCT","","other","",False,"historical_only","2017-09-25","2025-10-15",262,0,0,0,0,0,False,0,False,False,"Not In Active Readiness Scope","Historical-only / not currently listed",False
"NML-OCTB","","other","",False,"historical_only","2017-10-09","2025-10-31",124,0,0,0,0,0,False,0,False,False,"Not In Active Readiness Scope","Historical-only / not currently listed",False
"NML-ODL","","unknown","",False,"historical_only","2019-01-11","2020-04-10",278,0,0,0,0,0,False,0,False,False,"Not In Active Readiness Scope","Historical-only / not currently listed",False
"NML-SEP","","other","",False,"historical_only","2017-08-21","2025-09-26",338,0,0,0,0,0,False,0,False,False,"Not In Active Readiness Scope","Historical-only / not currently listed",False
"NONS","Noon Sugar Mills Limited","ordinary_equity","SUGAR & ALLIED INDUSTRIES",True,"listed_recently_traded","2016-07-26","2026-08-05",1560,0,0,0,0,0,False,0,False,False,"Data Quality Issue","price is not positive",False
"NONS-ODL","","unknown","",False,"historical_only","2019-01-11","2020-04-02",89,0,0,0,0,0,False,0,False,False,"Not In Active Readiness Scope","Historical-only / not currently listed",False
"NPL","Nishat Power Limited","ordinary_equity","POWER GENERATION & DISTRIBUTION",True,"listed_recently_traded","2016-07-26","2026-08-05",2456,0,0,0,0,0,False,0,False,False,"Data Quality Issue","price is not positive",False
"NPL-APR","","other","",False,"historical_only","2023-01-30","2026-04-24",66,0,0,0,0,0,False,0,False,False,"Not In Active Readiness Scope","Historical-only / not currently listed",False
"NPL-APRB","","other","",False,"historical_only","2023-02-15","2025-04-25",105,0,0,0,0,0,False,0,False,False,"Not In Active Readiness Scope","Historical-only / not currently listed",False
"NPL-AUG","","other","",False,"historical_only","2022-08-01","2026-08-05",167,0,0,0,0,0,False,0,False,False,"Not In Active Readiness Scope","Historical-only / not currently listed",False
"NPL-CNOV","","unknown","",False,"historical_only","2021-08-30","2021-08-30",1,0,0,0,0,0,False,0,False,False,"Not In Active Readiness Scope","Historical-only / not currently listed",False
"NPL-DEC","","other","",False,"historical_only","2022-10-03","2025-12-26",101,0,0,0,0,0,False,0,False,False,"Not In Active Readiness Scope","Historical-only / not currently listed",False
"NPL-DECB","","other","",False,"historical_only","2022-10-24","2024-12-27",63,0,0,0,0,0,False,0,False,False,"Not In Active Readiness Scope","Historical-only / not currently listed",False
"NPL-FEB","","other","",False,"historical_only","2022-11-28","2026-02-27",165,0,0,0,0,0,False,0,False,False,"Not In Active Readiness Scope","Historical-only / not currently listed",False
"NPL-JAN","","other","",False,"historical_only","2022-10-31","2026-01-30",163,0,0,0,0,0,False,0,False,False,"Not In Active Readiness Scope","Historical-only / not currently listed",False
"NPL-JANB","","other","",False,"historical_only","2024-12-27","2025-01-31",15,0,0,0,0,0,False,0,False,False,"Not In Active Readiness Scope","Historical-only / not currently listed",False
"NPL-JUL","","other","",False,"historical_only","2023-05-02","2025-07-25",129,0,0,0,0,0,False,0,False,False,"Not In Active Readiness Scope","Historical-only / not currently listed",False
"NPL-JULB","","other","",False,"historical_only","2026-06-17","2026-07-31",31,0,0,0,0,0,False,0,False,False,"Not In Active Readiness Scope","Historical-only / not currently listed",False
"NPL-JUN","","other","",False,"historical_only","2023-04-03","2026-05-06",77,0,0,0,0,0,False,0,False,False,"Not In Active Readiness Scope","Historical-only / not currently listed",False
"NPL-JUNB","","other","",False,"historical_only","2024-04-26","2026-06-24",73,0,0,0,0,0,False,0,False,False,"Not In Active Readiness Scope","Historical-only / not currently listed",False
"NPL-MAR","","other","",False,"historical_only","2023-01-02","2026-03-27",105,0,0,0,0,0,False,0,False,False,"Not In Active Readiness Scope","Historical-only / not currently listed",False
"NPL-MARB","","other","",False,"historical_only","2023-02-15","2025-03-27",63,0,0,0,0,0,False,0,False,False,"Not In Active Readiness Scope","Historical-only / not currently listed",False
"NPL-MAY","","other","",False,"historical_only","2023-02-27","2026-05-06",116,0,0,0,0,0,False,0,False,False,"Not In Active Readiness Scope","Historical-only / not currently listed",False
"NPL-MAYB","","other","",False,"historical_only","2024-04-26","2026-05-29",45,0,0,0,0,0,False,0,False,False,"Not In Active Readiness Scope","Historical-only / not currently listed",False
"NPL-NOV","","other","",False,"historical_only","2021-08-30","2025-11-26",80,0,0,0,0,0,False,0,False,False,"Not In Active Readiness Scope","Historical-only / not currently listed",False
"NPL-NOVB","","other","",False,"historical_only","2022-09-26","2024-11-06",78,0,0,0,0,0,False,0,False,False,"Not In Active Readiness Scope","Historical-only / not currently listed",False
"NPL-NOVC","","other","",False,"historical_only","2022-10-24","2024-11-29",38,0,0,0,0,0,False,0,False,False,"Not In Active Readiness Scope","Historical-only / not currently listed",False
"NPL-OCT","","other","",False,"historical_only","2022-08-01","2025-10-31",149,0,0,0,0,0,False,0,False,False,"Not In Active Readiness Scope","Historical-only / not currently listed",False
"NPL-OCTB","","other","",False,"historical_only","2021-08-30","2024-10-25",74,0,0,0,0,0,False,0,False,False,"Not In Active Readiness Scope","Historical-only / not currently listed",False
"NPL-ODL","","unknown","",False,"historical_only","2019-01-10","2020-04-09",143,0,0,0,0,0,False,0,False,False,"Not In Active Readiness Scope","Historical-only / not currently listed",False
"NPL-SEP","","other","",False,"historical_only","2022-08-01","2025-09-26",180,0,0,0,0,0,False,0,False,False,"Not In Active Readiness Scope","Historical-only / not currently listed",False
"NPSM","","unknown","",False,"historical_only","2016-07-26","2019-08-16",249,0,0,0,0,0,False,0,False,False,"Not In Active Readiness Scope","Historical-only / not currently listed",False
"NPSM-ODL","","unknown","",False,"historical_only","2019-01-10","2019-08-28",58,0,0,0,0,0,False,0,False,False,"Not In Active Readiness Scope","Historical-only / not currently listed",False
"NRL","National Refinery Limited","ordinary_equity","REFINERY",True,"listed_recently_traded","2016-07-26","2026-08-05",2484,2435,2435,1704,365,366,True,2435,True,True,"Ready","Eligible active ordinary equity with sufficient usable history and complete split/scaler artifacts",True
"NRL-APR","","other","",False,"historical_only","2020-03-24","2026-04-24",285,0,0,0,0,0,False,0,False,False,"Not In Active Readiness Scope","Historical-only / not currently listed",False
"NRL-AUG","","other","",False,"historical_only","2019-07-22","2026-08-05",297,0,0,0,0,0,False,0,False,False,"Not In Active Readiness Scope","Historical-only / not currently listed",False
"NRL-CDEC","","unknown","",False,"historical_only","2021-09-27","2021-10-22",19,0,0,0,0,0,False,0,False,False,"Not In Active Readiness Scope","Historical-only / not currently listed",False
"NRL-CNOV","","unknown","",False,"historical_only","2021-08-30","2021-10-22",39,0,0,0,0,0,False,0,False,False,"Not In Active Readiness Scope","Historical-only / not currently listed",False
"NRL-COCT","","unknown","",False,"historical_only","2021-08-02","2021-10-22",57,0,0,0,0,0,False,0,False,False,"Not In Active Readiness Scope","Historical-only / not currently listed",False
"NRL-DEC","","other","",False,"historical_only","2019-11-25","2025-12-26",268,0,0,0,0,0,False,0,False,False,"Not In Active Readiness Scope","Historical-only / not currently listed",False
"NRL-FEB","","other","",False,"historical_only","2018-01-22","2026-02-27",318,0,0,0,0,0,False,0,False,False,"Not In Active Readiness Scope","Historical-only / not currently listed",False
"NRL-JAN","","other","",False,"historical_only","2019-12-23","2026-01-30",306,0,0,0,0,0,False,0,False,False,"Not In Active Readiness Scope","Historical-only / not currently listed",False
"NRL-JUL","","other","",False,"historical_only","2019-06-24","2026-07-31",315,0,0,0,0,0,False,0,False,False,"Not In Active Readiness Scope","Historical-only / not currently listed",False
"NRL-JUN","","other","",False,"historical_only","2020-05-28","2026-06-24",273,0,0,0,0,0,False,0,False,False,"Not In Active Readiness Scope","Historical-only / not currently listed",False
"NRL-MAR","","other","",False,"historical_only","2018-02-19","2026-03-27",314,0,0,0,0,0,False,0,False,False,"Not In Active Readiness Scope","Historical-only / not currently listed",False
"NRL-MAY","","other","",False,"historical_only","2020-04-20","2026-05-29",282,0,0,0,0,0,False,0,False,False,"Not In Active Readiness Scope","Historical-only / not currently listed",False
"NRL-NOV","","other","",False,"historical_only","2019-10-21","2025-11-28",223,0,0,0,0,0,False,0,False,False,"Not In Active Readiness Scope","Historical-only / not currently listed",False
"NRL-NOVB","","other","",False,"historical_only","2021-10-12","2022-11-25",71,0,0,0,0,0,False,0,False,False,"Not In Active Readiness Scope","Historical-only / not currently listed",False
"NRL-OCT","","other","",False,"historical_only","2019-09-23","2025-10-31",275,0,0,0,0,0,False,0,False,False,"Not In Active Readiness Scope","Historical-only / not currently listed",False
"NRL-OCTB","","other","",False,"historical_only","2021-09-27","2022-10-28",49,0,0,0,0,0,False,0,False,False,"Not In Active Readiness Scope","Historical-only / not currently listed",False
"NRL-ODL","","unknown","",False,"historical_only","2019-01-10","2020-04-10",304,0,0,0,0,0,False,0,False,False,"Not In Active Readiness Scope","Historical-only / not currently listed",False
"NRL-SEP","","other","",False,"historical_only","2019-08-26","2025-09-26",298,0,0,0,0,0,False,0,False,False,"Not In Active Readiness Scope","Historical-only / not currently listed",False
"NRSL","Nimir Resins Limited","ordinary_equity","CHEMICAL",True,"listed_recently_traded","2016-07-26","2026-08-05",2473,0,0,0,0,0,False,0,False,False,"Data Quality Issue","price is not positive",False
"NRSL-APR","","other","",False,"historical_only","2019-03-25","2022-04-28",115,0,0,0,0,0,False,0,False,False,"Not In Active Readiness Scope","Historical-only / not currently listed",False
"NRSL-DEC","","other","",False,"historical_only","2021-11-01","2021-12-31",36,0,0,0,0,0,False,0,False,False,"Not In Active Readiness Scope","Historical-only / not currently listed",False
"NRSL-FEB","","other","",False,"historical_only","2021-11-29","2022-02-25",65,0,0,0,0,0,False,0,False,False,"Not In Active Readiness Scope","Historical-only / not currently listed",False
"NRSL-JAN","","other","",False,"historical_only","2021-11-01","2022-01-28",56,0,0,0,0,0,False,0,False,False,"Not In Active Readiness Scope","Historical-only / not currently listed",False
"NRSL-JUL","","other","",False,"historical_only","2021-06-21","2021-07-30",27,0,0,0,0,0,False,0,False,False,"Not In Active Readiness Scope","Historical-only / not currently listed",False
"NRSL-JUN","","other","",False,"historical_only","2019-05-27","2021-06-25",45,0,0,0,0,0,False,0,False,False,"Not In Active Readiness Scope","Historical-only / not currently listed",False
"NRSL-MAR","","other","",False,"historical_only","2019-02-18","2022-03-25",113,0,0,0,0,0,False,0,False,False,"Not In Active Readiness Scope","Historical-only / not currently listed",False
"NRSL-MAY","","other","",False,"historical_only","2019-04-22","2021-05-28",46,0,0,0,0,0,False,0,False,False,"Not In Active Readiness Scope","Historical-only / not currently listed",False
"NRSL-NOV","","other","",False,"historical_only","2021-11-05","2021-11-26",11,0,0,0,0,0,False,0,False,False,"Not In Active Readiness Scope","Historical-only / not currently listed",False
"NRSL-ODL","","unknown","",False,"historical_only","2019-01-10","2020-04-10",226,0,0,0,0,0,False,0,False,False,"Not In Active Readiness Scope","Historical-only / not currently listed",False
"NSB10Y1","","unknown","",False,"historical_only","2017-03-07","2018-08-09",65,0,0,0,0,0,False,0,False,False,"Not In Active Readiness Scope","Historical-only / not currently listed",False
"NSRM","The National Silk & Rayon Mills Limited","ordinary_equity","SYNTHETIC & RAYON",True,"listed_recently_traded","2016-07-26","2026-08-05",917,0,0,0,0,0,False,0,False,False,"Data Quality Issue","price is not positive",False
"NSRM-ODL","","unknown","",False,"historical_only","2019-02-13","2020-03-03",18,0,0,0,0,0,False,0,False,False,"Not In Active Readiness Scope","Historical-only / not currently listed",False
"OBOY","Oilboy Energy Limited","ordinary_equity","OIL & GAS MARKETING COMPANIES",True,"listed_recently_traded","2016-07-26","2026-08-05",2126,0,0,0,0,0,False,0,False,False,"Data Quality Issue","price is not positive",False
"OBOYR1","","unknown","",False,"historical_only","2022-06-06","2022-06-28",17,0,0,0,0,0,False,0,False,False,"Not In Active Readiness Scope","Historical-only / not currently listed",False
"OBOYR2","","unknown","",False,"historical_only","2025-03-27","2025-04-18",13,0,0,0,0,0,False,0,False,False,"Not In Active Readiness Scope","Historical-only / not currently listed",False
"OCTOPUS","Octopus Digital Limited","ordinary_equity","TECHNOLOGY & COMMUNICATION",True,"listed_recently_traded","2021-10-05","2026-08-05",1199,1150,1150,805,172,173,True,1150,True,True,"Ready","Eligible active ordinary equity with sufficient usable history and complete split/scaler artifacts",True
"OCTOPUS-APR","","other","",False,"historical_only","2025-03-20","2025-04-25",22,0,0,0,0,0,False,0,False,False,"Not In Active Readiness Scope","Historical-only / not currently listed",False
"OCTOPUS-AUG","","other","",False,"historical_only","2024-07-29","2025-08-29",55,0,0,0,0,0,False,0,False,False,"Not In Active Readiness Scope","Historical-only / not currently listed",False
"OCTOPUS-DEC","","other","",False,"historical_only","2024-11-01","2025-12-26",50,1,1,0,0,0,False,0,False,False,"Not In Active Readiness Scope","Historical-only / not currently listed",False
"OCTOPUS-FEB","","other","",False,"historical_only","2025-01-27","2025-02-28",24,0,0,0,0,0,False,0,False,False,"Not In Active Readiness Scope","Historical-only / not currently listed",False
"OCTOPUS-JAN","","other","",False,"historical_only","2024-12-23","2026-01-30",57,8,8,0,0,0,False,0,False,False,"Not In Active Readiness Scope","Historical-only / not currently listed",False
"OCTOPUS-JUL","","other","",False,"historical_only","2025-06-23","2025-07-25",25,0,0,0,0,0,False,0,False,False,"Not In Active Readiness Scope","Historical-only / not currently listed",False
"OCTOPUS-JUN","","other","",False,"historical_only","2025-05-19","2025-06-27",24,0,0,0,0,0,False,0,False,False,"Not In Active Readiness Scope","Historical-only / not currently listed",False
"OCTOPUS-MAR","","other","",False,"historical_only","2025-02-07","2025-03-27",25,0,0,0,0,0,False,0,False,False,"Not In Active Readiness Scope","Historical-only / not currently listed",False
"OCTOPUS-MAY","","other","",False,"historical_only","2025-04-09","2025-05-30",29,0,0,0,0,0,False,0,False,False,"Not In Active Readiness Scope","Historical-only / not currently listed",False
"OCTOPUS-NOV","","other","",False,"historical_only","2024-09-02","2025-11-28",78,0,0,0,0,0,False,0,False,False,"Not In Active Readiness Scope","Historical-only / not currently listed",False
"OCTOPUS-OCT","","other","",False,"historical_only","2024-07-29","2025-10-31",94,0,0,0,0,0,False,0,False,False,"Not In Active Readiness Scope","Historical-only / not currently listed",False
"OCTOPUS-SEP","","other","",False,"historical_only","2024-07-29","2025-09-26",68,0,0,0,0,0,False,0,False,False,"Not In Active Readiness Scope","Historical-only / not currently listed",False
"OGDC","Oil & Gas Development Company Limited","ordinary_equity","OIL & GAS EXPLORATION COMPANIES",True,"listed_recently_traded","2016-07-26","2026-08-05",2484,2435,2435,1704,365,366,True,2435,True,True,"Ready","Eligible active ordinary equity with sufficient usable history and complete split/scaler artifacts",True
"OGDC-APR","","other","",False,"historical_only","2017-03-27","2024-03-06",200,0,0,0,0,0,False,0,False,False,"Not In Active Readiness Scope","Historical-only / not currently listed",False
"OGDC-APRB","","other","",False,"historical_only","2022-02-28","2026-04-24",169,0,0,0,0,0,False,0,False,False,"Not In Active Readiness Scope","Historical-only / not currently listed",False
"OGDC-AUG","","other","",False,"historical_only","2017-07-24","2026-08-05",341,0,0,0,0,0,False,0,False,False,"Not In Active Readiness Scope","Historical-only / not currently listed",False
"OGDC-CAPR","","unknown","",False,"historical_only","2017-01-30","2021-04-30",312,0,0,0,0,0,False,0,False,False,"Not In Active Readiness Scope","Historical-only / not currently listed",False
"OGDC-CAUG","","unknown","",False,"historical_only","2017-05-29","2021-08-27",302,0,0,0,0,0,False,0,False,False,"Not In Active Readiness Scope","Historical-only / not currently listed",False
"OGDC-CDEC","","unknown","",False,"historical_only","2017-10-02","2025-12-26",283,0,0,0,0,0,False,0,False,False,"Not In Active Readiness Scope","Historical-only / not currently listed",False
"OGDC-CFEB","","unknown","",False,"historical_only","2017-01-02","2021-02-26",285,0,0,0,0,0,False,0,False,False,"Not In Active Readiness Scope","Historical-only / not currently listed",False
"OGDC-CJAN","","unknown","",False,"historical_only","2017-01-02","2026-01-20",291,0,0,0,0,0,False,0,False,False,"Not In Active Readiness Scope","Historical-only / not currently listed",False
"OGDC-CJUL","","unknown","",False,"historical_only","2017-05-02","2021-07-30",299,0,0,0,0,0,False,0,False,False,"Not In Active Readiness Scope","Historical-only / not currently listed",False
"OGDC-CJUN","","unknown","",False,"historical_only","2017-04-03","2021-06-25",299,0,0,0,0,0,False,0,False,False,"Not In Active Readiness Scope","Historical-only / not currently listed",False
"OGDC-CMAR","","unknown","",False,"historical_only","2017-01-02","2021-03-26",314,0,0,0,0,0,False,0,False,False,"Not In Active Readiness Scope","Historical-only / not currently listed",False
"OGDC-CMAY","","unknown","",False,"historical_only","2017-02-27","2021-05-28",311,0,0,0,0,0,False,0,False,False,"Not In Active Readiness Scope","Historical-only / not currently listed",False
"OGDC-CNOV","","unknown","",False,"historical_only","2017-08-28","2021-10-22",291,0,0,0,0,0,False,0,False,False,"Not In Active Readiness Scope","Historical-only / not currently listed",False
"OGDC-COCT","","unknown","",False,"historical_only","2017-07-31","2021-10-22",300,0,0,0,0,0,False,0,False,False,"Not In Active Readiness Scope","Historical-only / not currently listed",False
"OGDC-CSEP","","unknown","",False,"historical_only","2017-07-03","2021-09-24",302,0,0,0,0,0,False,0,False,False,"Not In Active Readiness Scope","Historical-only / not currently listed",False
"OGDC-DEC","","other","",False,"historical_only","2017-11-20","2024-11-04",150,0,0,0,0,0,False,0,False,False,"Not In Active Readiness Scope","Historical-only / not currently listed",False
"OGDC-DECB","","other","",False,"historical_only","2021-10-25","2025-11-04",114,0,0,0,0,0,False,0,False,False,"Not In Active Readiness Scope","Historical-only / not currently listed",False
"OGDC-DECC","","other","",False,"historical_only","2021-11-01","2025-12-26",64,0,0,0,0,0,False,0,False,False,"Not In Active Readiness Scope","Historical-only / not currently listed",False
"OGDC-FEB","","other","",False,"historical_only","2017-01-23","2026-02-27",371,0,0,0,0,0,False,0,False,False,"Not In Active Readiness Scope","Historical-only / not currently listed",False
"OGDC-JAN","","other","",False,"historical_only","2017-01-02","2026-01-30",282,0,0,0,0,0,False,0,False,False,"Not In Active Readiness Scope","Historical-only / not currently listed",False
"OGDC-JANB","","other","",False,"historical_only","2023-11-02","2025-01-31",92,0,0,0,0,0,False,0,False,False,"Not In Active Readiness Scope","Historical-only / not currently listed",False
"OGDC-JUL","","other","",False,"historical_only","2017-06-29","2024-05-07",251,0,0,0,0,0,False,0,False,False,"Not In Active Readiness Scope","Historical-only / not currently listed",False
"OGDC-JULB","","other","",False,"historical_only","2024-05-03","2026-07-31",119,0,0,0,0,0,False,0,False,False,"Not In Active Readiness Scope","Historical-only / not currently listed",False
"OGDC-JUN","","other","",False,"historical_only","2017-05-22","2026-05-06",188,0,0,0,0,0,False,0,False,False,"Not In Active Readiness Scope","Historical-only / not currently listed",False
"OGDC-JUNB","","other","",False,"historical_only","2022-05-06","2026-06-24",170,0,0,0,0,0,False,0,False,False,"Not In Active Readiness Scope","Historical-only / not currently listed",False
"OGDC-MAR","","other","",False,"historical_only","2017-02-20","2026-02-27",270,0,0,0,0,0,False,0,False,False,"Not In Active Readiness Scope","Historical-only / not currently listed",False
"OGDC-MARB","","other","",False,"historical_only","2018-02-26","2026-03-27",128,0,0,0,0,0,False,0,False,False,"Not In Active Readiness Scope","Historical-only / not currently listed",False
"OGDC-MAY","","other","",False,"historical_only","2017-04-24","2026-05-07",246,0,0,0,0,0,False,0,False,False,"Not In Active Readiness Scope","Historical-only / not currently listed",False
"OGDC-MAYB","","other","",False,"historical_only","2022-05-06","2026-05-29",114,0,0,0,0,0,False,0,False,False,"Not In Active Readiness Scope","Historical-only / not currently listed",False
"OGDC-MAYC","","other","",False,"historical_only","2024-05-03","2024-05-31",20,0,0,0,0,0,False,0,False,False,"Not In Active Readiness Scope","Historical-only / not currently listed",False
"OGDC-NOV","","other","",False,"historical_only","2017-10-23","2025-10-13",188,0,0,0,0,0,False,0,False,False,"Not In Active Readiness Scope","Historical-only / not currently listed",False
"OGDC-NOVB","","other","",False,"historical_only","2021-10-11","2025-11-04",99,0,0,0,0,0,False,0,False,False,"Not In Active Readiness Scope","Historical-only / not currently listed",False
"OGDC-NOVC","","other","",False,"historical_only","2021-11-01","2025-11-28",98,49,49,0,0,0,False,0,False,False,"Not In Active Readiness Scope","Historical-only / not currently listed",False
"OGDC-OCT","","other","",False,"historical_only","2017-09-25","2025-10-17",272,0,0,0,0,0,False,0,False,False,"Not In Active Readiness Scope","Historical-only / not currently listed",False
"OGDC-OCTB","","other","",False,"historical_only","2020-10-05","2025-10-31",116,67,67,0,0,0,False,0,False,False,"Not In Active Readiness Scope","Historical-only / not currently listed",False
"OGDC-ODL","","unknown","",False,"historical_only","2019-01-10","2020-03-20",295,0,246,0,0,0,False,0,False,False,"Not In Active Readiness Scope","Historical-only / not currently listed",False
"OGDC-SEP","","other","",False,"historical_only","2017-08-21","2025-09-26",346,0,0,0,0,0,False,0,False,False,"Not In Active Readiness Scope","Historical-only / not currently listed",False
"OGTI-APR","","other","",False,"historical_only","2024-01-29","2024-04-26",59,0,0,0,0,0,False,0,False,False,"Not In Active Readiness Scope","Historical-only / not currently listed",False
"OGTI-AUG","","other","",False,"historical_only","2023-05-29","2024-08-30",119,0,0,0,0,0,False,0,False,False,"Not In Active Readiness Scope","Historical-only / not currently listed",False
"OGTI-DEC","","other","",False,"historical_only","2021-10-25","2023-12-29",64,0,0,0,0,0,False,0,False,False,"Not In Active Readiness Scope","Historical-only / not currently listed",False
"OGTI-FEB","","other","",False,"historical_only","2023-11-27","2024-02-23",61,0,0,0,0,0,False,0,False,False,"Not In Active Readiness Scope","Historical-only / not currently listed",False
"OGTI-JAN","","other","",False,"historical_only","2023-10-30","2024-01-26",63,0,0,0,0,0,False,0,False,False,"Not In Active Readiness Scope","Historical-only / not currently listed",False
"OGTI-JUL","","other","",False,"historical_only","2023-05-18","2024-07-26",106,0,0,0,0,0,False,0,False,False,"Not In Active Readiness Scope","Historical-only / not currently listed",False
"OGTI-JUN","","other","",False,"historical_only","2023-05-18","2024-06-28",85,0,0,0,0,0,False,0,False,False,"Not In Active Readiness Scope","Historical-only / not currently listed",False
"OGTI-MAR","","other","",False,"historical_only","2024-01-01","2024-03-29",62,0,0,0,0,0,False,0,False,False,"Not In Active Readiness Scope","Historical-only / not currently listed",False
"OGTI-MAY","","other","",False,"historical_only","2023-05-18","2024-05-31",71,0,0,0,0,0,False,0,False,False,"Not In Active Readiness Scope","Historical-only / not currently listed",False
"OGTI-NOV","","other","",False,"historical_only","2021-08-30","2024-09-26",83,0,0,0,0,0,False,0,False,False,"Not In Active Readiness Scope","Historical-only / not currently listed",False
"OGTI-OCT","","other","",False,"historical_only","2021-10-25","2024-09-26",106,0,0,0,0,0,False,0,False,False,"Not In Active Readiness Scope","Historical-only / not currently listed",False
"OGTI-SEP","","other","",False,"historical_only","2023-07-03","2024-09-26",122,0,0,0,0,0,False,0,False,False,"Not In Active Readiness Scope","Historical-only / not currently listed",False
"OLPL","OLP Financial Services Pakistan Limited","ordinary_equity","INV. BANKS / INV. COS. / SECURITIES COS.",True,"listed_recently_traded","2016-07-26","2026-08-05",2440,0,0,0,0,0,False,0,False,False,"Data Quality Issue","price is not positive",False
"OLPL-ODL","","unknown","",False,"historical_only","2019-01-10","2020-04-10",219,0,0,0,0,0,False,0,False,False,"Not In Active Readiness Scope","Historical-only / not currently listed",False
"OLPLR","","unknown","",False,"historical_only","2017-06-06","2017-07-14",25,0,0,0,0,0,False,0,False,False,"Not In Active Readiness Scope","Historical-only / not currently listed",False
"OLPM","OLP Modaraba","ordinary_equity","MODARABAS",True,"listed_recently_traded","2016-10-27","2026-08-05",2128,0,0,0,0,0,False,0,False,False,"Data Quality Issue","price is not positive",False
"OLSM","","unknown","",False,"historical_only","2017-01-02","2018-01-09",235,0,0,0,0,0,False,0,False,False,"Not In Active Readiness Scope","Historical-only / not currently listed",False
"OML","Olympia Mills Limited","ordinary_equity","MISCELLANEOUS",True,"listed_recently_traded","2018-01-10","2026-08-05",1232,0,0,0,0,0,False,0,False,False,"Data Quality Issue","price is not positive",False
"OML-ODL","","unknown","",False,"historical_only","2019-01-14","2020-03-18",32,0,0,0,0,0,False,0,False,False,"Not In Active Readiness Scope","Historical-only / not currently listed",False
"ORIXM","","unknown","",False,"historical_only","2016-10-27","2022-03-22",1156,0,0,0,0,0,False,0,False,False,"Not In Active Readiness Scope","Historical-only / not currently listed",False
"ORIXM-ODL","","unknown","",False,"historical_only","2019-01-18","2020-03-30",146,0,0,0,0,0,False,0,False,False,"Not In Active Readiness Scope","Historical-only / not currently listed",False
"ORM","Orient Rental Mod","ordinary_equity","MODARABAS",True,"listed_recently_traded","2017-11-17","2026-08-05",1345,0,0,0,0,0,False,0,False,False,"Data Quality Issue","price is not positive",False
"ORM-ODL","","unknown","",False,"historical_only","2019-01-17","2020-03-18",73,0,0,0,0,0,False,0,False,False,"Not In Active Readiness Scope","Historical-only / not currently listed",False
"OTSU","Otsuka Pakistan Limited","ordinary_equity","PHARMACEUTICALS",True,"listed_recently_traded","2016-07-26","2026-08-05",1777,0,0,0,0,0,False,0,False,False,"Data Quality Issue","price is not positive",False
"OTSU-ODL","","unknown","",False,"historical_only","2019-01-11","2020-04-07",91,0,0,0,0,0,False,0,False,False,"Not In Active Readiness Scope","Historical-only / not currently listed",False
"P01GIS031225","","unknown","",False,"historical_only","2024-12-06","2025-11-27",220,0,0,0,0,0,False,0,False,False,"Not In Active Readiness Scope","Historical-only / not currently listed",False
"P01GIS040226","","unknown","",False,"historical_only","2025-02-10","2026-01-26",77,0,0,0,0,0,False,0,False,False,"Not In Active Readiness Scope","Historical-only / not currently listed",False
"P01GIS060326","","unknown","",False,"historical_only","2025-04-15","2025-12-22",5,0,0,0,0,0,False,0,False,False,"Not In Active Readiness Scope","Historical-only / not currently listed",False
"P01GIS061125","","unknown","",False,"historical_only","2024-11-11","2025-10-31",212,0,0,0,0,0,False,0,False,False,"Not In Active Readiness Scope","Historical-only / not currently listed",False
"P01GIS080126","","unknown","",False,"historical_only","2025-01-13","2026-01-02",201,0,0,0,0,0,False,0,False,False,"Not In Active Readiness Scope","Historical-only / not currently listed",False
"P01GIS080425","","unknown","",False,"historical_only","2024-05-21","2025-03-19",29,0,0,0,0,0,False,0,False,False,"Not In Active Readiness Scope","Historical-only / not currently listed",False
"P01GIS090525","","unknown","",False,"historical_only","2024-05-14","2025-05-05",195,0,0,0,0,0,False,0,False,False,"Not In Active Readiness Scope","Historical-only / not currently listed",False
"P01GIS091224","","unknown","",False,"historical_only","2023-12-12","2024-12-03",236,0,0,0,0,0,False,0,False,False,"Not In Active Readiness Scope","Historical-only / not currently listed",False
"P01GIS140325","","unknown","",False,"historical_only","2024-03-19","2025-03-07",159,0,0,0,0,0,False,0,False,False,"Not In Active Readiness Scope","Historical-only / not currently listed",False
"P01GIS150825","","unknown","",False,"historical_only","2024-08-20","2025-08-08",205,0,0,0,0,0,False,0,False,False,"Not In Active Readiness Scope","Historical-only / not currently listed",False
"P01GIS170925","","unknown","",False,"historical_only","2024-09-20","2025-09-04",189,0,0,0,0,0,False,0,False,False,"Not In Active Readiness Scope","Historical-only / not currently listed",False
"P01GIS190225","","unknown","",False,"historical_only","2024-05-07","2025-01-07",23,0,0,0,0,0,False,0,False,False,"Not In Active Readiness Scope","Historical-only / not currently listed",False
"P01GIS201025","","unknown","",False,"historical_only","2024-10-23","2025-10-07",200,0,0,0,0,0,False,0,False,False,"Not In Active Readiness Scope","Historical-only / not currently listed",False
"P01GIS220125","","unknown","",False,"historical_only","2024-01-26","2025-01-13",116,0,0,0,0,0,False,0,False,False,"Not In Active Readiness Scope","Historical-only / not currently listed",False
"P01GIS230525","","unknown","",False,"historical_only","2024-05-29","2025-05-19",207,0,0,0,0,0,False,0,False,False,"Not In Active Readiness Scope","Historical-only / not currently listed",False
"P01GIS230726","","unknown","",False,"historical_only","2025-07-30","2026-07-13",65,0,0,0,0,0,False,0,False,False,"Not In Active Readiness Scope","Historical-only / not currently listed",False
"P01GIS250425","","unknown","",False,"historical_only","2024-04-30","2025-04-21",205,0,0,0,0,0,False,0,False,False,"Not In Active Readiness Scope","Historical-only / not currently listed",False
"P01GIS250626","","unknown","",False,"historical_only","2025-07-03","2026-06-18",85,0,0,0,0,0,False,0,False,False,"Not In Active Readiness Scope","Historical-only / not currently listed",False
"P01GIS250725","","unknown","",False,"historical_only","2024-07-30","2025-07-21",161,0,0,0,0,0,False,0,False,False,"Not In Active Readiness Scope","Historical-only / not currently listed",False
"P01GIS270625","","unknown","",False,"historical_only","2024-07-05","2025-06-20",58,0,0,0,0,0,False,0,False,False,"Not In Active Readiness Scope","Historical-only / not currently listed",False
"P01GIS280325","","unknown","",False,"historical_only","2024-06-28","2025-02-12",27,0,0,0,0,0,False,0,False,False,"Not In Active Readiness Scope","Historical-only / not currently listed",False
"P01GIS290526","","unknown","",False,"historical_only","2025-06-03","2026-05-20",236,0,187,0,0,0,False,0,False,False,"Not In Active Readiness Scope","Historical-only / not currently listed",False
"P01GIS300426","","unknown","",False,"historical_only","2025-07-17","2026-04-22",4,0,0,0,0,0,False,0,False,False,"Not In Active Readiness Scope","Historical-only / not currently listed",False
"P02PFL060425","","unknown","",False,"historical_only","2024-08-30","2024-09-26",19,0,0,0,0,0,False,0,False,False,"Not In Active Readiness Scope","Historical-only / not currently listed",False
"P02PFL090225","","unknown","",False,"historical_only","2024-08-30","2024-09-26",19,0,0,0,0,0,False,0,False,False,"Not In Active Readiness Scope","Historical-only / not currently listed",False
"P02PFL210925","","unknown","",False,"historical_only","2024-08-30","2024-09-26",19,0,0,0,0,0,False,0,False,False,"Not In Active Readiness Scope","Historical-only / not currently listed",False
"P03PFL090226","","unknown","",False,"historical_only","2024-08-30","2024-09-26",19,0,0,0,0,0,False,0,False,False,"Not In Active Readiness Scope","Historical-only / not currently listed",False
"P03PFL190623","","unknown","",False,"historical_only","2021-10-25","2021-10-25",1,0,0,0,0,0,False,0,False,False,"Not In Active Readiness Scope","Historical-only / not currently listed",False
"P03PFL221023","","unknown","",False,"historical_only","2021-10-25","2021-10-25",1,0,0,0,0,0,False,0,False,False,"Not In Active Readiness Scope","Historical-only / not currently listed",False
"P03PIB040825","","unknown","",False,"historical_only","2022-09-12","2024-09-26",26,0,0,0,0,0,False,0,False,False,"Not In Active Readiness Scope","Historical-only / not currently listed",False
"P03PIB050824","","unknown","",False,"historical_only","2021-09-24","2024-09-26",22,0,0,0,0,0,False,0,False,False,"Not In Active Readiness Scope","Historical-only / not currently listed",False
"P03PIB190922","","unknown","",False,"historical_only","2021-10-25","2021-10-25",1,0,0,0,0,0,False,0,False,False,"Not In Active Readiness Scope","Historical-only / not currently listed",False
"P03PIB200823","","unknown","",False,"historical_only","2021-04-07","2021-11-10",3,0,0,0,0,0,False,0,False,False,"Not In Active Readiness Scope","Historical-only / not currently listed",False
"P05GIS290725","","unknown","",False,"historical_only","2023-07-27","2024-09-26",286,0,0,0,0,0,False,0,False,False,"Not In Active Readiness Scope","Historical-only / not currently listed",False
"P05GIS300425","","unknown","",False,"historical_only","2023-08-01","2024-09-26",284,0,0,0,0,0,False,0,False,False,"Not In Active Readiness Scope","Historical-only / not currently listed",False
"P05PFL180625","","unknown","",False,"historical_only","2021-10-25","2024-09-26",20,0,0,0,0,0,False,0,False,False,"Not In Active Readiness Scope","Historical-only / not currently listed",False
"P05PIB151025","","unknown","",False,"historical_only","2021-10-25","2024-09-26",20,0,0,0,0,0,False,0,False,False,"Not In Active Readiness Scope","Historical-only / not currently listed",False
"P05PIB190924","","unknown","",False,"historical_only","2021-10-25","2024-09-26",20,0,0,0,0,0,False,0,False,False,"Not In Active Readiness Scope","Historical-only / not currently listed",False
"PABC","Pakistan Aluminium Beverage Cans Limited","ordinary_equity","MISCELLANEOUS",True,"listed_recently_traded","2021-07-16","2026-08-05",1250,1201,1201,840,180,181,True,1201,True,True,"Ready","Eligible active ordinary equity with sufficient usable history and complete split/scaler artifacts",True
"PABC-APR","","other","",False,"historical_only","2023-01-30","2025-04-24",126,0,0,0,0,0,False,0,False,False,"Not In Active Readiness Scope","Historical-only / not currently listed",False
"PABC-AUG","","other","",False,"historical_only","2022-05-30","2024-08-30",178,0,0,0,0,0,False,0,False,False,"Not In Active Readiness Scope","Historical-only / not currently listed",False
"PABC-DEC","","other","",False,"historical_only","2022-10-03","2024-12-27",145,0,0,0,0,0,False,0,False,False,"Not In Active Readiness Scope","Historical-only / not currently listed",False
"PABC-FEB","","other","",False,"historical_only","2022-11-28","2025-02-26",132,0,0,0,0,0,False,0,False,False,"Not In Active Readiness Scope","Historical-only / not currently listed",False
"PABC-JAN","","other","",False,"historical_only","2022-10-31","2025-01-30",134,0,0,0,0,0,False,0,False,False,"Not In Active Readiness Scope","Historical-only / not currently listed",False
"PABC-JUL","","other","",False,"historical_only","2022-05-06","2025-07-25",193,0,0,0,0,0,False,0,False,False,"Not In Active Readiness Scope","Historical-only / not currently listed",False
"PABC-JUN","","other","",False,"historical_only","2022-05-06","2025-06-17",152,0,0,0,0,0,False,0,False,False,"Not In Active Readiness Scope","Historical-only / not currently listed",False
"PABC-MAR","","other","",False,"historical_only","2023-01-02","2025-03-27",134,0,0,0,0,0,False,0,False,False,"Not In Active Readiness Scope","Historical-only / not currently listed",False
"PABC-MAY","","other","",False,"historical_only","2022-05-06","2025-05-30",154,0,0,0,0,0,False,0,False,False,"Not In Active Readiness Scope","Historical-only / not currently listed",False
"PABC-NOV","","other","",False,"historical_only","2022-08-29","2024-11-29",107,0,0,0,0,0,False,0,False,False,"Not In Active Readiness Scope","Historical-only / not currently listed",False
"PABC-NOVB","","other","",False,"historical_only","2023-09-04","2023-11-24",58,0,0,0,0,0,False,0,False,False,"Not In Active Readiness Scope","Historical-only / not currently listed",False
"PABC-OCT","","other","",False,"historical_only","2022-08-01","2024-10-25",139,0,0,0,0,0,False,0,False,False,"Not In Active Readiness Scope","Historical-only / not currently listed",False
"PABC-OCTB","","other","",False,"historical_only","2023-09-04","2023-10-27",39,0,0,0,0,0,False,0,False,False,"Not In Active Readiness Scope","Historical-only / not currently listed",False
"PABC-SEP","","other","",False,"historical_only","2022-06-27","2024-09-26",171,0,0,0,0,0,False,0,False,False,"Not In Active Readiness Scope","Historical-only / not currently listed",False
"PABC-SEPB","","other","",False,"historical_only","2023-09-04","2023-09-28",19,0,0,0,0,0,False,0,False,False,"Not In Active Readiness Scope","Historical-only / not currently listed",False
"PACE","Pace (Pakistan) Limited","ordinary_equity","PROPERTY",True,"listed_recently_traded","2016-07-26","2026-08-05",2481,2432,2432,1702,364,366,True,2432,True,True,"Ready","Eligible active ordinary equity with sufficient usable history and complete split/scaler artifacts",True
"PACE-APR","","other","",False,"historical_only","2022-01-31","2026-04-24",175,0,0,0,0,0,False,0,False,False,"Not In Active Readiness Scope","Historical-only / not currently listed",False
"PACE-AUG","","other","",False,"historical_only","2021-07-26","2026-08-05",149,0,0,0,0,0,False,0,False,False,"Not In Active Readiness Scope","Historical-only / not currently listed",False
"PACE-CDEC","","unknown","",False,"historical_only","2021-09-27","2021-10-22",19,0,0,0,0,0,False,0,False,False,"Not In Active Readiness Scope","Historical-only / not currently listed",False
"PACE-CNOV","","unknown","",False,"historical_only","2021-08-30","2021-10-22",39,0,0,0,0,0,False,0,False,False,"Not In Active Readiness Scope","Historical-only / not currently listed",False
"PACE-COCT","","unknown","",False,"historical_only","2021-08-02","2021-10-22",57,0,0,0,0,0,False,0,False,False,"Not In Active Readiness Scope","Historical-only / not currently listed",False
"PACE-DEC","","other","",False,"historical_only","2021-10-25","2025-12-26",152,0,0,0,0,0,False,0,False,False,"Not In Active Readiness Scope","Historical-only / not currently listed",False
"PACE-FEB","","other","",False,"historical_only","2021-11-29","2026-02-27",182,0,0,0,0,0,False,0,False,False,"Not In Active Readiness Scope","Historical-only / not currently listed",False
"PACE-JAN","","other","",False,"historical_only","2021-11-01","2026-01-30",192,0,0,0,0,0,False,0,False,False,"Not In Active Readiness Scope","Historical-only / not currently listed",False
"PACE-JUL","","other","",False,"historical_only","2022-05-06","2026-07-31",114,0,0,0,0,0,False,0,False,False,"Not In Active Readiness Scope","Historical-only / not currently listed",False
"PACE-JUN","","other","",False,"historical_only","2022-03-28","2026-06-24",162,0,0,0,0,0,False,0,False,False,"Not In Active Readiness Scope","Historical-only / not currently listed",False
"PACE-MAR","","other","",False,"historical_only","2022-01-03","2026-03-27",171,0,0,0,0,0,False,0,False,False,"Not In Active Readiness Scope","Historical-only / not currently listed",False
"PACE-MAY","","other","",False,"historical_only","2022-02-28","2026-05-29",174,0,0,0,0,0,False,0,False,False,"Not In Active Readiness Scope","Historical-only / not currently listed",False
"PACE-NOV","","other","",False,"historical_only","2021-08-30","2025-11-28",177,0,0,0,0,0,False,0,False,False,"Not In Active Readiness Scope","Historical-only / not currently listed",False
"PACE-OCT","","other","",False,"historical_only","2021-08-25","2025-10-31",190,0,0,0,0,0,False,0,False,False,"Not In Active Readiness Scope","Historical-only / not currently listed",False
"PACE-ODL","","unknown","",False,"historical_only","2019-01-10","2020-04-08",175,0,0,0,0,0,False,0,False,False,"Not In Active Readiness Scope","Historical-only / not currently listed",False
"PACE-SEP","","other","",False,"historical_only","2021-08-23","2025-09-26",164,0,0,0,0,0,False,0,False,False,"Not In Active Readiness Scope","Historical-only / not currently listed",False
"PAEL","Pak Elektron Limited","ordinary_equity","CABLE & ELECTRICAL GOODS",True,"listed_recently_traded","2016-07-26","2026-08-05",2484,2435,2435,1704,365,366,True,2435,True,True,"Ready","Eligible active ordinary equity with sufficient usable history and complete split/scaler artifacts",True
"PAEL-APR","","other","",False,"historical_only","2017-03-27","2026-04-24",318,0,0,0,0,0,False,0,False,False,"Not In Active Readiness Scope","Historical-only / not currently listed",False
"PAEL-APRB","","other","",False,"historical_only","2022-02-21","2022-04-28",48,0,0,0,0,0,False,0,False,False,"Not In Active Readiness Scope","Historical-only / not currently listed",False
"PAEL-AUG","","other","",False,"historical_only","2017-07-24","2026-08-05",340,0,0,0,0,0,False,0,False,False,"Not In Active Readiness Scope","Historical-only / not currently listed",False
"PAEL-CAPR","","unknown","",False,"historical_only","2017-01-30","2021-04-30",312,0,0,0,0,0,False,0,False,False,"Not In Active Readiness Scope","Historical-only / not currently listed",False
"PAEL-CAUG","","unknown","",False,"historical_only","2017-05-29","2021-08-27",302,0,0,0,0,0,False,0,False,False,"Not In Active Readiness Scope","Historical-only / not currently listed",False
"PAEL-CDEC","","unknown","",False,"historical_only","2017-10-02","2025-12-23",274,0,0,0,0,0,False,0,False,False,"Not In Active Readiness Scope","Historical-only / not currently listed",False
"PAEL-CFEB","","unknown","",False,"historical_only","2017-01-02","2021-02-26",285,0,0,0,0,0,False,0,False,False,"Not In Active Readiness Scope","Historical-only / not currently listed",False
"PAEL-CJAN","","unknown","",False,"historical_only","2017-01-02","2026-01-21",281,0,0,0,0,0,False,0,False,False,"Not In Active Readiness Scope","Historical-only / not currently listed",False
"PAEL-CJUL","","unknown","",False,"historical_only","2017-05-02","2021-07-30",299,0,0,0,0,0,False,0,False,False,"Not In Active Readiness Scope","Historical-only / not currently listed",False
"PAEL-CJUN","","unknown","",False,"historical_only","2017-04-03","2021-06-25",299,0,0,0,0,0,False,0,False,False,"Not In Active Readiness Scope","Historical-only / not currently listed",False
"PAEL-CMAR","","unknown","",False,"historical_only","2017-01-02","2021-03-26",314,0,0,0,0,0,False,0,False,False,"Not In Active Readiness Scope","Historical-only / not currently listed",False
"PAEL-CMAY","","unknown","",False,"historical_only","2017-02-27","2021-05-28",311,0,0,0,0,0,False,0,False,False,"Not In Active Readiness Scope","Historical-only / not currently listed",False
"PAEL-CNOV","","unknown","",False,"historical_only","2017-08-28","2021-10-22",291,0,0,0,0,0,False,0,False,False,"Not In Active Readiness Scope","Historical-only / not currently listed",False
"PAEL-COCT","","unknown","",False,"historical_only","2017-07-31","2021-10-22",300,0,0,0,0,0,False,0,False,False,"Not In Active Readiness Scope","Historical-only / not currently listed",False
"PAEL-CSEP","","unknown","",False,"historical_only","2017-07-03","2021-09-24",302,0,0,0,0,0,False,0,False,False,"Not In Active Readiness Scope","Historical-only / not currently listed",False
"PAEL-DEC","","other","",False,"historical_only","2017-11-20","2025-12-26",321,0,0,0,0,0,False,0,False,False,"Not In Active Readiness Scope","Historical-only / not currently listed",False
"PAEL-FEB","","other","",False,"historical_only","2017-01-23","2026-02-27",369,0,0,0,0,0,False,0,False,False,"Not In Active Readiness Scope","Historical-only / not currently listed",False
"PAEL-JAN","","other","",False,"historical_only","2017-01-02","2026-01-30",373,0,0,0,0,0,False,0,False,False,"Not In Active Readiness Scope","Historical-only / not currently listed",False
"PAEL-JUL","","other","",False,"historical_only","2017-06-29","2026-07-31",360,0,0,0,0,0,False,0,False,False,"Not In Active Readiness Scope","Historical-only / not currently listed",False
"PAEL-JUN","","other","",False,"historical_only","2017-05-22","2026-06-24",348,0,0,0,0,0,False,0,False,False,"Not In Active Readiness Scope","Historical-only / not currently listed",False
"PAEL-MAR","","other","",False,"historical_only","2017-02-20","2026-03-27",351,0,0,0,0,0,False,0,False,False,"Not In Active Readiness Scope","Historical-only / not currently listed",False
"PAEL-MARB","","other","",False,"historical_only","2022-02-21","2022-03-25",24,0,0,0,0,0,False,0,False,False,"Not In Active Readiness Scope","Historical-only / not currently listed",False
"PAEL-MAY","","other","",False,"historical_only","2017-04-24","2026-05-29",362,0,0,0,0,0,False,0,False,False,"Not In Active Readiness Scope","Historical-only / not currently listed",False
"PAEL-NOV","","other","",False,"historical_only","2017-10-23","2025-11-28",348,0,0,0,0,0,False,0,False,False,"Not In Active Readiness Scope","Historical-only / not currently listed",False
"PAEL-OCT","","other","",False,"historical_only","2017-09-25","2025-10-31",362,0,0,0,0,0,False,0,False,False,"Not In Active Readiness Scope","Historical-only / not currently listed",False
"PAEL-OCTB","","other","",False,"historical_only","2021-08-30","2021-08-30",1,0,0,0,0,0,False,0,False,False,"Not In Active Readiness Scope","Historical-only / not currently listed",False
"PAEL-ODL","","unknown","",False,"historical_only","2019-01-10","2020-04-10",307,0,258,0,0,0,False,0,False,False,"Not In Active Readiness Scope","Historical-only / not currently listed",False
"PAEL-SEP","","other","",False,"historical_only","2017-08-21","2025-09-26",341,0,0,0,0,0,False,0,False,False,"Not In Active Readiness Scope","Historical-only / not currently listed",False
"PAEL-SEPB","","other","",False,"historical_only","2021-08-30","2021-08-30",1,0,0,0,0,0,False,0,False,False,"Not In Active Readiness Scope","Historical-only / not currently listed",False
"PAELR3","","unknown","",False,"historical_only","2022-03-10","2022-04-01",16,0,0,0,0,0,False,0,False,False,"Not In Active Readiness Scope","Historical-only / not currently listed",False
"PAKCEM-CNOV","","unknown","",False,"historical_only","2021-08-30","2021-08-30",1,0,0,0,0,0,False,0,False,False,"Not In Active Readiness Scope","Historical-only / not currently listed",False
"PAKCEM-NOV","","other","",False,"historical_only","2021-08-30","2021-08-30",1,0,0,0,0,0,False,0,False,False,"Not In Active Readiness Scope","Historical-only / not currently listed",False
"PAKD","Pak Datacom Limited","ordinary_equity","TECHNOLOGY & COMMUNICATION",True,"listed_recently_traded","2016-07-26","2026-08-05",2058,0,0,0,0,0,False,0,False,False,"Data Quality Issue","price is not positive",False
"PAKD-ODL","","unknown","",False,"historical_only","2019-01-10","2020-04-02",83,0,0,0,0,0,False,0,False,False,"Not In Active Readiness Scope","Historical-only / not currently listed",False
"PAKL","Pak Leather Crafts Limited","ordinary_equity","LEATHER & TANNERIES",True,"listed_recently_traded","2016-07-26","2026-08-05",726,0,0,0,0,0,False,0,False,False,"Data Quality Issue","price is not positive",False
"PAKMI","","unknown","",False,"historical_only","2016-07-26","2023-05-05",1315,0,0,0,0,0,False,0,False,False,"Not In Active Readiness Scope","Historical-only / not currently listed",False
"PAKMI-ODL","","unknown","",False,"historical_only","2019-01-10","2020-04-10",51,0,0,0,0,0,False,0,False,False,"Not In Active Readiness Scope","Historical-only / not currently listed",False
"PAKOXY","Pakistan Oxygen Limited","ordinary_equity","CHEMICAL",True,"listed_recently_traded","2018-03-19","2026-08-05",1967,0,0,0,0,0,False,0,False,False,"Data Quality Issue","price is not positive",False
"PAKOXY-ODL","","unknown","",False,"historical_only","2019-01-11","2020-04-10",184,0,0,0,0,0,False,0,False,False,"Not In Active Readiness Scope","Historical-only / not currently listed",False
"PAKOXYR","","unknown","",False,"historical_only","2023-11-01","2023-11-23",16,0,0,0,0,0,False,0,False,False,"Not In Active Readiness Scope","Historical-only / not currently listed",False
"PAKQATAR","Pak Qatar Family Takaful Limited","ordinary_equity","INSURANCE",True,"listed_recently_traded","2025-12-31","2026-08-05",147,98,98,0,0,0,False,0,False,False,"Insufficient History","98 usable rows; minimum is 252",False
"PAKRI","Pakistan Reinsurance Company Limited","ordinary_equity","INSURANCE",True,"listed_recently_traded","2016-07-26","2026-08-05",2407,0,0,0,0,0,False,0,False,False,"Data Quality Issue","price is not positive",False
"PAKRI-APR","","other","",False,"historical_only","2023-01-30","2025-04-16",112,0,0,0,0,0,False,0,False,False,"Not In Active Readiness Scope","Historical-only / not currently listed",False
"PAKRI-APRB","","other","",False,"historical_only","2023-04-05","2025-04-25",34,0,0,0,0,0,False,0,False,False,"Not In Active Readiness Scope","Historical-only / not currently listed",False
"PAKRI-AUG","","other","",False,"historical_only","2023-05-29","2025-08-29",113,0,0,0,0,0,False,0,False,False,"Not In Active Readiness Scope","Historical-only / not currently listed",False
"PAKRI-CNOV","","unknown","",False,"historical_only","2021-08-30","2021-08-30",1,0,0,0,0,0,False,0,False,False,"Not In Active Readiness Scope","Historical-only / not currently listed",False
"PAKRI-DEC","","other","",False,"historical_only","2022-10-31","2024-12-27",131,0,0,0,0,0,False,0,False,False,"Not In Active Readiness Scope","Historical-only / not currently listed",False
"PAKRI-FEB","","other","",False,"historical_only","2022-11-28","2025-02-28",149,0,0,0,0,0,False,0,False,False,"Not In Active Readiness Scope","Historical-only / not currently listed",False
"PAKRI-JAN","","other","",False,"historical_only","2022-10-31","2025-01-31",159,0,0,0,0,0,False,0,False,False,"Not In Active Readiness Scope","Historical-only / not currently listed",False
"PAKRI-JUL","","other","",False,"historical_only","2023-05-02","2025-07-25",83,0,0,0,0,0,False,0,False,False,"Not In Active Readiness Scope","Historical-only / not currently listed",False
"PAKRI-JUN","","other","",False,"historical_only","2023-04-03","2023-04-07",5,0,0,0,0,0,False,0,False,False,"Not In Active Readiness Scope","Historical-only / not currently listed",False
"PAKRI-JUNB","","other","",False,"historical_only","2023-04-05","2025-06-27",80,0,0,0,0,0,False,0,False,False,"Not In Active Readiness Scope","Historical-only / not currently listed",False
"PAKRI-MAR","","other","",False,"historical_only","2023-01-02","2025-03-27",148,0,0,0,0,0,False,0,False,False,"Not In Active Readiness Scope","Historical-only / not currently listed",False
"PAKRI-MAY","","other","",False,"historical_only","2023-02-27","2023-04-07",29,0,0,0,0,0,False,0,False,False,"Not In Active Readiness Scope","Historical-only / not currently listed",False
"PAKRI-MAYB","","other","",False,"historical_only","2023-04-05","2025-05-30",60,0,0,0,0,0,False,0,False,False,"Not In Active Readiness Scope","Historical-only / not currently listed",False
"PAKRI-NOV","","other","",False,"historical_only","2021-08-30","2024-11-29",122,0,0,0,0,0,False,0,False,False,"Not In Active Readiness Scope","Historical-only / not currently listed",False
"PAKRI-OCT","","other","",False,"historical_only","2023-07-31","2025-10-31",147,0,0,0,0,0,False,0,False,False,"Not In Active Readiness Scope","Historical-only / not currently listed",False
"PAKRI-ODL","","unknown","",False,"historical_only","2019-01-10","2020-04-07",115,0,0,0,0,0,False,0,False,False,"Not In Active Readiness Scope","Historical-only / not currently listed",False
"PAKRI-SEP","","other","",False,"historical_only","2023-07-03","2025-09-26",130,0,0,0,0,0,False,0,False,False,"Not In Active Readiness Scope","Historical-only / not currently listed",False
"PAKT","Pakistan Tobacco Company Limited","ordinary_equity","TOBACCO",True,"listed_recently_traded","2016-07-26","2026-08-05",1863,0,0,0,0,0,False,0,False,False,"Data Quality Issue","price is not positive",False
"PAKT-ODL","","unknown","",False,"historical_only","2019-01-17","2020-04-10",67,0,0,0,0,0,False,0,False,False,"Not In Active Readiness Scope","Historical-only / not currently listed",False
"PASL","Pervez Ahmed Consultancy Services Ltd.","ordinary_equity","INV. BANKS / INV. COS. / SECURITIES COS.",True,"non_compliant","2016-07-26","2026-08-05",2484,2435,2435,1704,365,366,True,2435,True,True,"Ready","Eligible active ordinary equity with sufficient usable history and complete split/scaler artifacts",True
"PASL-ODL","","unknown","",False,"historical_only","2019-01-10","2020-04-08",145,0,0,0,0,0,False,0,False,False,"Not In Active Readiness Scope","Historical-only / not currently listed",False
"PASM","Paramount Spinning Mills Limited","ordinary_equity","TEXTILE COMPOSITE",True,"non_compliant","2016-07-26","2026-08-05",668,0,0,0,0,0,False,0,False,False,"Data Quality Issue","price is not positive",False
"PCAL","Pakistan Cables Limited","ordinary_equity","CABLE & ELECTRICAL GOODS",True,"listed_recently_traded","2016-07-26","2026-08-05",2289,0,0,0,0,0,False,0,False,False,"Data Quality Issue","price is not positive",False
"PCAL-ODL","","unknown","",False,"historical_only","2019-01-18","2020-04-10",175,0,0,0,0,0,False,0,False,False,"Not In Active Readiness Scope","Historical-only / not currently listed",False
"PCALR","","unknown","",False,"historical_only","2018-06-05","2018-06-27",14,0,0,0,0,0,False,0,False,False,"Not In Active Readiness Scope","Historical-only / not currently listed",False
"PCML","","unknown","",False,"historical_only","2017-12-21","2017-12-21",1,0,0,0,0,0,False,0,False,False,"Not In Active Readiness Scope","Historical-only / not currently listed",False
"PDGH","","unknown","",False,"historical_only","2021-10-25","2021-10-29",2,0,0,0,0,0,False,0,False,False,"Not In Active Readiness Scope","Historical-only / not currently listed",False
"PECO","Pakistan Engineering Company Limited","ordinary_equity","ENGINEERING",True,"non_compliant","2016-07-26","2026-08-05",1424,0,0,0,0,0,False,0,False,False,"Data Quality Issue","price is not positive",False
"PECO-ODL","","unknown","",False,"historical_only","2019-01-23","2020-03-04",51,0,0,0,0,0,False,0,False,False,"Not In Active Readiness Scope","Historical-only / not currently listed",False
"PELPS","","unknown","",False,"historical_only","2018-06-14","2024-09-26",22,0,0,0,0,0,False,0,False,False,"Not In Active Readiness Scope","Historical-only / not currently listed",False
"PESC1","","unknown","",False,"historical_only","2019-11-05","2025-12-08",314,0,0,0,0,0,False,0,False,False,"Not In Active Readiness Scope","Historical-only / not currently listed",False
"PESC2","","unknown","",False,"historical_only","2020-07-29","2025-12-08",448,0,0,0,0,0,False,0,False,False,"Not In Active Readiness Scope","Historical-only / not currently listed",False
"PGCL","","unknown","",False,"historical_only","2016-07-26","2020-02-06",410,0,0,0,0,0,False,0,False,False,"Not In Active Readiness Scope","Historical-only / not currently listed",False
"PGCL-ODL","","unknown","",False,"historical_only","2019-01-23","2019-10-24",50,0,0,0,0,0,False,0,False,False,"Not In Active Readiness Scope","Historical-only / not currently listed",False
"PGF","","unknown","",False,"historical_only","2017-01-02","2018-05-14",333,0,0,0,0,0,False,0,False,False,"Not In Active Readiness Scope","Historical-only / not currently listed",False
"PGF-NOV","","other","",False,"historical_only","2021-08-30","2021-08-30",1,0,0,0,0,0,False,0,False,False,"Not In Active Readiness Scope","Historical-only / not currently listed",False
"PGLC","Pak-Gulf Leasing Company Limited","ordinary_equity","LEASING COMPANIES",True,"listed_recently_traded","2016-07-26","2026-08-05",1295,0,0,0,0,0,False,0,False,False,"Data Quality Issue","price is not positive",False
"PGLC-ODL","","unknown","",False,"historical_only","2019-01-23","2020-03-18",13,0,0,0,0,0,False,0,False,False,"Not In Active Readiness Scope","Historical-only / not currently listed",False
"PHDL","Pakistan Hotels Developers Limited","ordinary_equity","MISCELLANEOUS",True,"non_compliant","2016-07-26","2025-01-20",1496,0,0,0,0,0,False,0,False,False,"Not In Active Readiness Scope","Currently listed but not recently traded",False
"PHDL-ODL","","unknown","",False,"historical_only","2019-01-23","2020-03-18",60,0,0,0,0,0,False,0,False,False,"Not In Active Readiness Scope","Historical-only / not currently listed",False
"PIAA","","unknown","",False,"historical_only","2016-07-26","2024-05-24",1940,0,1891,0,0,0,False,0,False,False,"Not In Active Readiness Scope","Historical-only / not currently listed",False
"PIAA-APR","","other","",False,"historical_only","2022-01-31","2024-04-26",182,0,0,0,0,0,False,0,False,False,"Not In Active Readiness Scope","Historical-only / not currently listed",False
"PIAA-AUG","","other","",False,"historical_only","2022-05-30","2023-08-25",119,0,0,0,0,0,False,0,False,False,"Not In Active Readiness Scope","Historical-only / not currently listed",False
"PIAA-DEC","","other","",False,"historical_only","2021-11-15","2023-12-29",162,0,0,0,0,0,False,0,False,False,"Not In Active Readiness Scope","Historical-only / not currently listed",False
"PIAA-FEB","","other","",False,"historical_only","2021-11-29","2024-02-23",192,0,0,0,0,0,False,0,False,False,"Not In Active Readiness Scope","Historical-only / not currently listed",False
"PIAA-JAN","","other","",False,"historical_only","2021-11-01","2024-01-26",190,0,0,0,0,0,False,0,False,False,"Not In Active Readiness Scope","Historical-only / not currently listed",False
"PIAA-JUL","","other","",False,"historical_only","2022-05-06","2024-05-21",133,0,0,0,0,0,False,0,False,False,"Not In Active Readiness Scope","Historical-only / not currently listed",False
"PIAA-JUN","","other","",False,"historical_only","2022-03-28","2024-05-21",149,0,0,0,0,0,False,0,False,False,"Not In Active Readiness Scope","Historical-only / not currently listed",False
"PIAA-MAR","","other","",False,"historical_only","2022-01-03","2024-03-29",186,0,0,0,0,0,False,0,False,False,"Not In Active Readiness Scope","Historical-only / not currently listed",False
"PIAA-MAY","","other","",False,"historical_only","2022-02-28","2024-05-21",175,0,0,0,0,0,False,0,False,False,"Not In Active Readiness Scope","Historical-only / not currently listed",False
"PIAA-NOV","","other","",False,"historical_only","2021-08-30","2023-11-24",141,0,0,0,0,0,False,0,False,False,"Not In Active Readiness Scope","Historical-only / not currently listed",False
"PIAA-OCT","","other","",False,"historical_only","2022-08-01","2023-10-27",125,0,0,0,0,0,False,0,False,False,"Not In Active Readiness Scope","Historical-only / not currently listed",False
"PIAA-ODL","","unknown","",False,"historical_only","2019-01-10","2020-04-10",264,0,215,0,0,0,False,0,False,False,"Not In Active Readiness Scope","Historical-only / not currently listed",False
"PIAA-SEP","","other","",False,"historical_only","2022-06-27","2023-09-28",127,0,0,0,0,0,False,0,False,False,"Not In Active Readiness Scope","Historical-only / not currently listed",False
"PIAB","","unknown","",False,"historical_only","2020-06-17","2024-05-06",73,0,0,0,0,0,False,0,False,False,"Not In Active Readiness Scope","Historical-only / not currently listed",False
"PIAB-ODL","","unknown","",False,"historical_only","2019-01-23","2020-03-18",5,0,0,0,0,0,False,0,False,False,"Not In Active Readiness Scope","Historical-only / not currently listed",False
"PIAHCLA","PIA Holding Company Limited","ordinary_equity","INV. BANKS / INV. COS. / SECURITIES COS.",True,"listed_recently_traded","2016-07-26","2026-08-05",2484,2435,2435,1704,365,366,True,2435,True,True,"Ready","Eligible active ordinary equity with sufficient usable history and complete split/scaler artifacts",True
"PIAHCLA-APR","","other","",False,"historical_only","2025-03-06","2026-04-24",55,6,6,0,0,0,False,0,False,False,"Not In Active Readiness Scope","Historical-only / not currently listed",False
"PIAHCLA-AUG","","other","",False,"historical_only","2024-06-03","2026-08-05",105,0,0,0,0,0,False,0,False,False,"Not In Active Readiness Scope","Historical-only / not currently listed",False
"PIAHCLA-DEC","","other","",False,"historical_only","2024-10-31","2025-12-26",60,0,0,0,0,0,False,0,False,False,"Not In Active Readiness Scope","Historical-only / not currently listed",False
"PIAHCLA-FEB","","other","",False,"historical_only","2025-01-22","2026-02-27",67,18,18,0,0,0,False,0,False,False,"Not In Active Readiness Scope","Historical-only / not currently listed",False
"PIAHCLA-JAN","","other","",False,"historical_only","2024-12-11","2026-01-30",67,18,18,0,0,0,False,0,False,False,"Not In Active Readiness Scope","Historical-only / not currently listed",False
"PIAHCLA-JUL","","other","",False,"historical_only","2024-06-03","2026-07-31",96,0,0,0,0,0,False,0,False,False,"Not In Active Readiness Scope","Historical-only / not currently listed",False
"PIAHCLA-JUN","","other","",False,"historical_only","2024-06-03","2026-06-24",73,0,0,0,0,0,False,0,False,False,"Not In Active Readiness Scope","Historical-only / not currently listed",False
"PIAHCLA-MAR","","other","",False,"historical_only","2025-02-18","2026-03-27",54,5,5,0,0,0,False,0,False,False,"Not In Active Readiness Scope","Historical-only / not currently listed",False
"PIAHCLA-MAY","","other","",False,"historical_only","2025-04-08","2026-05-29",63,14,14,0,0,0,False,0,False,False,"Not In Active Readiness Scope","Historical-only / not currently listed",False
"PIAHCLA-NOV","","other","",False,"historical_only","2024-09-02","2025-11-28",81,0,0,0,0,0,False,0,False,False,"Not In Active Readiness Scope","Historical-only / not currently listed",False
"PIAHCLA-OCT","","other","",False,"historical_only","2024-07-29","2025-10-31",95,0,0,0,0,0,False,0,False,False,"Not In Active Readiness Scope","Historical-only / not currently listed",False
"PIAHCLA-SEP","","other","",False,"historical_only","2024-07-01","2025-09-26",87,0,0,0,0,0,False,0,False,False,"Not In Active Readiness Scope","Historical-only / not currently listed",False
"PIAHCLB","PIA Holding Company LimitedB","ordinary_equity","INV. BANKS / INV. COS. / SECURITIES COS.",True,"listed_recently_traded","2020-06-17","2026-08-05",566,0,0,0,0,0,False,0,False,False,"Data Quality Issue","price is not positive",False
"PIBTL","Pakistan International Bulk Terminal","ordinary_equity","TRANSPORT",True,"listed_recently_traded","2016-07-26","2026-08-05",2484,2435,2435,1704,365,366,True,2435,True,True,"Ready","Eligible active ordinary equity with sufficient usable history and complete split/scaler artifacts",True
"PIBTL-APR","","other","",False,"historical_only","2018-03-26","2026-04-24",337,0,0,0,0,0,False,0,False,False,"Not In Active Readiness Scope","Historical-only / not currently listed",False
"PIBTL-AUG","","other","",False,"historical_only","2018-07-23","2026-08-05",322,0,0,0,0,0,False,0,False,False,"Not In Active Readiness Scope","Historical-only / not currently listed",False
"PIBTL-CDEC","","unknown","",False,"historical_only","2021-09-27","2021-10-22",19,0,0,0,0,0,False,0,False,False,"Not In Active Readiness Scope","Historical-only / not currently listed",False
"PIBTL-CNOV","","unknown","",False,"historical_only","2021-08-30","2021-10-22",39,0,0,0,0,0,False,0,False,False,"Not In Active Readiness Scope","Historical-only / not currently listed",False
"PIBTL-COCT","","unknown","",False,"historical_only","2021-08-02","2021-10-22",57,0,0,0,0,0,False,0,False,False,"Not In Active Readiness Scope","Historical-only / not currently listed",False
"PIBTL-DEC","","other","",False,"historical_only","2018-11-26","2025-12-26",290,0,0,0,0,0,False,0,False,False,"Not In Active Readiness Scope","Historical-only / not currently listed",False
"PIBTL-FEB","","other","",False,"historical_only","2018-01-22","2026-02-27",344,0,0,0,0,0,False,0,False,False,"Not In Active Readiness Scope","Historical-only / not currently listed",False
"PIBTL-JAN","","other","",False,"historical_only","2018-12-24","2026-01-30",326,0,0,0,0,0,False,0,False,False,"Not In Active Readiness Scope","Historical-only / not currently listed",False
"PIBTL-JUL","","other","",False,"historical_only","2018-06-25","2026-07-31",334,0,0,0,0,0,False,0,False,False,"Not In Active Readiness Scope","Historical-only / not currently listed",False
"PIBTL-JUN","","other","",False,"historical_only","2018-05-21","2026-06-24",305,0,0,0,0,0,False,0,False,False,"Not In Active Readiness Scope","Historical-only / not currently listed",False
"PIBTL-JUNB","","other","",False,"historical_only","2018-06-04","2018-06-29",17,0,0,0,0,0,False,0,False,False,"Not In Active Readiness Scope","Historical-only / not currently listed",False
"PIBTL-MAR","","other","",False,"historical_only","2018-02-19","2026-03-27",342,0,0,0,0,0,False,0,False,False,"Not In Active Readiness Scope","Historical-only / not currently listed",False
"PIBTL-MAY","","other","",False,"historical_only","2018-04-23","2026-05-29",332,0,0,0,0,0,False,0,False,False,"Not In Active Readiness Scope","Historical-only / not currently listed",False
"PIBTL-NOV","","other","",False,"historical_only","2018-10-22","2025-11-28",312,0,0,0,0,0,False,0,False,False,"Not In Active Readiness Scope","Historical-only / not currently listed",False
"PIBTL-OCT","","other","",False,"historical_only","2018-09-24","2025-10-31",349,0,0,0,0,0,False,0,False,False,"Not In Active Readiness Scope","Historical-only / not currently listed",False
"PIBTL-ODL","","unknown","",False,"historical_only","2019-01-10","2020-04-10",309,0,260,0,0,0,False,0,False,False,"Not In Active Readiness Scope","Historical-only / not currently listed",False
"PIBTL-SEP","","other","",False,"historical_only","2018-08-27","2026-08-04",318,0,0,0,0,0,False,0,False,False,"Not In Active Readiness Scope","Historical-only / not currently listed",False
"PIBTLR2","","unknown","",False,"historical_only","2017-01-25","2017-02-28",25,0,0,0,0,0,False,0,False,False,"Not In Active Readiness Scope","Historical-only / not currently listed",False
"PIBTLR3","","unknown","",False,"historical_only","2018-07-05","2018-07-27",16,0,0,0,0,0,False,0,False,False,"Not In Active Readiness Scope","Historical-only / not currently listed",False
"PICB-NOV","","other","",False,"historical_only","2021-08-30","2021-08-30",1,0,0,0,0,0,False,0,False,False,"Not In Active Readiness Scope","Historical-only / not currently listed",False
"PICIC-NOV","","other","",False,"historical_only","2021-08-30","2021-08-30",1,0,0,0,0,0,False,0,False,False,"Not In Active Readiness Scope","Historical-only / not currently listed",False
"PICL","Pakistan Industrial & Commercial Leasing","ordinary_equity","LEASING COMPANIES",True,"non_compliant","2021-10-25","2024-09-26",21,0,0,0,0,0,False,0,False,False,"Not In Active Readiness Scope","Currently listed but not recently traded",False
"PICT","Pakistan International Container","ordinary_equity","TRANSPORT",True,"listed_recently_traded","2016-07-26","2026-08-05",2312,0,0,0,0,0,False,0,False,False,"Data Quality Issue","price is not positive",False
"PICT-CNOV","","unknown","",False,"historical_only","2021-08-30","2021-08-30",1,0,0,0,0,0,False,0,False,False,"Not In Active Readiness Scope","Historical-only / not currently listed",False
"PICT-ODL","","unknown","",False,"historical_only","2019-01-11","2020-04-10",154,0,0,0,0,0,False,0,False,False,"Not In Active Readiness Scope","Historical-only / not currently listed",False
"PIF","","unknown","",False,"historical_only","2017-01-02","2018-05-14",308,0,0,0,0,0,False,0,False,False,"Not In Active Readiness Scope","Historical-only / not currently listed",False
"PIL","PICIC Insurance Limited","ordinary_equity","INSURANCE",True,"non_compliant","2016-07-26","2026-08-05",2439,0,0,0,0,0,False,0,False,False,"Data Quality Issue","price is not positive",False
"PIL-ODL","","unknown","",False,"historical_only","2019-01-10","2020-04-03",159,0,110,0,0,0,False,0,False,False,"Not In Active Readiness Scope","Historical-only / not currently listed",False
"PIM","Popular Islamic Modaraba","ordinary_equity","MODARABAS",True,"listed_recently_traded","2016-07-26","2026-08-05",1319,0,0,0,0,0,False,0,False,False,"Data Quality Issue","price is not positive",False
"PIM-ODL","","unknown","",False,"historical_only","2019-01-24","2020-03-26",7,0,0,0,0,0,False,0,False,False,"Not In Active Readiness Scope","Historical-only / not currently listed",False
"PINL","Premier Insurance Limited","ordinary_equity","INSURANCE",True,"listed_recently_traded","2016-07-26","2026-08-05",1675,0,0,0,0,0,False,0,False,False,"Data Quality Issue","price is not positive",False
"PINL-ODL","","unknown","",False,"historical_only","2019-01-10","2020-03-31",72,0,0,0,0,0,False,0,False,False,"Not In Active Readiness Scope","Historical-only / not currently listed",False
"PIOC","Pioneer Cement Limited","ordinary_equity","CEMENT",True,"listed_recently_traded","2016-07-26","2026-08-05",2484,2435,2435,1704,365,366,True,2435,True,True,"Ready","Eligible active ordinary equity with sufficient usable history and complete split/scaler artifacts",True
"PIOC-APR","","other","",False,"historical_only","2018-03-26","2026-04-24",276,0,0,0,0,0,False,0,False,False,"Not In Active Readiness Scope","Historical-only / not currently listed",False
"PIOC-APRB","","other","",False,"historical_only","2024-03-04","2025-04-25",57,0,0,0,0,0,False,0,False,False,"Not In Active Readiness Scope","Historical-only / not currently listed",False
"PIOC-AUG","","other","",False,"historical_only","2018-07-23","2026-08-05",314,0,0,0,0,0,False,0,False,False,"Not In Active Readiness Scope","Historical-only / not currently listed",False
"PIOC-CAPR","","unknown","",False,"historical_only","2019-01-28","2021-04-30",127,0,0,0,0,0,False,0,False,False,"Not In Active Readiness Scope","Historical-only / not currently listed",False
"PIOC-CAUG","","unknown","",False,"historical_only","2019-06-03","2021-08-27",180,0,0,0,0,0,False,0,False,False,"Not In Active Readiness Scope","Historical-only / not currently listed",False
"PIOC-CDEC","","unknown","",False,"historical_only","2018-10-01","2021-10-22",209,0,0,0,0,0,False,0,False,False,"Not In Active Readiness Scope","Historical-only / not currently listed",False
"PIOC-CFEB","","unknown","",False,"historical_only","2017-01-02","2021-02-26",159,0,0,0,0,0,False,0,False,False,"Not In Active Readiness Scope","Historical-only / not currently listed",False
"PIOC-CJAN","","unknown","",False,"historical_only","2017-01-02","2021-01-29",146,0,0,0,0,0,False,0,False,False,"Not In Active Readiness Scope","Historical-only / not currently listed",False
"PIOC-CJUL","","unknown","",False,"historical_only","2019-04-29","2021-07-30",179,0,0,0,0,0,False,0,False,False,"Not In Active Readiness Scope","Historical-only / not currently listed",False
"PIOC-CJUN","","unknown","",False,"historical_only","2019-04-01","2021-06-25",178,0,0,0,0,0,False,0,False,False,"Not In Active Readiness Scope","Historical-only / not currently listed",False
"PIOC-CMAR","","unknown","",False,"historical_only","2017-01-02","2021-03-26",188,0,0,0,0,0,False,0,False,False,"Not In Active Readiness Scope","Historical-only / not currently listed",False
"PIOC-CMAY","","unknown","",False,"historical_only","2019-02-25","2021-05-28",126,0,0,0,0,0,False,0,False,False,"Not In Active Readiness Scope","Historical-only / not currently listed",False
"PIOC-CNOV","","unknown","",False,"historical_only","2018-09-03","2021-10-22",228,0,0,0,0,0,False,0,False,False,"Not In Active Readiness Scope","Historical-only / not currently listed",False
"PIOC-COCT","","unknown","",False,"historical_only","2018-07-30","2021-10-22",238,0,0,0,0,0,False,0,False,False,"Not In Active Readiness Scope","Historical-only / not currently listed",False
"PIOC-CSEP","","unknown","",False,"historical_only","2018-07-02","2021-09-24",240,0,0,0,0,0,False,0,False,False,"Not In Active Readiness Scope","Historical-only / not currently listed",False
"PIOC-DEC","","other","",False,"historical_only","2018-11-26","2024-12-27",260,0,0,0,0,0,False,0,False,False,"Not In Active Readiness Scope","Historical-only / not currently listed",False
"PIOC-DECB","","other","",False,"historical_only","2025-11-13","2025-12-26",31,0,0,0,0,0,False,0,False,False,"Not In Active Readiness Scope","Historical-only / not currently listed",False
"PIOC-FEB","","other","",False,"historical_only","2018-01-22","2026-01-21",332,0,0,0,0,0,False,0,False,False,"Not In Active Readiness Scope","Historical-only / not currently listed",False
"PIOC-FEBB","","other","",False,"historical_only","2026-01-19","2026-02-27",29,0,0,0,0,0,False,0,False,False,"Not In Active Readiness Scope","Historical-only / not currently listed",False
"PIOC-JAN","","other","",False,"historical_only","2017-01-02","2026-01-21",334,0,0,0,0,0,False,0,False,False,"Not In Active Readiness Scope","Historical-only / not currently listed",False
"PIOC-JANB","","other","",False,"historical_only","2026-01-19","2026-01-30",10,0,0,0,0,0,False,0,False,False,"Not In Active Readiness Scope","Historical-only / not currently listed",False
"PIOC-JUL","","other","",False,"historical_only","2018-06-25","2026-07-31",331,0,0,0,0,0,False,0,False,False,"Not In Active Readiness Scope","Historical-only / not currently listed",False
"PIOC-JUN","","other","",False,"historical_only","2018-05-21","2026-06-24",313,0,0,0,0,0,False,0,False,False,"Not In Active Readiness Scope","Historical-only / not currently listed",False
"PIOC-MAR","","other","",False,"historical_only","2017-02-20","2026-01-21",319,0,0,0,0,0,False,0,False,False,"Not In Active Readiness Scope","Historical-only / not currently listed",False
"PIOC-MARB","","other","",False,"historical_only","2024-03-04","2026-03-27",70,21,21,0,0,0,False,0,False,False,"Not In Active Readiness Scope","Historical-only / not currently listed",False
"PIOC-MAY","","other","",False,"historical_only","2018-04-23","2026-05-29",270,0,0,0,0,0,False,0,False,False,"Not In Active Readiness Scope","Historical-only / not currently listed",False
"PIOC-MAYB","","other","",False,"historical_only","2024-03-04","2024-05-31",59,0,0,0,0,0,False,0,False,False,"Not In Active Readiness Scope","Historical-only / not currently listed",False
"PIOC-NOV","","other","",False,"historical_only","2018-10-22","2024-09-26",253,0,0,0,0,0,False,0,False,False,"Not In Active Readiness Scope","Historical-only / not currently listed",False
"PIOC-NOVB","","other","",False,"historical_only","2024-09-23","2025-11-28",56,0,0,0,0,0,False,0,False,False,"Not In Active Readiness Scope","Historical-only / not currently listed",False
"PIOC-OCT","","other","",False,"historical_only","2018-09-24","2025-10-15",295,0,0,0,0,0,False,0,False,False,"Not In Active Readiness Scope","Historical-only / not currently listed",False
"PIOC-OCTB","","other","",False,"historical_only","2024-09-23","2025-10-31",36,0,0,0,0,0,False,0,False,False,"Not In Active Readiness Scope","Historical-only / not currently listed",False
"PIOC-ODL","","unknown","",False,"historical_only","2019-01-10","2020-04-10",286,0,0,0,0,0,False,0,False,False,"Not In Active Readiness Scope","Historical-only / not currently listed",False
"PIOC-SEP","","other","",False,"historical_only","2018-08-27","2025-09-26",306,0,0,0,0,0,False,0,False,False,"Not In Active Readiness Scope","Historical-only / not currently listed",False
"PK03TB010623","","unknown","",False,"historical_only","2023-05-05","2023-05-05",1,0,0,0,0,0,False,0,False,False,"Not In Active Readiness Scope","Historical-only / not currently listed",False
"PK03TB021221","","unknown","",False,"historical_only","2021-10-25","2021-11-17",2,0,0,0,0,0,False,0,False,False,"Not In Active Readiness Scope","Historical-only / not currently listed",False
"PK03TB030425","","unknown","",False,"historical_only","2025-01-29","2025-01-29",1,0,0,0,0,0,False,0,False,False,"Not In Active Readiness Scope","Historical-only / not currently listed",False
"PK03TB031024","","unknown","",False,"historical_only","2024-08-30","2024-09-26",19,0,0,0,0,0,False,0,False,False,"Not In Active Readiness Scope","Historical-only / not currently listed",False
"PK03TB040523","","unknown","",False,"historical_only","2023-04-10","2023-04-20",8,0,0,0,0,0,False,0,False,False,"Not In Active Readiness Scope","Historical-only / not currently listed",False
"PK03TB050924","","unknown","",False,"historical_only","2024-08-30","2024-09-26",19,0,0,0,0,0,False,0,False,False,"Not In Active Readiness Scope","Historical-only / not currently listed",False
"PK03TB060423","","unknown","",False,"historical_only","2023-01-27","2023-04-04",3,0,0,0,0,0,False,0,False,False,"Not In Active Readiness Scope","Historical-only / not currently listed",False
"PK03TB080824","","unknown","",False,"historical_only","2024-08-30","2024-09-26",19,0,0,0,0,0,False,0,False,False,"Not In Active Readiness Scope","Historical-only / not currently listed",False
"PK03TB141124","","unknown","",False,"historical_only","2024-08-30","2024-09-26",19,0,0,0,0,0,False,0,False,False,"Not In Active Readiness Scope","Historical-only / not currently listed",False
"PK03TB150623","","unknown","",False,"historical_only","2023-04-03","2023-04-03",1,0,0,0,0,0,False,0,False,False,"Not In Active Readiness Scope","Historical-only / not currently listed",False
"PK03TB150721","","unknown","",False,"historical_only","2021-05-26","2021-05-26",1,0,0,0,0,0,False,0,False,False,"Not In Active Readiness Scope","Historical-only / not currently listed",False
"PK03TB171024","","unknown","",False,"historical_only","2024-08-30","2024-09-26",19,0,0,0,0,0,False,0,False,False,"Not In Active Readiness Scope","Historical-only / not currently listed",False
"PK03TB171122","","unknown","",False,"historical_only","2022-09-06","2022-09-14",3,0,0,0,0,0,False,0,False,False,"Not In Active Readiness Scope","Historical-only / not currently listed",False
"PK03TB190924","","unknown","",False,"historical_only","2024-08-30","2024-09-26",19,0,0,0,0,0,False,0,False,False,"Not In Active Readiness Scope","Historical-only / not currently listed",False
"PK03TB200423","","unknown","",False,"historical_only","2023-04-05","2023-04-06",2,0,0,0,0,0,False,0,False,False,"Not In Active Readiness Scope","Historical-only / not currently listed",False
"PK03TB200521","","unknown","",False,"historical_only","2021-03-11","2021-03-11",1,0,0,0,0,0,False,0,False,False,"Not In Active Readiness Scope","Historical-only / not currently listed",False
"PK03TB210422","","unknown","",False,"historical_only","2022-02-28","2022-02-28",1,0,0,0,0,0,False,0,False,False,"Not In Active Readiness Scope","Historical-only / not currently listed",False
"PK03TB220824","","unknown","",False,"historical_only","2024-08-30","2024-09-26",19,0,0,0,0,0,False,0,False,False,"Not In Active Readiness Scope","Historical-only / not currently listed",False
"PK03TB230223","","unknown","",False,"historical_only","2022-12-14","2022-12-14",1,0,0,0,0,0,False,0,False,False,"Not In Active Readiness Scope","Historical-only / not currently listed",False
"PK03TB240222","","unknown","",False,"historical_only","2021-12-09","2022-01-06",2,0,0,0,0,0,False,0,False,False,"Not In Active Readiness Scope","Historical-only / not currently listed",False
"PK03TB250724","","unknown","",False,"historical_only","2024-08-30","2024-09-26",19,0,0,0,0,0,False,0,False,False,"Not In Active Readiness Scope","Historical-only / not currently listed",False
"PK03TB260123","","unknown","",False,"historical_only","2022-11-04","2022-11-04",1,0,0,0,0,0,False,0,False,False,"Not In Active Readiness Scope","Historical-only / not currently listed",False
"PK03TB260821","","unknown","",False,"historical_only","2021-06-09","2021-06-09",1,0,0,0,0,0,False,0,False,False,"Not In Active Readiness Scope","Historical-only / not currently listed",False
"PK03TB280422","","unknown","",False,"historical_only","2022-02-18","2022-02-18",1,0,0,0,0,0,False,0,False,False,"Not In Active Readiness Scope","Historical-only / not currently listed",False
"PK03TB280722","","unknown","",False,"historical_only","2022-05-11","2022-06-15",2,0,0,0,0,0,False,0,False,False,"Not In Active Readiness Scope","Historical-only / not currently listed",False
"PK03TB281124","","unknown","",False,"historical_only","2024-09-09","2024-09-26",13,0,0,0,0,0,False,0,False,False,"Not In Active Readiness Scope","Historical-only / not currently listed",False
"PK03TB301221","","unknown","",False,"historical_only","2021-10-25","2021-10-25",1,0,0,0,0,0,False,0,False,False,"Not In Active Readiness Scope","Historical-only / not currently listed",False
"PK03TB311024","","unknown","",False,"historical_only","2024-08-30","2024-09-26",19,0,0,0,0,0,False,0,False,False,"Not In Active Readiness Scope","Historical-only / not currently listed",False
"PK06TB021221","","unknown","",False,"historical_only","2021-10-25","2021-11-24",2,0,0,0,0,0,False,0,False,False,"Not In Active Readiness Scope","Historical-only / not currently listed",False
"PK06TB031024","","unknown","",False,"historical_only","2024-08-30","2024-09-26",19,0,0,0,0,0,False,0,False,False,"Not In Active Readiness Scope","Historical-only / not currently listed",False
"PK06TB031122","","unknown","",False,"historical_only","2022-05-12","2022-05-12",1,0,0,0,0,0,False,0,False,False,"Not In Active Readiness Scope","Historical-only / not currently listed",False
"PK06TB050924","","unknown","",False,"historical_only","2024-08-30","2024-09-26",19,0,0,0,0,0,False,0,False,False,"Not In Active Readiness Scope","Historical-only / not currently listed",False
"PK06TB060225","","unknown","",False,"historical_only","2024-08-30","2024-09-26",19,0,0,0,0,0,False,0,False,False,"Not In Active Readiness Scope","Historical-only / not currently listed",False
"PK06TB060325","","unknown","",False,"historical_only","2024-09-09","2024-09-26",13,0,0,0,0,0,False,0,False,False,"Not In Active Readiness Scope","Historical-only / not currently listed",False
"PK06TB070422","","unknown","",False,"historical_only","2021-10-25","2021-10-25",1,0,0,0,0,0,False,0,False,False,"Not In Active Readiness Scope","Historical-only / not currently listed",False
"PK06TB080824","","unknown","",False,"historical_only","2024-08-30","2024-09-26",19,0,0,0,0,0,False,0,False,False,"Not In Active Readiness Scope","Historical-only / not currently listed",False
"PK06TB090125","","unknown","",False,"historical_only","2024-08-30","2024-09-26",19,0,0,0,0,0,False,0,False,False,"Not In Active Readiness Scope","Historical-only / not currently listed",False
"PK06TB100322","","unknown","",False,"historical_only","2021-10-20","2021-10-25",2,0,0,0,0,0,False,0,False,False,"Not In Active Readiness Scope","Historical-only / not currently listed",False
"PK06TB121224","","unknown","",False,"historical_only","2024-08-30","2024-09-26",19,0,0,0,0,0,False,0,False,False,"Not In Active Readiness Scope","Historical-only / not currently listed",False
"PK06TB141124","","unknown","",False,"historical_only","2024-08-30","2024-09-26",19,0,0,0,0,0,False,0,False,False,"Not In Active Readiness Scope","Historical-only / not currently listed",False
"PK06TB161221","","unknown","",False,"historical_only","2021-10-25","2021-10-25",1,0,0,0,0,0,False,0,False,False,"Not In Active Readiness Scope","Historical-only / not currently listed",False
"PK06TB171024","","unknown","",False,"historical_only","2024-08-30","2024-09-26",19,0,0,0,0,0,False,0,False,False,"Not In Active Readiness Scope","Historical-only / not currently listed",False
"PK06TB181121","","unknown","",False,"historical_only","2021-10-12","2021-10-25",2,0,0,0,0,0,False,0,False,False,"Not In Active Readiness Scope","Historical-only / not currently listed",False
"PK06TB190924","","unknown","",False,"historical_only","2024-08-30","2024-09-26",19,0,0,0,0,0,False,0,False,False,"Not In Active Readiness Scope","Historical-only / not currently listed",False
"PK06TB200225","","unknown","",False,"historical_only","2024-08-30","2024-09-26",19,0,0,0,0,0,False,0,False,False,"Not In Active Readiness Scope","Historical-only / not currently listed",False
"PK06TB220824","","unknown","",False,"historical_only","2024-08-30","2024-09-26",19,0,0,0,0,0,False,0,False,False,"Not In Active Readiness Scope","Historical-only / not currently listed",False
"PK06TB230125","","unknown","",False,"historical_only","2024-08-30","2024-09-26",19,0,0,0,0,0,False,0,False,False,"Not In Active Readiness Scope","Historical-only / not currently listed",False
"PK06TB250724","","unknown","",False,"historical_only","2024-08-30","2024-09-26",19,0,0,0,0,0,False,0,False,False,"Not In Active Readiness Scope","Historical-only / not currently listed",False
"PK06TB261224","","unknown","",False,"historical_only","2024-08-30","2024-09-26",19,0,0,0,0,0,False,0,False,False,"Not In Active Readiness Scope","Historical-only / not currently listed",False
"PK06TB270122","","unknown","",False,"historical_only","2021-10-25","2021-10-25",1,0,0,0,0,0,False,0,False,False,"Not In Active Readiness Scope","Historical-only / not currently listed",False
"PK06TB281124","","unknown","",False,"historical_only","2024-08-30","2024-09-26",19,0,0,0,0,0,False,0,False,False,"Not In Active Readiness Scope","Historical-only / not currently listed",False
"PK06TB301221","","unknown","",False,"historical_only","2021-07-16","2021-10-25",2,0,0,0,0,0,False,0,False,False,"Not In Active Readiness Scope","Historical-only / not currently listed",False
"PK06TB311024","","unknown","",False,"historical_only","2024-08-30","2024-09-26",19,0,0,0,0,0,False,0,False,False,"Not In Active Readiness Scope","Historical-only / not currently listed",False
"PK12TB020525","","unknown","",False,"historical_only","2024-08-30","2024-09-26",19,0,0,0,0,0,False,0,False,False,"Not In Active Readiness Scope","Historical-only / not currently listed",False
"PK12TB020622","","unknown","",False,"historical_only","2021-06-07","2021-06-07",1,0,0,0,0,0,False,0,False,False,"Not In Active Readiness Scope","Historical-only / not currently listed",False
"PK12TB031024","","unknown","",False,"historical_only","2024-08-30","2024-09-26",19,0,0,0,0,0,False,0,False,False,"Not In Active Readiness Scope","Historical-only / not currently listed",False
"PK12TB040925","","unknown","",False,"historical_only","2024-09-09","2024-09-26",13,0,0,0,0,0,False,0,False,False,"Not In Active Readiness Scope","Historical-only / not currently listed",False
"PK12TB050924","","unknown","",False,"historical_only","2024-08-30","2024-09-26",19,0,0,0,0,0,False,0,False,False,"Not In Active Readiness Scope","Historical-only / not currently listed",False
"PK12TB060225","","unknown","",False,"historical_only","2024-08-30","2024-09-26",19,0,0,0,0,0,False,0,False,False,"Not In Active Readiness Scope","Historical-only / not currently listed",False
"PK12TB060325","","unknown","",False,"historical_only","2024-08-30","2024-09-26",19,0,0,0,0,0,False,0,False,False,"Not In Active Readiness Scope","Historical-only / not currently listed",False
"PK12TB070825","","unknown","",False,"historical_only","2024-08-30","2024-09-26",19,0,0,0,0,0,False,0,False,False,"Not In Active Readiness Scope","Historical-only / not currently listed",False
"PK12TB080824","","unknown","",False,"historical_only","2024-08-30","2024-09-26",19,0,0,0,0,0,False,0,False,False,"Not In Active Readiness Scope","Historical-only / not currently listed",False
"PK12TB080922","","unknown","",False,"historical_only","2021-10-25","2021-10-25",1,0,0,0,0,0,False,0,False,False,"Not In Active Readiness Scope","Historical-only / not currently listed",False
"PK12TB090125","","unknown","",False,"historical_only","2024-08-30","2024-09-26",19,0,0,0,0,0,False,0,False,False,"Not In Active Readiness Scope","Historical-only / not currently listed",False
"PK12TB100222","","unknown","",False,"historical_only","2021-10-25","2021-10-25",1,0,0,0,0,0,False,0,False,False,"Not In Active Readiness Scope","Historical-only / not currently listed",False
"PK12TB100322","","unknown","",False,"historical_only","2021-10-25","2021-10-25",1,0,0,0,0,0,False,0,False,False,"Not In Active Readiness Scope","Historical-only / not currently listed",False
"PK12TB100725","","unknown","",False,"historical_only","2024-08-30","2024-09-26",19,0,0,0,0,0,False,0,False,False,"Not In Active Readiness Scope","Historical-only / not currently listed",False
"PK12TB120625","","unknown","",False,"historical_only","2024-08-30","2024-09-26",19,0,0,0,0,0,False,0,False,False,"Not In Active Readiness Scope","Historical-only / not currently listed",False
"PK12TB121224","","unknown","",False,"historical_only","2024-08-30","2024-09-26",19,0,0,0,0,0,False,0,False,False,"Not In Active Readiness Scope","Historical-only / not currently listed",False
"PK12TB141124","","unknown","",False,"historical_only","2024-08-30","2024-09-26",19,0,0,0,0,0,False,0,False,False,"Not In Active Readiness Scope","Historical-only / not currently listed",False
"PK12TB150525","","unknown","",False,"historical_only","2024-08-30","2024-09-26",19,0,0,0,0,0,False,0,False,False,"Not In Active Readiness Scope","Historical-only / not currently listed",False
"PK12TB160622","","unknown","",False,"historical_only","2021-07-23","2021-10-25",2,0,0,0,0,0,False,0,False,False,"Not In Active Readiness Scope","Historical-only / not currently listed",False
"PK12TB161123","","unknown","",False,"historical_only","2022-12-06","2022-12-06",1,0,0,0,0,0,False,0,False,False,"Not In Active Readiness Scope","Historical-only / not currently listed",False
"PK12TB170425","","unknown","",False,"historical_only","2024-08-30","2024-09-26",19,0,0,0,0,0,False,0,False,False,"Not In Active Readiness Scope","Historical-only / not currently listed",False
"PK12TB171024","","unknown","",False,"historical_only","2024-08-30","2024-09-26",19,0,0,0,0,0,False,0,False,False,"Not In Active Readiness Scope","Historical-only / not currently listed",False
"PK12TB190522","","unknown","",False,"historical_only","2021-10-25","2021-10-25",1,0,0,0,0,0,False,0,False,False,"Not In Active Readiness Scope","Historical-only / not currently listed",False
"PK12TB190924","","unknown","",False,"historical_only","2024-08-30","2024-09-26",19,0,0,0,0,0,False,0,False,False,"Not In Active Readiness Scope","Historical-only / not currently listed",False
"PK12TB200225","","unknown","",False,"historical_only","2024-08-30","2024-09-26",19,0,0,0,0,0,False,0,False,False,"Not In Active Readiness Scope","Historical-only / not currently listed",False
"PK12TB200325","","unknown","",False,"historical_only","2024-08-30","2024-09-26",19,0,0,0,0,0,False,0,False,False,"Not In Active Readiness Scope","Historical-only / not currently listed",False
"PK12TB210825","","unknown","",False,"historical_only","2024-08-30","2024-09-26",19,0,0,0,0,0,False,0,False,False,"Not In Active Readiness Scope","Historical-only / not currently listed",False
"PK12TB220824","","unknown","",False,"historical_only","2024-08-30","2024-09-26",19,0,0,0,0,0,False,0,False,False,"Not In Active Readiness Scope","Historical-only / not currently listed",False
"PK12TB230125","","unknown","",False,"historical_only","2024-08-30","2024-09-26",19,0,0,0,0,0,False,0,False,False,"Not In Active Readiness Scope","Historical-only / not currently listed",False
"PK12TB240725","","unknown","",False,"historical_only","2024-08-30","2024-09-26",19,0,0,0,0,0,False,0,False,False,"Not In Active Readiness Scope","Historical-only / not currently listed",False
"PK12TB250724","","unknown","",False,"historical_only","2024-08-30","2024-09-26",19,0,0,0,0,0,False,0,False,False,"Not In Active Readiness Scope","Historical-only / not currently listed",False
"PK12TB260625","","unknown","",False,"historical_only","2024-08-30","2024-09-26",19,0,0,0,0,0,False,0,False,False,"Not In Active Readiness Scope","Historical-only / not currently listed",False
"PK12TB261224","","unknown","",False,"historical_only","2024-08-30","2024-09-26",19,0,0,0,0,0,False,0,False,False,"Not In Active Readiness Scope","Historical-only / not currently listed",False
"PK12TB280122","","unknown","",False,"historical_only","2021-10-25","2021-10-25",1,0,0,0,0,0,False,0,False,False,"Not In Active Readiness Scope","Historical-only / not currently listed",False
"PK12TB281124","","unknown","",False,"historical_only","2024-08-30","2024-09-26",19,0,0,0,0,0,False,0,False,False,"Not In Active Readiness Scope","Historical-only / not currently listed",False
"PK12TB290525","","unknown","",False,"historical_only","2024-08-30","2024-09-26",19,0,0,0,0,0,False,0,False,False,"Not In Active Readiness Scope","Historical-only / not currently listed",False
"PK12TB301221","","unknown","",False,"historical_only","2021-10-25","2021-10-25",1,0,0,0,0,0,False,0,False,False,"Not In Active Readiness Scope","Historical-only / not currently listed",False
"PK12TB311024","","unknown","",False,"historical_only","2024-08-30","2024-09-26",19,0,0,0,0,0,False,0,False,False,"Not In Active Readiness Scope","Historical-only / not currently listed",False
"PKGI","The Pakistan General Insurance Co. Ltd.","ordinary_equity","INSURANCE",True,"listed_recently_traded","2016-07-26","2026-08-05",2016,0,0,0,0,0,False,0,False,False,"Data Quality Issue","price is not positive",False
"PKGI-ODL","","unknown","",False,"historical_only","2019-01-17","2020-04-08",91,0,0,0,0,0,False,0,False,False,"Not In Active Readiness Scope","Historical-only / not currently listed",False
"PKGIR","","unknown","",False,"historical_only","2024-05-27","2024-06-07",9,0,0,0,0,0,False,0,False,False,"Not In Active Readiness Scope","Historical-only / not currently listed",False
"PKGP","Pakgen Power Limited","ordinary_equity","POWER GENERATION & DISTRIBUTION",True,"listed_recently_traded","2016-07-26","2026-08-05",2393,0,0,0,0,0,False,0,False,False,"Data Quality Issue","price is not positive",False
"PKGP-CNOV","","unknown","",False,"historical_only","2021-08-30","2021-08-30",1,0,0,0,0,0,False,0,False,False,"Not In Active Readiness Scope","Historical-only / not currently listed",False
"PKGP-NOV","","other","",False,"historical_only","2021-08-30","2021-08-30",1,0,0,0,0,0,False,0,False,False,"Not In Active Readiness Scope","Historical-only / not currently listed",False
"PKGP-ODL","","unknown","",False,"historical_only","2019-01-10","2020-03-30",120,0,0,0,0,0,False,0,False,False,"Not In Active Readiness Scope","Historical-only / not currently listed",False
"PKGS","Packages Limited","ordinary_equity","PAPER, BOARD & PACKAGING",True,"listed_recently_traded","2016-07-26","2026-08-05",2466,0,0,0,0,0,False,0,False,False,"Data Quality Issue","price is not positive",False
"PKGS-APR","","other","",False,"historical_only","2024-01-29","2024-04-26",59,0,0,0,0,0,False,0,False,False,"Not In Active Readiness Scope","Historical-only / not currently listed",False
"PKGS-AUG","","other","",False,"historical_only","2024-06-03","2024-08-30",59,0,0,0,0,0,False,0,False,False,"Not In Active Readiness Scope","Historical-only / not currently listed",False
"PKGS-FEB","","other","",False,"historical_only","2024-01-29","2024-02-23",18,0,0,0,0,0,False,0,False,False,"Not In Active Readiness Scope","Historical-only / not currently listed",False
"PKGS-JUL","","other","",False,"historical_only","2024-04-29","2024-07-26",58,0,0,0,0,0,False,0,False,False,"Not In Active Readiness Scope","Historical-only / not currently listed",False
"PKGS-JUN","","other","",False,"historical_only","2024-04-01","2024-06-28",56,0,0,0,0,0,False,0,False,False,"Not In Active Readiness Scope","Historical-only / not currently listed",False
"PKGS-MAR","","other","",False,"historical_only","2024-01-29","2024-03-29",43,0,0,0,0,0,False,0,False,False,"Not In Active Readiness Scope","Historical-only / not currently listed",False
"PKGS-MAY","","other","",False,"historical_only","2024-02-26","2024-05-31",64,0,0,0,0,0,False,0,False,False,"Not In Active Readiness Scope","Historical-only / not currently listed",False
"PKGS-NOV","","other","",False,"historical_only","2021-08-30","2021-08-30",1,0,0,0,0,0,False,0,False,False,"Not In Active Readiness Scope","Historical-only / not currently listed",False
"PKGS-OCT","","other","",False,"historical_only","2024-07-29","2024-09-26",42,0,0,0,0,0,False,0,False,False,"Not In Active Readiness Scope","Historical-only / not currently listed",False
"PKGS-ODL","","unknown","",False,"historical_only","2019-01-10","2020-04-10",250,0,0,0,0,0,False,0,False,False,"Not In Active Readiness Scope","Historical-only / not currently listed",False
"PKGS-SEP","","other","",False,"historical_only","2024-07-01","2024-09-26",60,0,0,0,0,0,False,0,False,False,"Not In Active Readiness Scope","Historical-only / not currently listed",False
"PMI","","unknown","",False,"historical_only","2016-07-26","2025-07-25",2107,0,0,0,0,0,False,0,False,False,"Not In Active Readiness Scope","Historical-only / not currently listed",False
"PMI-ODL","","unknown","",False,"historical_only","2019-01-11","2020-04-09",96,0,0,0,0,0,False,0,False,False,"Not In Active Readiness Scope","Historical-only / not currently listed",False
"PMPK","","unknown","",False,"historical_only","2016-07-26","2025-10-03",1221,0,0,0,0,0,False,0,False,False,"Not In Active Readiness Scope","Historical-only / not currently listed",False
"PMPK-ODL","","unknown","",False,"historical_only","2019-01-23","2020-03-25",43,0,0,0,0,0,False,0,False,False,"Not In Active Readiness Scope","Historical-only / not currently listed",False
"PMRS","The Premier Sugar Mills","ordinary_equity","SUGAR & ALLIED INDUSTRIES",True,"listed_recently_traded","2016-07-26","2026-08-05",783,0,0,0,0,0,False,0,False,False,"Data Quality Issue","price is not positive",False
"PMRS-ODL","","unknown","",False,"historical_only","2019-01-23","2020-03-19",29,0,0,0,0,0,False,0,False,False,"Not In Active Readiness Scope","Historical-only / not currently listed",False
"PNGRS","","unknown","",False,"historical_only","2016-07-26","2017-03-03",153,0,0,0,0,0,False,0,False,False,"Not In Active Readiness Scope","Historical-only / not currently listed",False
"PNSC","Pakistan National Shipping Corporation","ordinary_equity","TRANSPORT",True,"listed_recently_traded","2016-07-26","2026-08-05",2470,0,0,0,0,0,False,0,False,False,"Data Quality Issue","price is not positive",False
"PNSC-ODL","","unknown","",False,"historical_only","2019-01-11","2020-04-06",209,0,0,0,0,0,False,0,False,False,"Not In Active Readiness Scope","Historical-only / not currently listed",False
"POL","Pakistan Oilfields Limited","ordinary_equity","OIL & GAS EXPLORATION COMPANIES",True,"listed_recently_traded","2016-07-26","2026-08-05",2484,2435,2435,1704,365,366,True,2435,True,True,"Ready","Eligible active ordinary equity with sufficient usable history and complete split/scaler artifacts",True
"POL-APR","","other","",False,"historical_only","2018-03-26","2025-04-25",136,0,0,0,0,0,False,0,False,False,"Not In Active Readiness Scope","Historical-only / not currently listed",False
"POL-APRB","","other","",False,"historical_only","2022-02-07","2026-04-24",158,0,0,0,0,0,False,0,False,False,"Not In Active Readiness Scope","Historical-only / not currently listed",False
"POL-AUG","","other","",False,"historical_only","2018-07-23","2026-07-30",278,0,0,0,0,0,False,0,False,False,"Not In Active Readiness Scope","Historical-only / not currently listed",False
"POL-CFEB","","unknown","",False,"historical_only","2017-01-02","2017-02-24",40,0,0,0,0,0,False,0,False,False,"Not In Active Readiness Scope","Historical-only / not currently listed",False
"POL-CJAN","","unknown","",False,"historical_only","2017-01-02","2017-01-27",20,0,0,0,0,0,False,0,False,False,"Not In Active Readiness Scope","Historical-only / not currently listed",False
"POL-CMAR","","unknown","",False,"historical_only","2017-01-02","2017-03-31",64,0,0,0,0,0,False,0,False,False,"Not In Active Readiness Scope","Historical-only / not currently listed",False
"POL-CNOV","","unknown","",False,"historical_only","2021-08-30","2021-08-30",1,0,0,0,0,0,False,0,False,False,"Not In Active Readiness Scope","Historical-only / not currently listed",False
"POL-DEC","","other","",False,"historical_only","2018-11-26","2025-12-26",223,0,0,0,0,0,False,0,False,False,"Not In Active Readiness Scope","Historical-only / not currently listed",False
"POL-FEB","","other","",False,"historical_only","2018-01-22","2026-02-27",218,0,0,0,0,0,False,0,False,False,"Not In Active Readiness Scope","Historical-only / not currently listed",False
"POL-FEBB","","other","",False,"historical_only","2022-02-07","2025-02-27",33,0,0,0,0,0,False,0,False,False,"Not In Active Readiness Scope","Historical-only / not currently listed",False
"POL-JAN","","other","",False,"historical_only","2017-01-02","2026-01-30",242,0,0,0,0,0,False,0,False,False,"Not In Active Readiness Scope","Historical-only / not currently listed",False
"POL-JUL","","other","",False,"historical_only","2018-06-25","2026-07-31",286,0,0,0,0,0,False,0,False,False,"Not In Active Readiness Scope","Historical-only / not currently listed",False
"POL-JUN","","other","",False,"historical_only","2018-05-21","2026-06-24",267,0,0,0,0,0,False,0,False,False,"Not In Active Readiness Scope","Historical-only / not currently listed",False
"POL-MAR","","other","",False,"historical_only","2018-02-19","2026-02-27",169,0,0,0,0,0,False,0,False,False,"Not In Active Readiness Scope","Historical-only / not currently listed",False
"POL-MARB","","other","",False,"historical_only","2022-02-07","2026-03-27",113,0,0,0,0,0,False,0,False,False,"Not In Active Readiness Scope","Historical-only / not currently listed",False
"POL-MAY","","other","",False,"historical_only","2018-04-23","2026-05-29",238,0,0,0,0,0,False,0,False,False,"Not In Active Readiness Scope","Historical-only / not currently listed",False
"POL-MAYB","","other","",False,"historical_only","2023-03-06","2023-05-26",54,0,0,0,0,0,False,0,False,False,"Not In Active Readiness Scope","Historical-only / not currently listed",False
"POL-NOV","","other","",False,"historical_only","2018-10-22","2024-09-26",188,0,0,0,0,0,False,0,False,False,"Not In Active Readiness Scope","Historical-only / not currently listed",False
"POL-NOVB","","other","",False,"historical_only","2023-09-25","2025-11-28",66,0,0,0,0,0,False,0,False,False,"Not In Active Readiness Scope","Historical-only / not currently listed",False
"POL-OCT","","other","",False,"historical_only","2018-09-24","2025-09-24",184,0,0,0,0,0,False,0,False,False,"Not In Active Readiness Scope","Historical-only / not currently listed",False
"POL-OCTB","","other","",False,"historical_only","2021-08-30","2025-10-31",116,0,0,0,0,0,False,0,False,False,"Not In Active Readiness Scope","Historical-only / not currently listed",False
"POL-ODL","","unknown","",False,"historical_only","2019-01-10","2020-03-20",294,0,245,0,0,0,False,0,False,False,"Not In Active Readiness Scope","Historical-only / not currently listed",False
"POL-SEP","","other","",False,"historical_only","2018-08-27","2025-09-26",245,0,0,0,0,0,False,0,False,False,"Not In Active Readiness Scope","Historical-only / not currently listed",False
"POL-SEPB","","other","",False,"historical_only","2022-08-22","2022-09-30",30,0,0,0,0,0,False,0,False,False,"Not In Active Readiness Scope","Historical-only / not currently listed",False
"POML","Punjab Oil Mills Limited","ordinary_equity","VANASPATI & ALLIED INDUSTRIES",True,"listed_recently_traded","2016-07-26","2026-08-05",1735,0,0,0,0,0,False,0,False,False,"Data Quality Issue","price is not positive",False
"POML-ODL","","unknown","",False,"historical_only","2019-01-23","2020-03-18",40,0,0,0,0,0,False,0,False,False,"Not In Active Readiness Scope","Historical-only / not currently listed",False
"POWER","Power Cement Limited","ordinary_equity","CEMENT",True,"listed_recently_traded","2016-07-26","2026-08-05",2484,2435,2435,1704,365,366,True,2435,True,True,"Ready","Eligible active ordinary equity with sufficient usable history and complete split/scaler artifacts",True
"POWER-APR","","other","",False,"historical_only","2017-03-27","2026-04-24",332,0,0,0,0,0,False,0,False,False,"Not In Active Readiness Scope","Historical-only / not currently listed",False
"POWER-AUG","","other","",False,"historical_only","2017-07-24","2026-08-05",310,0,0,0,0,0,False,0,False,False,"Not In Active Readiness Scope","Historical-only / not currently listed",False
"POWER-CAPR","","unknown","",False,"historical_only","2018-01-29","2021-04-30",190,0,0,0,0,0,False,0,False,False,"Not In Active Readiness Scope","Historical-only / not currently listed",False
"POWER-CAUG","","unknown","",False,"historical_only","2017-05-29","2018-08-31",122,0,0,0,0,0,False,0,False,False,"Not In Active Readiness Scope","Historical-only / not currently listed",False
"POWER-CDEC","","unknown","",False,"historical_only","2017-10-02","2021-10-22",145,0,0,0,0,0,False,0,False,False,"Not In Active Readiness Scope","Historical-only / not currently listed",False
"POWER-CFEB","","unknown","",False,"historical_only","2017-11-27","2021-02-26",182,0,0,0,0,0,False,0,False,False,"Not In Active Readiness Scope","Historical-only / not currently listed",False
"POWER-CJAN","","unknown","",False,"historical_only","2017-10-30","2019-01-25",125,0,0,0,0,0,False,0,False,False,"Not In Active Readiness Scope","Historical-only / not currently listed",False
"POWER-CJUL","","unknown","",False,"historical_only","2017-05-02","2018-07-27",120,0,0,0,0,0,False,0,False,False,"Not In Active Readiness Scope","Historical-only / not currently listed",False
"POWER-CJUN","","unknown","",False,"historical_only","2017-04-03","2019-06-28",180,0,0,0,0,0,False,0,False,False,"Not In Active Readiness Scope","Historical-only / not currently listed",False
"POWER-CMAR","","unknown","",False,"historical_only","2018-01-01","2021-03-26",187,0,0,0,0,0,False,0,False,False,"Not In Active Readiness Scope","Historical-only / not currently listed",False
"POWER-CMAY","","unknown","",False,"historical_only","2017-02-27","2021-05-28",252,0,0,0,0,0,False,0,False,False,"Not In Active Readiness Scope","Historical-only / not currently listed",False
"POWER-CNOV","","unknown","",False,"historical_only","2017-08-28","2021-10-22",164,0,0,0,0,0,False,0,False,False,"Not In Active Readiness Scope","Historical-only / not currently listed",False
"POWER-COCT","","unknown","",False,"historical_only","2017-07-31","2021-10-22",178,0,0,0,0,0,False,0,False,False,"Not In Active Readiness Scope","Historical-only / not currently listed",False
"POWER-CSEP","","unknown","",False,"historical_only","2017-07-03","2018-09-28",120,0,0,0,0,0,False,0,False,False,"Not In Active Readiness Scope","Historical-only / not currently listed",False
"POWER-DEC","","other","",False,"historical_only","2017-11-20","2025-12-26",290,0,0,0,0,0,False,0,False,False,"Not In Active Readiness Scope","Historical-only / not currently listed",False
"POWER-FEB","","other","",False,"historical_only","2018-01-22","2026-02-27",318,0,0,0,0,0,False,0,False,False,"Not In Active Readiness Scope","Historical-only / not currently listed",False
"POWER-JAN","","other","",False,"historical_only","2017-12-26","2026-01-30",316,0,0,0,0,0,False,0,False,False,"Not In Active Readiness Scope","Historical-only / not currently listed",False
"POWER-JUL","","other","",False,"historical_only","2017-06-29","2026-07-31",327,0,0,0,0,0,False,0,False,False,"Not In Active Readiness Scope","Historical-only / not currently listed",False
"POWER-JUN","","other","",False,"historical_only","2017-05-22","2026-06-24",313,0,0,0,0,0,False,0,False,False,"Not In Active Readiness Scope","Historical-only / not currently listed",False
"POWER-MAR","","other","",False,"historical_only","2017-02-20","2026-03-27",345,0,0,0,0,0,False,0,False,False,"Not In Active Readiness Scope","Historical-only / not currently listed",False
"POWER-MAY","","other","",False,"historical_only","2017-04-24","2026-05-29",313,0,0,0,0,0,False,0,False,False,"Not In Active Readiness Scope","Historical-only / not currently listed",False
"POWER-MAYB","","other","",False,"historical_only","2017-05-02","2017-05-26",19,0,0,0,0,0,False,0,False,False,"Not In Active Readiness Scope","Historical-only / not currently listed",False
"POWER-NOV","","other","",False,"historical_only","2017-10-23","2025-11-28",301,0,0,0,0,0,False,0,False,False,"Not In Active Readiness Scope","Historical-only / not currently listed",False
"POWER-OCT","","other","",False,"historical_only","2017-09-25","2025-10-31",330,0,0,0,0,0,False,0,False,False,"Not In Active Readiness Scope","Historical-only / not currently listed",False
"POWER-ODL","","unknown","",False,"historical_only","2019-01-10","2020-04-10",302,0,0,0,0,0,False,0,False,False,"Not In Active Readiness Scope","Historical-only / not currently listed",False
"POWER-SEP","","other","",False,"historical_only","2017-08-21","2025-09-26",315,0,0,0,0,0,False,0,False,False,"Not In Active Readiness Scope","Historical-only / not currently listed",False
"POWERPS","Power Cement (Pref)","preference_share","CEMENT",True,"listed_recently_traded","2020-09-21","2026-08-05",842,0,0,0,0,0,False,0,False,False,"Data Quality Issue","price is not positive",False
"POWERR","","unknown","",False,"historical_only","2017-05-24","2017-06-15",17,0,0,0,0,0,False,0,False,False,"Not In Active Readiness Scope","Historical-only / not currently listed",False
"POWERR1","","unknown","",False,"historical_only","2020-08-10","2020-09-01",16,0,0,0,0,0,False,0,False,False,"Not In Active Readiness Scope","Historical-only / not currently listed",False
"PPL","Pakistan Petroleum Limited","ordinary_equity","OIL & GAS EXPLORATION COMPANIES",True,"listed_recently_traded","2016-07-26","2026-08-05",2484,2435,2435,1704,365,366,True,2435,True,True,"Ready","Eligible active ordinary equity with sufficient usable history and complete split/scaler artifacts",True
"PPL-APR","","other","",False,"historical_only","2018-03-26","2026-02-19",178,0,0,0,0,0,False,0,False,False,"Not In Active Readiness Scope","Historical-only / not currently listed",False
"PPL-APRB","","other","",False,"historical_only","2022-02-28","2026-04-24",170,0,0,0,0,0,False,0,False,False,"Not In Active Readiness Scope","Historical-only / not currently listed",False
"PPL-AUG","","other","",False,"historical_only","2018-07-23","2026-08-05",317,0,0,0,0,0,False,0,False,False,"Not In Active Readiness Scope","Historical-only / not currently listed",False
"PPL-CAPR","","unknown","",False,"historical_only","2018-01-29","2021-04-30",248,0,0,0,0,0,False,0,False,False,"Not In Active Readiness Scope","Historical-only / not currently listed",False
"PPL-CAUG","","unknown","",False,"historical_only","2018-05-28","2021-08-27",242,0,0,0,0,0,False,0,False,False,"Not In Active Readiness Scope","Historical-only / not currently listed",False
"PPL-CDEC","","unknown","",False,"historical_only","2017-10-02","2025-12-26",291,0,0,0,0,0,False,0,False,False,"Not In Active Readiness Scope","Historical-only / not currently listed",False
"PPL-CFEB","","unknown","",False,"historical_only","2017-01-02","2021-02-26",285,0,0,0,0,0,False,0,False,False,"Not In Active Readiness Scope","Historical-only / not currently listed",False
"PPL-CJAN","","unknown","",False,"historical_only","2017-01-02","2026-01-26",294,0,0,0,0,0,False,0,False,False,"Not In Active Readiness Scope","Historical-only / not currently listed",False
"PPL-CJUL","","unknown","",False,"historical_only","2018-04-30","2021-07-30",239,0,0,0,0,0,False,0,False,False,"Not In Active Readiness Scope","Historical-only / not currently listed",False
"PPL-CJUN","","unknown","",False,"historical_only","2018-04-02","2021-06-25",239,0,0,0,0,0,False,0,False,False,"Not In Active Readiness Scope","Historical-only / not currently listed",False
"PPL-CMAR","","unknown","",False,"historical_only","2017-01-02","2021-03-26",314,0,0,0,0,0,False,0,False,False,"Not In Active Readiness Scope","Historical-only / not currently listed",False
"PPL-CMAY","","unknown","",False,"historical_only","2018-02-26","2021-05-28",248,0,0,0,0,0,False,0,False,False,"Not In Active Readiness Scope","Historical-only / not currently listed",False
"PPL-CNOV","","unknown","",False,"historical_only","2017-08-28","2021-10-22",291,0,0,0,0,0,False,0,False,False,"Not In Active Readiness Scope","Historical-only / not currently listed",False
"PPL-COCT","","unknown","",False,"historical_only","2018-07-30","2021-10-22",238,0,0,0,0,0,False,0,False,False,"Not In Active Readiness Scope","Historical-only / not currently listed",False
"PPL-CSEP","","unknown","",False,"historical_only","2018-07-02","2021-09-24",240,0,0,0,0,0,False,0,False,False,"Not In Active Readiness Scope","Historical-only / not currently listed",False
"PPL-DEC","","other","",False,"historical_only","2017-11-20","2024-11-01",265,0,0,0,0,0,False,0,False,False,"Not In Active Readiness Scope","Historical-only / not currently listed",False
"PPL-DECB","","other","",False,"historical_only","2024-11-20","2024-12-27",26,0,0,0,0,0,False,0,False,False,"Not In Active Readiness Scope","Historical-only / not currently listed",False
"PPL-DECC","","other","",False,"historical_only","2025-11-18","2025-12-26",27,0,0,0,0,0,False,0,False,False,"Not In Active Readiness Scope","Historical-only / not currently listed",False
"PPL-FEB","","other","",False,"historical_only","2018-01-22","2026-02-25",342,0,0,0,0,0,False,0,False,False,"Not In Active Readiness Scope","Historical-only / not currently listed",False
"PPL-JAN","","other","",False,"historical_only","2017-01-02","2026-01-30",343,0,0,0,0,0,False,0,False,False,"Not In Active Readiness Scope","Historical-only / not currently listed",False
"PPL-JANB","","other","",False,"historical_only","2024-12-12","2025-01-31",35,0,0,0,0,0,False,0,False,False,"Not In Active Readiness Scope","Historical-only / not currently listed",False
"PPL-JUL","","other","",False,"historical_only","2018-06-25","2024-05-07",229,0,0,0,0,0,False,0,False,False,"Not In Active Readiness Scope","Historical-only / not currently listed",False
"PPL-JULB","","other","",False,"historical_only","2024-05-03","2026-07-31",115,0,0,0,0,0,False,0,False,False,"Not In Active Readiness Scope","Historical-only / not currently listed",False
"PPL-JUN","","other","",False,"historical_only","2018-05-21","2026-05-11",237,0,0,0,0,0,False,0,False,False,"Not In Active Readiness Scope","Historical-only / not currently listed",False
"PPL-JUNB","","other","",False,"historical_only","2024-05-03","2026-06-24",92,0,0,0,0,0,False,0,False,False,"Not In Active Readiness Scope","Historical-only / not currently listed",False
"PPL-MAR","","other","",False,"historical_only","2018-02-19","2026-02-25",266,0,0,0,0,0,False,0,False,False,"Not In Active Readiness Scope","Historical-only / not currently listed",False
"PPL-MARB","","other","",False,"historical_only","2022-02-28","2026-03-27",103,54,54,0,0,0,False,0,False,False,"Not In Active Readiness Scope","Historical-only / not currently listed",False
"PPL-MAY","","other","",False,"historical_only","2018-04-23","2026-05-11",202,0,0,0,0,0,False,0,False,False,"Not In Active Readiness Scope","Historical-only / not currently listed",False
"PPL-MAYB","","other","",False,"historical_only","2023-03-06","2026-05-29",133,0,0,0,0,0,False,0,False,False,"Not In Active Readiness Scope","Historical-only / not currently listed",False
"PPL-MAYC","","other","",False,"historical_only","2024-05-03","2024-05-31",20,0,0,0,0,0,False,0,False,False,"Not In Active Readiness Scope","Historical-only / not currently listed",False
"PPL-NOV","","other","",False,"historical_only","2017-10-23","2025-10-15",179,0,0,0,0,0,False,0,False,False,"Not In Active Readiness Scope","Historical-only / not currently listed",False
"PPL-NOVB","","other","",False,"historical_only","2021-09-27","2025-11-04",148,0,0,0,0,0,False,0,False,False,"Not In Active Readiness Scope","Historical-only / not currently listed",False
"PPL-NOVC","","other","",False,"historical_only","2024-11-04","2025-11-28",41,0,0,0,0,0,False,0,False,False,"Not In Active Readiness Scope","Historical-only / not currently listed",False
"PPL-OCT","","other","",False,"historical_only","2017-09-25","2025-10-15",257,0,0,0,0,0,False,0,False,False,"Not In Active Readiness Scope","Historical-only / not currently listed",False
"PPL-OCTB","","other","",False,"historical_only","2019-10-07","2025-10-31",129,80,80,0,0,0,False,0,False,False,"Not In Active Readiness Scope","Historical-only / not currently listed",False
"PPL-ODL","","unknown","",False,"historical_only","2019-01-10","2020-03-20",295,0,246,0,0,0,False,0,False,False,"Not In Active Readiness Scope","Historical-only / not currently listed",False
"PPL-SEP","","other","",False,"historical_only","2017-08-21","2025-09-26",344,0,0,0,0,0,False,0,False,False,"Not In Active Readiness Scope","Historical-only / not currently listed",False
"PPL-SEPB","","other","",False,"historical_only","2021-08-30","2021-08-30",1,0,0,0,0,0,False,0,False,False,"Not In Active Readiness Scope","Historical-only / not currently listed",False
"PPP","Pakistan Paper Products Limited","ordinary_equity","PAPER, BOARD & PACKAGING",True,"listed_recently_traded","2016-07-26","2026-08-05",1547,0,0,0,0,0,False,0,False,False,"Data Quality Issue","price is not positive",False
"PPP-ODL","","unknown","",False,"historical_only","2019-01-14","2020-04-09",68,0,0,0,0,0,False,0,False,False,"Not In Active Readiness Scope","Historical-only / not currently listed",False
"PPVC","Pakistan PVC Limited","ordinary_equity","CHEMICAL",True,"non_compliant","2016-07-26","2026-08-05",1675,0,0,0,0,0,False,0,False,False,"Data Quality Issue","price is not positive",False
"PPVC-ODL","","unknown","",False,"historical_only","2019-01-17","2020-03-18",14,0,0,0,0,0,False,0,False,False,"Not In Active Readiness Scope","Historical-only / not currently listed",False
"PQGTL","Pak Qatar General Takaful Limited","ordinary_equity","INSURANCE",True,"listed_recently_traded","2026-02-10","2026-08-05",119,70,70,0,0,0,False,0,False,False,"Insufficient History","70 usable rows; minimum is 252",False
"PREMA","At-Tahur Limited","ordinary_equity","FOOD & PERSONAL CARE PRODUCTS",True,"listed_recently_traded","2018-07-30","2026-08-05",1981,0,0,0,0,0,False,0,False,False,"Data Quality Issue","price is not positive",False
"PREMA-APR","","other","",False,"historical_only","2026-03-24","2026-04-24",24,0,0,0,0,0,False,0,False,False,"Not In Active Readiness Scope","Historical-only / not currently listed",False
"PREMA-AUG","","other","",False,"historical_only","2025-07-21","2026-08-05",39,0,0,0,0,0,False,0,False,False,"Not In Active Readiness Scope","Historical-only / not currently listed",False
"PREMA-DEC","","other","",False,"historical_only","2025-11-18","2025-12-26",25,0,0,0,0,0,False,0,False,False,"Not In Active Readiness Scope","Historical-only / not currently listed",False
"PREMA-FEB","","other","",False,"historical_only","2026-01-20","2026-02-27",27,0,0,0,0,0,False,0,False,False,"Not In Active Readiness Scope","Historical-only / not currently listed",False
"PREMA-JAN","","other","",False,"historical_only","2025-11-21","2026-01-30",30,0,0,0,0,0,False,0,False,False,"Not In Active Readiness Scope","Historical-only / not currently listed",False
"PREMA-JUL","","other","",False,"historical_only","2025-06-20","2026-07-31",56,7,7,0,0,0,False,0,False,False,"Not In Active Readiness Scope","Historical-only / not currently listed",False
"PREMA-JUN","","other","",False,"historical_only","2025-05-14","2026-06-24",55,6,6,0,0,0,False,0,False,False,"Not In Active Readiness Scope","Historical-only / not currently listed",False
"PREMA-MAR","","other","",False,"historical_only","2026-02-06","2026-03-27",26,0,0,0,0,0,False,0,False,False,"Not In Active Readiness Scope","Historical-only / not currently listed",False
"PREMA-MAY","","other","",False,"historical_only","2025-04-28","2026-05-29",53,4,4,0,0,0,False,0,False,False,"Not In Active Readiness Scope","Historical-only / not currently listed",False
"PREMA-NOV","","other","",False,"historical_only","2025-10-17","2025-11-28",29,0,0,0,0,0,False,0,False,False,"Not In Active Readiness Scope","Historical-only / not currently listed",False
"PREMA-OCT","","other","",False,"historical_only","2025-09-18","2025-10-31",32,0,0,0,0,0,False,0,False,False,"Not In Active Readiness Scope","Historical-only / not currently listed",False
"PREMA-ODL","","unknown","",False,"historical_only","2019-01-10","2020-04-10",181,0,0,0,0,0,False,0,False,False,"Not In Active Readiness Scope","Historical-only / not currently listed",False
"PREMA-SEP","","other","",False,"historical_only","2025-08-20","2025-09-26",27,0,0,0,0,0,False,0,False,False,"Not In Active Readiness Scope","Historical-only / not currently listed",False
"PRET","Premium Textile Mills Limited","ordinary_equity","TEXTILE SPINNING",True,"listed_recently_traded","2016-07-26","2026-08-05",1572,0,0,0,0,0,False,0,False,False,"Data Quality Issue","price is not positive",False
"PRET-ODL","","unknown","",False,"historical_only","2019-01-23","2020-02-19",45,0,0,0,0,0,False,0,False,False,"Not In Active Readiness Scope","Historical-only / not currently listed",False
"PRIB","Prudential Investment Bank Limited","ordinary_equity","INV. BANKS / INV. COS. / SECURITIES COS.",True,"non_compliant","2021-10-25","2024-09-26",21,0,0,0,0,0,False,0,False,False,"Not In Active Readiness Scope","Currently listed but not recently traded",False
"PRIC","Progressive Insurance Company Limited","ordinary_equity","INSURANCE",True,"non_compliant","2021-10-25","2024-09-26",21,0,0,0,0,0,False,0,False,False,"Not In Active Readiness Scope","Currently listed but not recently traded",False
"PRL","Pakistan Refinery Limited","ordinary_equity","REFINERY",True,"listed_recently_traded","2016-07-26","2026-08-05",2484,2435,2435,1704,365,366,True,2435,True,True,"Ready","Eligible active ordinary equity with sufficient usable history and complete split/scaler artifacts",True
"PRL-APR","","other","",False,"historical_only","2018-03-26","2026-04-24",282,0,0,0,0,0,False,0,False,False,"Not In Active Readiness Scope","Historical-only / not currently listed",False
"PRL-AUG","","other","",False,"historical_only","2019-07-22","2026-08-05",272,0,0,0,0,0,False,0,False,False,"Not In Active Readiness Scope","Historical-only / not currently listed",False
"PRL-CAPR","","unknown","",False,"historical_only","2019-01-28","2021-04-30",127,0,0,0,0,0,False,0,False,False,"Not In Active Readiness Scope","Historical-only / not currently listed",False
"PRL-CAUG","","unknown","",False,"historical_only","2018-05-28","2018-08-31",62,0,0,0,0,0,False,0,False,False,"Not In Active Readiness Scope","Historical-only / not currently listed",False
"PRL-CDEC","","unknown","",False,"historical_only","2018-10-01","2021-10-22",82,0,0,0,0,0,False,0,False,False,"Not In Active Readiness Scope","Historical-only / not currently listed",False
"PRL-CFEB","","unknown","",False,"historical_only","2018-12-04","2019-02-22",56,0,0,0,0,0,False,0,False,False,"Not In Active Readiness Scope","Historical-only / not currently listed",False
"PRL-CJAN","","unknown","",False,"historical_only","2018-10-29","2019-01-25",62,0,0,0,0,0,False,0,False,False,"Not In Active Readiness Scope","Historical-only / not currently listed",False
"PRL-CJUL","","unknown","",False,"historical_only","2018-04-30","2018-07-27",60,0,0,0,0,0,False,0,False,False,"Not In Active Readiness Scope","Historical-only / not currently listed",False
"PRL-CJUN","","unknown","",False,"historical_only","2018-04-02","2019-06-28",120,0,0,0,0,0,False,0,False,False,"Not In Active Readiness Scope","Historical-only / not currently listed",False
"PRL-CMAR","","unknown","",False,"historical_only","2019-01-01","2021-03-26",124,0,0,0,0,0,False,0,False,False,"Not In Active Readiness Scope","Historical-only / not currently listed",False
"PRL-CMAY","","unknown","",False,"historical_only","2018-02-26","2021-05-28",189,0,0,0,0,0,False,0,False,False,"Not In Active Readiness Scope","Historical-only / not currently listed",False
"PRL-CNOV","","unknown","",False,"historical_only","2021-08-30","2021-10-22",39,0,0,0,0,0,False,0,False,False,"Not In Active Readiness Scope","Historical-only / not currently listed",False
"PRL-COCT","","unknown","",False,"historical_only","2021-08-02","2021-10-22",57,0,0,0,0,0,False,0,False,False,"Not In Active Readiness Scope","Historical-only / not currently listed",False
"PRL-DEC","","other","",False,"historical_only","2018-11-26","2025-12-26",265,0,0,0,0,0,False,0,False,False,"Not In Active Readiness Scope","Historical-only / not currently listed",False
"PRL-FEB","","other","",False,"historical_only","2019-01-21","2026-02-27",299,0,0,0,0,0,False,0,False,False,"Not In Active Readiness Scope","Historical-only / not currently listed",False
"PRL-JAN","","other","",False,"historical_only","2018-12-24","2026-01-30",299,0,0,0,0,0,False,0,False,False,"Not In Active Readiness Scope","Historical-only / not currently listed",False
"PRL-JUL","","other","",False,"historical_only","2019-06-24","2026-07-31",256,0,0,0,0,0,False,0,False,False,"Not In Active Readiness Scope","Historical-only / not currently listed",False
"PRL-JUN","","other","",False,"historical_only","2018-05-21","2026-06-24",278,0,0,0,0,0,False,0,False,False,"Not In Active Readiness Scope","Historical-only / not currently listed",False
"PRL-MAR","","other","",False,"historical_only","2018-02-19","2026-03-27",320,0,0,0,0,0,False,0,False,False,"Not In Active Readiness Scope","Historical-only / not currently listed",False
"PRL-MAY","","other","",False,"historical_only","2018-04-23","2026-05-29",289,0,0,0,0,0,False,0,False,False,"Not In Active Readiness Scope","Historical-only / not currently listed",False
"PRL-NOV","","other","",False,"historical_only","2018-10-22","2025-11-28",252,0,0,0,0,0,False,0,False,False,"Not In Active Readiness Scope","Historical-only / not currently listed",False
"PRL-NOVB","","other","",False,"historical_only","2024-09-23","2024-11-29",35,0,0,0,0,0,False,0,False,False,"Not In Active Readiness Scope","Historical-only / not currently listed",False
"PRL-OCT","","other","",False,"historical_only","2018-09-24","2025-10-31",294,0,0,0,0,0,False,0,False,False,"Not In Active Readiness Scope","Historical-only / not currently listed",False
"PRL-OCTB","","other","",False,"historical_only","2024-09-23","2024-10-25",25,0,0,0,0,0,False,0,False,False,"Not In Active Readiness Scope","Historical-only / not currently listed",False
"PRL-ODL","","unknown","",False,"historical_only","2019-01-10","2020-04-10",283,0,0,0,0,0,False,0,False,False,"Not In Active Readiness Scope","Historical-only / not currently listed",False
"PRL-SEP","","other","",False,"historical_only","2020-08-24","2026-08-05",269,0,0,0,0,0,False,0,False,False,"Not In Active Readiness Scope","Historical-only / not currently listed",False
"PRLR1","","unknown","",False,"historical_only","2020-06-08","2020-06-30",17,0,0,0,0,0,False,0,False,False,"Not In Active Readiness Scope","Historical-only / not currently listed",False
"PRWM","Prosperity Weaving Mills Limited","ordinary_equity","TEXTILE WEAVING",True,"listed_recently_traded","2016-07-26","2026-08-05",1261,0,0,0,0,0,False,0,False,False,"Data Quality Issue","price is not positive",False
"PRWM-ODL","","unknown","",False,"historical_only","2019-01-23","2020-03-20",34,0,0,0,0,0,False,0,False,False,"Not In Active Readiness Scope","Historical-only / not currently listed",False
"PSEL","Pakistan Services Limited","ordinary_equity","MISCELLANEOUS",True,"listed_recently_traded","2016-07-26","2026-08-05",1067,0,0,0,0,0,False,0,False,False,"Data Quality Issue","price is not positive",False
"PSEL-ODL","","unknown","",False,"historical_only","2019-01-24","2020-03-18",30,0,0,0,0,0,False,0,False,False,"Not In Active Readiness Scope","Historical-only / not currently listed",False
"PSMC","","unknown","",False,"historical_only","2016-07-26","2024-04-25",1920,0,1871,0,0,0,False,0,False,False,"Not In Active Readiness Scope","Historical-only / not currently listed",False
"PSMC-APR","","other","",False,"historical_only","2021-03-22","2023-04-28",131,0,0,0,0,0,False,0,False,False,"Not In Active Readiness Scope","Historical-only / not currently listed",False
"PSMC-APRB","","other","",False,"historical_only","2022-03-28","2022-04-28",24,0,0,0,0,0,False,0,False,False,"Not In Active Readiness Scope","Historical-only / not currently listed",False
"PSMC-AUG","","other","",False,"historical_only","2019-07-22","2023-08-25",169,0,0,0,0,0,False,0,False,False,"Not In Active Readiness Scope","Historical-only / not currently listed",False
"PSMC-CDEC","","unknown","",False,"historical_only","2021-09-27","2021-10-22",19,0,0,0,0,0,False,0,False,False,"Not In Active Readiness Scope","Historical-only / not currently listed",False
"PSMC-CNOV","","unknown","",False,"historical_only","2021-08-30","2021-10-22",39,0,0,0,0,0,False,0,False,False,"Not In Active Readiness Scope","Historical-only / not currently listed",False
"PSMC-COCT","","unknown","",False,"historical_only","2021-08-02","2021-10-22",57,0,0,0,0,0,False,0,False,False,"Not In Active Readiness Scope","Historical-only / not currently listed",False
"PSMC-DEC","","other","",False,"historical_only","2019-11-25","2023-12-29",212,0,0,0,0,0,False,0,False,False,"Not In Active Readiness Scope","Historical-only / not currently listed",False
"PSMC-FEB","","other","",False,"historical_only","2021-01-25","2024-02-23",170,0,0,0,0,0,False,0,False,False,"Not In Active Readiness Scope","Historical-only / not currently listed",False
"PSMC-JAN","","other","",False,"historical_only","2020-12-21","2024-01-26",156,0,0,0,0,0,False,0,False,False,"Not In Active Readiness Scope","Historical-only / not currently listed",False
"PSMC-JUL","","other","",False,"historical_only","2019-06-24","2023-07-27",170,0,0,0,0,0,False,0,False,False,"Not In Active Readiness Scope","Historical-only / not currently listed",False
"PSMC-JUN","","other","",False,"historical_only","2021-05-24","2023-06-27",142,0,0,0,0,0,False,0,False,False,"Not In Active Readiness Scope","Historical-only / not currently listed",False
"PSMC-MAR","","other","",False,"historical_only","2020-02-24","2024-03-29",213,0,0,0,0,0,False,0,False,False,"Not In Active Readiness Scope","Historical-only / not currently listed",False
"PSMC-MAY","","other","",False,"historical_only","2021-04-26","2023-05-26",100,0,0,0,0,0,False,0,False,False,"Not In Active Readiness Scope","Historical-only / not currently listed",False
"PSMC-MAYB","","other","",False,"historical_only","2022-03-28","2022-05-27",40,0,0,0,0,0,False,0,False,False,"Not In Active Readiness Scope","Historical-only / not currently listed",False
"PSMC-NOV","","other","",False,"historical_only","2019-10-21","2023-11-24",210,0,0,0,0,0,False,0,False,False,"Not In Active Readiness Scope","Historical-only / not currently listed",False
"PSMC-OCT","","other","",False,"historical_only","2019-09-23","2023-10-27",211,0,0,0,0,0,False,0,False,False,"Not In Active Readiness Scope","Historical-only / not currently listed",False
"PSMC-ODL","","unknown","",False,"historical_only","2019-01-10","2020-04-10",301,0,0,0,0,0,False,0,False,False,"Not In Active Readiness Scope","Historical-only / not currently listed",False
"PSMC-SEP","","other","",False,"historical_only","2019-08-26","2023-09-28",201,0,0,0,0,0,False,0,False,False,"Not In Active Readiness Scope","Historical-only / not currently listed",False
"PSO","Pakistan State Oil Company Limited","ordinary_equity","OIL & GAS MARKETING COMPANIES",True,"listed_recently_traded","2016-07-26","2026-08-05",2484,2435,2435,1704,365,366,True,2435,True,True,"Ready","Eligible active ordinary equity with sufficient usable history and complete split/scaler artifacts",True
"PSO-APR","","other","",False,"historical_only","2017-03-27","2026-04-24",367,0,0,0,0,0,False,0,False,False,"Not In Active Readiness Scope","Historical-only / not currently listed",False
"PSO-AUG","","other","",False,"historical_only","2017-07-24","2026-08-05",346,0,0,0,0,0,False,0,False,False,"Not In Active Readiness Scope","Historical-only / not currently listed",False
"PSO-CAPR","","unknown","",False,"historical_only","2017-01-30","2021-04-30",312,0,0,0,0,0,False,0,False,False,"Not In Active Readiness Scope","Historical-only / not currently listed",False
"PSO-CAUG","","unknown","",False,"historical_only","2017-05-29","2021-08-27",302,0,0,0,0,0,False,0,False,False,"Not In Active Readiness Scope","Historical-only / not currently listed",False
"PSO-CDEC","","unknown","",False,"historical_only","2017-10-02","2025-12-05",273,0,0,0,0,0,False,0,False,False,"Not In Active Readiness Scope","Historical-only / not currently listed",False
"PSO-CFEB","","unknown","",False,"historical_only","2017-01-02","2021-02-26",285,0,0,0,0,0,False,0,False,False,"Not In Active Readiness Scope","Historical-only / not currently listed",False
"PSO-CJAN","","unknown","",False,"historical_only","2017-01-02","2021-01-29",278,0,0,0,0,0,False,0,False,False,"Not In Active Readiness Scope","Historical-only / not currently listed",False
"PSO-CJUL","","unknown","",False,"historical_only","2017-05-02","2021-07-30",299,0,0,0,0,0,False,0,False,False,"Not In Active Readiness Scope","Historical-only / not currently listed",False
"PSO-CJUN","","unknown","",False,"historical_only","2017-04-03","2021-06-25",299,0,0,0,0,0,False,0,False,False,"Not In Active Readiness Scope","Historical-only / not currently listed",False
"PSO-CMAR","","unknown","",False,"historical_only","2017-01-02","2021-03-26",314,0,0,0,0,0,False,0,False,False,"Not In Active Readiness Scope","Historical-only / not currently listed",False
"PSO-CMAY","","unknown","",False,"historical_only","2017-02-27","2021-05-28",311,0,0,0,0,0,False,0,False,False,"Not In Active Readiness Scope","Historical-only / not currently listed",False
"PSO-CNOV","","unknown","",False,"historical_only","2017-08-28","2021-10-22",291,0,0,0,0,0,False,0,False,False,"Not In Active Readiness Scope","Historical-only / not currently listed",False
"PSO-COCT","","unknown","",False,"historical_only","2017-07-31","2021-10-22",300,0,0,0,0,0,False,0,False,False,"Not In Active Readiness Scope","Historical-only / not currently listed",False
"PSO-CSEP","","unknown","",False,"historical_only","2017-07-03","2021-09-24",302,0,0,0,0,0,False,0,False,False,"Not In Active Readiness Scope","Historical-only / not currently listed",False
"PSO-DEC","","other","",False,"historical_only","2017-11-20","2024-12-27",293,0,0,0,0,0,False,0,False,False,"Not In Active Readiness Scope","Historical-only / not currently listed",False
"PSO-DECB","","other","",False,"historical_only","2025-11-17","2025-12-26",26,0,0,0,0,0,False,0,False,False,"Not In Active Readiness Scope","Historical-only / not currently listed",False
"PSO-FEB","","other","",False,"historical_only","2017-01-23","2026-02-27",375,0,0,0,0,0,False,0,False,False,"Not In Active Readiness Scope","Historical-only / not currently listed",False
"PSO-JAN","","other","",False,"historical_only","2017-01-02","2026-01-30",377,0,0,0,0,0,False,0,False,False,"Not In Active Readiness Scope","Historical-only / not currently listed",False
"PSO-JUL","","other","",False,"historical_only","2017-06-29","2026-07-31",360,0,0,0,0,0,False,0,False,False,"Not In Active Readiness Scope","Historical-only / not currently listed",False
"PSO-JUN","","other","",False,"historical_only","2017-05-22","2026-06-24",351,0,0,0,0,0,False,0,False,False,"Not In Active Readiness Scope","Historical-only / not currently listed",False
"PSO-MAR","","other","",False,"historical_only","2017-02-20","2026-03-27",377,0,0,0,0,0,False,0,False,False,"Not In Active Readiness Scope","Historical-only / not currently listed",False
"PSO-MAY","","other","",False,"historical_only","2017-04-24","2026-05-29",366,0,0,0,0,0,False,0,False,False,"Not In Active Readiness Scope","Historical-only / not currently listed",False
"PSO-NOV","","other","",False,"historical_only","2017-10-23","2024-09-26",178,0,0,0,0,0,False,0,False,False,"Not In Active Readiness Scope","Historical-only / not currently listed",False
"PSO-NOVB","","other","",False,"historical_only","2021-09-27","2025-11-28",185,0,0,0,0,0,False,0,False,False,"Not In Active Readiness Scope","Historical-only / not currently listed",False
"PSO-OCT","","other","",False,"historical_only","2017-09-25","2025-10-13",256,0,0,0,0,0,False,0,False,False,"Not In Active Readiness Scope","Historical-only / not currently listed",False
"PSO-OCTB","","other","",False,"historical_only","2019-10-07","2025-10-31",131,82,82,0,0,0,False,0,False,False,"Not In Active Readiness Scope","Historical-only / not currently listed",False
"PSO-ODL","","unknown","",False,"historical_only","2019-01-10","2020-03-20",295,0,246,0,0,0,False,0,False,False,"Not In Active Readiness Scope","Historical-only / not currently listed",False
"PSO-SEP","","other","",False,"historical_only","2017-08-21","2025-09-26",349,0,0,0,0,0,False,0,False,False,"Not In Active Readiness Scope","Historical-only / not currently listed",False
"PSX","Pakistan Stock Exchange Limited","ordinary_equity","INV. BANKS / INV. COS. / SECURITIES COS.",True,"listed_recently_traded","2017-06-29","2026-08-05",2254,2205,2205,1543,330,332,True,2205,True,True,"Ready","Eligible active ordinary equity with sufficient usable history and complete split/scaler artifacts",True
"PSX-ODL","","unknown","",False,"historical_only","2019-01-14","2020-04-09",255,0,206,0,0,0,False,0,False,False,"Not In Active Readiness Scope","Historical-only / not currently listed",False
"PSYL","Pakistan Synthetics Limited","ordinary_equity","SYNTHETIC & RAYON",True,"listed_recently_traded","2016-07-26","2026-08-05",1869,0,0,0,0,0,False,0,False,False,"Data Quality Issue","price is not positive",False
"PSYL-ODL","","unknown","",False,"historical_only","2019-01-17","2020-04-08",63,0,0,0,0,0,False,0,False,False,"Not In Active Readiness Scope","Historical-only / not currently listed",False
"PSYLR","","unknown","",False,"historical_only","2019-10-31","2019-11-20",15,0,0,0,0,0,False,0,False,False,"Not In Active Readiness Scope","Historical-only / not currently listed",False
"PSYLR-ODL","","unknown","",False,"historical_only","2019-10-30","2019-11-20",13,0,0,0,0,0,False,0,False,False,"Not In Active Readiness Scope","Historical-only / not currently listed",False
"PTC","Pakistan Telecommunication Company Ltd","ordinary_equity","TECHNOLOGY & COMMUNICATION",True,"listed_recently_traded","2016-07-26","2026-08-05",2484,2435,2435,1704,365,366,True,2435,True,True,"Ready","Eligible active ordinary equity with sufficient usable history and complete split/scaler artifacts",True
"PTC-APR","","other","",False,"historical_only","2017-03-27","2026-04-24",334,0,0,0,0,0,False,0,False,False,"Not In Active Readiness Scope","Historical-only / not currently listed",False
"PTC-AUG","","other","",False,"historical_only","2017-07-24","2026-08-05",300,0,0,0,0,0,False,0,False,False,"Not In Active Readiness Scope","Historical-only / not currently listed",False
"PTC-CAPR","","unknown","",False,"historical_only","2017-01-30","2026-04-14",65,0,0,0,0,0,False,0,False,False,"Not In Active Readiness Scope","Historical-only / not currently listed",False
"PTC-CAUG","","unknown","",False,"historical_only","2017-05-29","2021-08-27",120,0,0,0,0,0,False,0,False,False,"Not In Active Readiness Scope","Historical-only / not currently listed",False
"PTC-CDEC","","unknown","",False,"historical_only","2017-10-02","2021-10-22",82,0,0,0,0,0,False,0,False,False,"Not In Active Readiness Scope","Historical-only / not currently listed",False
"PTC-CFEB","","unknown","",False,"historical_only","2017-01-02","2018-02-23",102,0,0,0,0,0,False,0,False,False,"Not In Active Readiness Scope","Historical-only / not currently listed",False
"PTC-CJAN","","unknown","",False,"historical_only","2017-01-02","2026-01-27",89,0,0,0,0,0,False,0,False,False,"Not In Active Readiness Scope","Historical-only / not currently listed",False
"PTC-CJUL","","unknown","",False,"historical_only","2017-05-02","2021-07-30",116,0,0,0,0,0,False,0,False,False,"Not In Active Readiness Scope","Historical-only / not currently listed",False
"PTC-CJUN","","unknown","",False,"historical_only","2017-04-03","2021-06-25",119,0,0,0,0,0,False,0,False,False,"Not In Active Readiness Scope","Historical-only / not currently listed",False
"PTC-CMAR","","unknown","",False,"historical_only","2017-01-02","2017-03-31",64,0,0,0,0,0,False,0,False,False,"Not In Active Readiness Scope","Historical-only / not currently listed",False
"PTC-CMAY","","unknown","",False,"historical_only","2017-02-27","2017-05-26",63,0,0,0,0,0,False,0,False,False,"Not In Active Readiness Scope","Historical-only / not currently listed",False
"PTC-CNOV","","unknown","",False,"historical_only","2017-08-28","2021-10-22",102,0,0,0,0,0,False,0,False,False,"Not In Active Readiness Scope","Historical-only / not currently listed",False
"PTC-COCT","","unknown","",False,"historical_only","2017-07-31","2021-10-22",119,0,0,0,0,0,False,0,False,False,"Not In Active Readiness Scope","Historical-only / not currently listed",False
"PTC-CSEP","","unknown","",False,"historical_only","2017-07-03","2021-09-24",122,0,0,0,0,0,False,0,False,False,"Not In Active Readiness Scope","Historical-only / not currently listed",False
"PTC-DEC","","other","",False,"historical_only","2017-11-20","2025-12-26",272,0,0,0,0,0,False,0,False,False,"Not In Active Readiness Scope","Historical-only / not currently listed",False
"PTC-FEB","","other","",False,"historical_only","2017-01-23","2026-02-27",314,0,0,0,0,0,False,0,False,False,"Not In Active Readiness Scope","Historical-only / not currently listed",False
"PTC-JAN","","other","",False,"historical_only","2017-01-02","2026-01-30",300,0,0,0,0,0,False,0,False,False,"Not In Active Readiness Scope","Historical-only / not currently listed",False
"PTC-JUL","","other","",False,"historical_only","2017-06-29","2026-07-31",315,0,0,0,0,0,False,0,False,False,"Not In Active Readiness Scope","Historical-only / not currently listed",False
"PTC-JUN","","other","",False,"historical_only","2017-05-22","2026-06-24",318,0,0,0,0,0,False,0,False,False,"Not In Active Readiness Scope","Historical-only / not currently listed",False
"PTC-MAR","","other","",False,"historical_only","2017-02-20","2026-03-27",350,0,0,0,0,0,False,0,False,False,"Not In Active Readiness Scope","Historical-only / not currently listed",False
"PTC-MAY","","other","",False,"historical_only","2017-04-24","2026-05-29",335,0,0,0,0,0,False,0,False,False,"Not In Active Readiness Scope","Historical-only / not currently listed",False
"PTC-NOV","","other","",False,"historical_only","2017-10-23","2025-11-28",291,0,0,0,0,0,False,0,False,False,"Not In Active Readiness Scope","Historical-only / not currently listed",False
"PTC-OCT","","other","",False,"historical_only","2017-09-25","2025-10-31",305,0,0,0,0,0,False,0,False,False,"Not In Active Readiness Scope","Historical-only / not currently listed",False
"PTC-OCTB","","other","",False,"historical_only","2021-08-30","2021-08-30",1,0,0,0,0,0,False,0,False,False,"Not In Active Readiness Scope","Historical-only / not currently listed",False
"PTC-ODL","","unknown","",False,"historical_only","2019-01-10","2020-04-10",274,0,0,0,0,0,False,0,False,False,"Not In Active Readiness Scope","Historical-only / not currently listed",False
"PTC-SEP","","other","",False,"historical_only","2017-08-21","2025-09-26",290,0,0,0,0,0,False,0,False,False,"Not In Active Readiness Scope","Historical-only / not currently listed",False
"PTL","Panther Tyres Ltd.","ordinary_equity","AUTOMOBILE PARTS & ACCESSORIES",True,"listed_recently_traded","2021-02-22","2026-08-05",1348,1299,1299,909,194,196,True,1299,True,True,"Ready","Eligible active ordinary equity with sufficient usable history and complete split/scaler artifacts",True
"PUDF","","unknown","",False,"historical_only","2021-10-25","2024-09-26",21,0,0,0,0,0,False,0,False,False,"Not In Active Readiness Scope","Historical-only / not currently listed",False
"QTECH","Quantum Data Technologies Limited","ordinary_equity","TECHNOLOGY & COMMUNICATION",True,"listed_recently_traded","2016-07-26","2026-08-05",2400,0,0,0,0,0,False,0,False,False,"Data Quality Issue","price is not positive",False
"QUET","Quetta Textile Mills Limited","ordinary_equity","TEXTILE COMPOSITE",True,"non_compliant","2016-07-26","2026-08-05",1417,0,0,0,0,0,False,0,False,False,"Data Quality Issue","price is not positive",False
"QUET-ODL","","unknown","",False,"historical_only","2019-01-23","2020-04-01",25,0,0,0,0,0,False,0,False,False,"Not In Active Readiness Scope","Historical-only / not currently listed",False
"QUICE","Quice Food Industries Limited","ordinary_equity","FOOD & PERSONAL CARE PRODUCTS",True,"listed_recently_traded","2016-07-26","2026-08-05",2477,0,0,0,0,0,False,0,False,False,"Data Quality Issue","price is not positive",False
"QUICE-APR","","other","",False,"historical_only","2017-03-27","2022-04-28",88,0,0,0,0,0,False,0,False,False,"Not In Active Readiness Scope","Historical-only / not currently listed",False
"QUICE-CAUG","","unknown","",False,"historical_only","2017-05-29","2017-08-25",60,0,0,0,0,0,False,0,False,False,"Not In Active Readiness Scope","Historical-only / not currently listed",False
"QUICE-CJUL","","unknown","",False,"historical_only","2017-05-02","2017-07-28",60,0,0,0,0,0,False,0,False,False,"Not In Active Readiness Scope","Historical-only / not currently listed",False
"QUICE-CJUN","","unknown","",False,"historical_only","2017-04-03","2017-06-30",60,0,0,0,0,0,False,0,False,False,"Not In Active Readiness Scope","Historical-only / not currently listed",False
"QUICE-CMAY","","unknown","",False,"historical_only","2017-02-27","2017-05-26",63,0,0,0,0,0,False,0,False,False,"Not In Active Readiness Scope","Historical-only / not currently listed",False
"QUICE-CNOV","","unknown","",False,"historical_only","2021-08-30","2021-08-30",1,0,0,0,0,0,False,0,False,False,"Not In Active Readiness Scope","Historical-only / not currently listed",False
"QUICE-DEC","","other","",False,"historical_only","2021-11-15","2021-12-31",35,0,0,0,0,0,False,0,False,False,"Not In Active Readiness Scope","Historical-only / not currently listed",False
"QUICE-FEB","","other","",False,"historical_only","2021-11-29","2022-02-25",65,0,0,0,0,0,False,0,False,False,"Not In Active Readiness Scope","Historical-only / not currently listed",False
"QUICE-JAN","","other","",False,"historical_only","2021-11-01","2022-01-28",65,0,0,0,0,0,False,0,False,False,"Not In Active Readiness Scope","Historical-only / not currently listed",False
"QUICE-JUN","","other","",False,"historical_only","2017-05-22","2017-06-30",26,0,0,0,0,0,False,0,False,False,"Not In Active Readiness Scope","Historical-only / not currently listed",False
"QUICE-MAR","","other","",False,"historical_only","2017-02-20","2022-03-25",88,0,0,0,0,0,False,0,False,False,"Not In Active Readiness Scope","Historical-only / not currently listed",False
"QUICE-MAY","","other","",False,"historical_only","2017-04-24","2017-05-26",24,0,0,0,0,0,False,0,False,False,"Not In Active Readiness Scope","Historical-only / not currently listed",False
"QUICE-NOV","","other","",False,"historical_only","2021-08-30","2021-11-26",12,0,0,0,0,0,False,0,False,False,"Not In Active Readiness Scope","Historical-only / not currently listed",False
"QUICE-ODL","","unknown","",False,"historical_only","2019-01-10","2020-04-09",111,0,0,0,0,0,False,0,False,False,"Not In Active Readiness Scope","Historical-only / not currently listed",False
"QUSW","","unknown","",False,"historical_only","2021-10-25","2021-10-29",2,0,0,0,0,0,False,0,False,False,"Not In Active Readiness Scope","Historical-only / not currently listed",False
"RAVT","","unknown","",False,"historical_only","2016-07-26","2021-08-03",947,0,0,0,0,0,False,0,False,False,"Not In Active Readiness Scope","Historical-only / not currently listed",False
"RAVT-ODL","","unknown","",False,"historical_only","2019-01-10","2020-03-18",60,0,0,0,0,0,False,0,False,False,"Not In Active Readiness Scope","Historical-only / not currently listed",False
"RCML","","unknown","",False,"historical_only","2016-07-26","2026-04-15",888,0,0,0,0,0,False,0,False,False,"Not In Active Readiness Scope","Historical-only / not currently listed",False
"RCML-ODL","","unknown","",False,"historical_only","2019-01-23","2020-02-28",31,0,0,0,0,0,False,0,False,False,"Not In Active Readiness Scope","Historical-only / not currently listed",False
"REDCO","Redco Textiles Limited","ordinary_equity","TEXTILE COMPOSITE",True,"listed_recently_traded","2016-07-26","2026-08-05",2022,0,0,0,0,0,False,0,False,False,"Data Quality Issue","price is not positive",False
"REDCO-ODL","","unknown","",False,"historical_only","2019-01-10","2020-03-18",12,0,0,0,0,0,False,0,False,False,"Not In Active Readiness Scope","Historical-only / not currently listed",False
"REGAL","Regal Ceramics Limited","ordinary_equity","GLASS & CERAMICS",True,"non_compliant","2021-10-25","2024-09-26",21,0,0,0,0,0,False,0,False,False,"Not In Active Readiness Scope","Currently listed but not recently traded",False
"REWM","Reliance Weaving Mills Limited","ordinary_equity","TEXTILE COMPOSITE",True,"listed_recently_traded","2016-07-26","2026-08-05",1935,0,0,0,0,0,False,0,False,False,"Data Quality Issue","price is not positive",False
"REWM-ODL","","unknown","",False,"historical_only","2019-01-23","2020-03-19",35,0,0,0,0,0,False,0,False,False,"Not In Active Readiness Scope","Historical-only / not currently listed",False
"RICL","Reliance Insurance Company Limited","ordinary_equity","INSURANCE",True,"listed_recently_traded","2016-07-26","2026-08-05",1861,0,0,0,0,0,False,0,False,False,"Data Quality Issue","price is not positive",False
"RICL-ODL","","unknown","",False,"historical_only","2019-01-10","2020-04-06",79,0,0,0,0,0,False,0,False,False,"Not In Active Readiness Scope","Historical-only / not currently listed",False
"RMPL","Rafhan Maize Products Company Limited","ordinary_equity","FOOD & PERSONAL CARE PRODUCTS",True,"listed_recently_traded","2016-07-26","2026-08-05",1614,0,0,0,0,0,False,0,False,False,"Data Quality Issue","price is not positive",False
"RMPL-ODL","","unknown","",False,"historical_only","2019-01-17","2020-04-10",107,0,58,0,0,0,False,0,False,False,"Not In Active Readiness Scope","Historical-only / not currently listed",False
"RPL","Roshan Packages Limited","ordinary_equity","PAPER, BOARD & PACKAGING",True,"listed_recently_traded","2017-02-28","2026-08-05",2335,0,0,0,0,0,False,0,False,False,"Data Quality Issue","price is not positive",False
"RPL-APR","","other","",False,"historical_only","2021-03-25","2021-04-23",11,0,0,0,0,0,False,0,False,False,"Not In Active Readiness Scope","Historical-only / not currently listed",False
"RPL-MAR","","other","",False,"historical_only","2021-02-22","2021-03-26",16,0,0,0,0,0,False,0,False,False,"Not In Active Readiness Scope","Historical-only / not currently listed",False
"RPL-MAY","","other","",False,"historical_only","2021-04-26","2021-05-28",10,0,0,0,0,0,False,0,False,False,"Not In Active Readiness Scope","Historical-only / not currently listed",False
"RPL-ODL","","unknown","",False,"historical_only","2019-01-10","2020-04-10",309,0,0,0,0,0,False,0,False,False,"Not In Active Readiness Scope","Historical-only / not currently listed",False
"RUBY","Ruby Textile Mills Limited","ordinary_equity","TEXTILE SPINNING",True,"non_compliant","2016-07-26","2026-08-05",1814,0,0,0,0,0,False,0,False,False,"Data Quality Issue","price is not positive",False
"RUBY-ODL","","unknown","",False,"historical_only","2019-01-23","2020-04-03",30,0,0,0,0,0,False,0,False,False,"Not In Active Readiness Scope","Historical-only / not currently listed",False
"RUPL","Rupali Polyester Limited","ordinary_equity","SYNTHETIC & RAYON",True,"listed_recently_traded","2016-07-26","2026-08-05",1787,0,0,0,0,0,False,0,False,False,"Data Quality Issue","price is not positive",False
"RUPL-ODL","","unknown","",False,"historical_only","2019-01-23","2020-03-20",30,0,0,0,0,0,False,0,False,False,"Not In Active Readiness Scope","Historical-only / not currently listed",False
"SAIF","Saif Textile Mills Limited","ordinary_equity","TEXTILE SPINNING",True,"listed_recently_traded","2016-07-26","2026-08-05",2173,0,0,0,0,0,False,0,False,False,"Data Quality Issue","price is not positive",False
"SAIF-ODL","","unknown","",False,"historical_only","2019-01-10","2020-03-18",49,0,0,0,0,0,False,0,False,False,"Not In Active Readiness Scope","Historical-only / not currently listed",False
"SALT","","unknown","",False,"historical_only","2016-07-26","2021-06-21",325,0,0,0,0,0,False,0,False,False,"Not In Active Readiness Scope","Historical-only / not currently listed",False
"SALT-ODL","","unknown","",False,"historical_only","2019-01-23","2020-04-08",30,0,0,0,0,0,False,0,False,False,"Not In Active Readiness Scope","Historical-only / not currently listed",False
"SANE","Salman Noman Enterprises Limited","ordinary_equity","TEXTILE SPINNING",True,"non_compliant","2016-07-26","2024-10-04",526,0,0,0,0,0,False,0,False,False,"Not In Active Readiness Scope","Currently listed but not recently traded",False
"SANE-ODL","","unknown","",False,"historical_only","2019-01-10","2019-01-24",4,0,0,0,0,0,False,0,False,False,"Not In Active Readiness Scope","Historical-only / not currently listed",False
"SANSM","Sanghar Sugar Mills Limited","ordinary_equity","SUGAR & ALLIED INDUSTRIES",True,"listed_recently_traded","2016-07-26","2026-08-05",1171,0,0,0,0,0,False,0,False,False,"Data Quality Issue","price is not positive",False
"SANSM-ODL","","unknown","",False,"historical_only","2019-01-16","2020-04-09",96,0,0,0,0,0,False,0,False,False,"Not In Active Readiness Scope","Historical-only / not currently listed",False
"SAPL","","unknown","",False,"historical_only","2016-07-26","2023-10-27",1410,0,0,0,0,0,False,0,False,False,"Not In Active Readiness Scope","Historical-only / not currently listed",False
"SAPL-ODL","","unknown","",False,"historical_only","2019-01-11","2020-04-09",170,0,0,0,0,0,False,0,False,False,"Not In Active Readiness Scope","Historical-only / not currently listed",False
"SAPT","Sapphire Textile Mills Limited","ordinary_equity","TEXTILE COMPOSITE",True,"listed_recently_traded","2016-07-26","2026-08-05",1553,0,0,0,0,0,False,0,False,False,"Data Quality Issue","price is not positive",False
"SAPT-ODL","","unknown","",False,"historical_only","2019-01-23","2020-04-03",68,0,0,0,0,0,False,0,False,False,"Not In Active Readiness Scope","Historical-only / not currently listed",False
"SAPTR","","unknown","",False,"historical_only","2019-10-31","2019-11-21",14,0,0,0,0,0,False,0,False,False,"Not In Active Readiness Scope","Historical-only / not currently listed",False
"SAPTR-ODL","","unknown","",False,"historical_only","2019-10-31","2019-11-22",14,0,0,0,0,0,False,0,False,False,"Not In Active Readiness Scope","Historical-only / not currently listed",False
"SARC","Sardar Chemical Industries Limited","ordinary_equity","CHEMICAL",True,"listed_recently_traded","2016-07-26","2026-08-05",1503,0,0,0,0,0,False,0,False,False,"Data Quality Issue","price is not positive",False
"SARC-ODL","","unknown","",False,"historical_only","2019-01-10","2020-03-18",32,0,0,0,0,0,False,0,False,False,"Not In Active Readiness Scope","Historical-only / not currently listed",False
"SASML","Sindh Abadgars Sugar Mills Limited","ordinary_equity","SUGAR & ALLIED INDUSTRIES",True,"listed_recently_traded","2016-07-26","2026-08-05",1217,0,0,0,0,0,False,0,False,False,"Data Quality Issue","price is not positive",False
"SASML-ODL","","unknown","",False,"historical_only","2019-01-10","2020-03-20",116,0,0,0,0,0,False,0,False,False,"Not In Active Readiness Scope","Historical-only / not currently listed",False
"SAZEW","Sazgar Engineering Works Limited","ordinary_equity","AUTOMOBILE ASSEMBLER",True,"listed_recently_traded","2016-07-26","2026-08-05",2443,0,0,0,0,0,False,0,False,False,"Data Quality Issue","price is not positive",False
"SAZEW-APR","","other","",False,"historical_only","2021-03-22","2026-04-24",115,0,0,0,0,0,False,0,False,False,"Not In Active Readiness Scope","Historical-only / not currently listed",False
"SAZEW-APRB","","other","",False,"historical_only","2025-03-07","2025-04-25",25,0,0,0,0,0,False,0,False,False,"Not In Active Readiness Scope","Historical-only / not currently listed",False
"SAZEW-AUG","","other","",False,"historical_only","2021-07-26","2026-08-05",130,0,0,0,0,0,False,0,False,False,"Not In Active Readiness Scope","Historical-only / not currently listed",False
"SAZEW-CDEC","","unknown","",False,"historical_only","2021-09-27","2021-10-22",19,0,0,0,0,0,False,0,False,False,"Not In Active Readiness Scope","Historical-only / not currently listed",False
"SAZEW-CNOV","","unknown","",False,"historical_only","2021-08-30","2021-10-22",39,0,0,0,0,0,False,0,False,False,"Not In Active Readiness Scope","Historical-only / not currently listed",False
"SAZEW-COCT","","unknown","",False,"historical_only","2021-08-02","2021-10-22",57,0,0,0,0,0,False,0,False,False,"Not In Active Readiness Scope","Historical-only / not currently listed",False
"SAZEW-DEC","","other","",False,"historical_only","2021-10-25","2024-10-31",38,0,0,0,0,0,False,0,False,False,"Not In Active Readiness Scope","Historical-only / not currently listed",False
"SAZEW-DECB","","other","",False,"historical_only","2024-11-01","2025-12-26",58,9,9,0,0,0,False,0,False,False,"Not In Active Readiness Scope","Historical-only / not currently listed",False
"SAZEW-FEB","","other","",False,"historical_only","2024-01-29","2026-02-03",62,13,13,0,0,0,False,0,False,False,"Not In Active Readiness Scope","Historical-only / not currently listed",False
"SAZEW-FEBB","","other","",False,"historical_only","2026-01-29","2026-02-27",21,0,0,0,0,0,False,0,False,False,"Not In Active Readiness Scope","Historical-only / not currently listed",False
"SAZEW-JAN","","other","",False,"historical_only","2024-11-04","2026-01-30",30,0,0,0,0,0,False,0,False,False,"Not In Active Readiness Scope","Historical-only / not currently listed",False
"SAZEW-JANB","","other","",False,"historical_only","2024-12-09","2025-01-31",33,0,0,0,0,0,False,0,False,False,"Not In Active Readiness Scope","Historical-only / not currently listed",False
"SAZEW-JUL","","other","",False,"historical_only","2021-06-21","2026-07-31",143,0,0,0,0,0,False,0,False,False,"Not In Active Readiness Scope","Historical-only / not currently listed",False
"SAZEW-JUN","","other","",False,"historical_only","2021-05-24","2026-04-21",43,0,0,0,0,0,False,0,False,False,"Not In Active Readiness Scope","Historical-only / not currently listed",False
"SAZEW-JUNB","","other","",False,"historical_only","2024-04-22","2026-06-24",102,0,0,0,0,0,False,0,False,False,"Not In Active Readiness Scope","Historical-only / not currently listed",False
"SAZEW-MAR","","other","",False,"historical_only","2021-02-22","2026-02-03",77,0,0,0,0,0,False,0,False,False,"Not In Active Readiness Scope","Historical-only / not currently listed",False
"SAZEW-MARB","","other","",False,"historical_only","2025-02-25","2026-03-27",49,0,0,0,0,0,False,0,False,False,"Not In Active Readiness Scope","Historical-only / not currently listed",False
"SAZEW-MAY","","other","",False,"historical_only","2021-04-26","2026-04-24",85,0,0,0,0,0,False,0,False,False,"Not In Active Readiness Scope","Historical-only / not currently listed",False
"SAZEW-MAYB","","other","",False,"historical_only","2024-04-22","2026-05-29",79,30,30,0,0,0,False,0,False,False,"Not In Active Readiness Scope","Historical-only / not currently listed",False
"SAZEW-NOV","","other","",False,"historical_only","2021-08-30","2024-09-26",38,0,0,0,0,0,False,0,False,False,"Not In Active Readiness Scope","Historical-only / not currently listed",False
"SAZEW-NOVB","","other","",False,"historical_only","2021-10-18","2025-10-21",50,0,0,0,0,0,False,0,False,False,"Not In Active Readiness Scope","Historical-only / not currently listed",False
"SAZEW-NOVC","","other","",False,"historical_only","2024-10-31","2025-11-28",49,0,0,0,0,0,False,0,False,False,"Not In Active Readiness Scope","Historical-only / not currently listed",False
"SAZEW-OCT","","other","",False,"historical_only","2021-09-20","2024-09-27",53,0,0,0,0,0,False,0,False,False,"Not In Active Readiness Scope","Historical-only / not currently listed",False
"SAZEW-OCTB","","other","",False,"historical_only","2021-09-27","2025-10-21",74,25,25,0,0,0,False,0,False,False,"Not In Active Readiness Scope","Historical-only / not currently listed",False
"SAZEW-OCTC","","other","",False,"historical_only","2025-10-17","2025-10-31",11,0,0,0,0,0,False,0,False,False,"Not In Active Readiness Scope","Historical-only / not currently listed",False
"SAZEW-ODL","","unknown","",False,"historical_only","2019-01-10","2020-04-10",167,0,118,0,0,0,False,0,False,False,"Not In Active Readiness Scope","Historical-only / not currently listed",False
"SAZEW-SEP","","other","",False,"historical_only","2021-08-23","2026-08-04",106,0,0,0,0,0,False,0,False,False,"Not In Active Readiness Scope","Historical-only / not currently listed",False
"SAZEW-SEPB","","other","",False,"historical_only","2025-09-10","2025-09-26",13,0,0,0,0,0,False,0,False,False,"Not In Active Readiness Scope","Historical-only / not currently listed",False
"SAZEWR","","unknown","",False,"historical_only","2020-03-12","2021-10-29",15,0,0,0,0,0,False,0,False,False,"Not In Active Readiness Scope","Historical-only / not currently listed",False
"SAZEWR-ODL","","unknown","",False,"historical_only","2020-03-12","2020-04-03",14,0,0,0,0,0,False,0,False,False,"Not In Active Readiness Scope","Historical-only / not currently listed",False
"SBL","Samba Bank Limited","ordinary_equity","COMMERCIAL BANKS",True,"listed_recently_traded","2016-07-26","2026-08-05",1838,0,0,0,0,0,False,0,False,False,"Data Quality Issue","price is not positive",False
"SBL-ODL","","unknown","",False,"historical_only","2019-01-10","2020-04-10",81,0,0,0,0,0,False,0,False,False,"Not In Active Readiness Scope","Historical-only / not currently listed",False
"SCBPL","Standard Chartered Bank (Pak) Ltd","ordinary_equity","COMMERCIAL BANKS",True,"listed_recently_traded","2016-07-26","2026-08-05",2216,0,0,0,0,0,False,0,False,False,"Data Quality Issue","price is not positive",False
"SCBPL-ODL","","unknown","",False,"historical_only","2019-01-10","2020-04-09",151,0,0,0,0,0,False,0,False,False,"Not In Active Readiness Scope","Historical-only / not currently listed",False
"SCHT","Schon Textiles Limited","ordinary_equity","TEXTILE COMPOSITE",True,"non_compliant","2021-10-25","2024-09-26",21,0,0,0,0,0,False,0,False,False,"Not In Active Readiness Scope","Currently listed but not recently traded",False
"SCL","","unknown","",False,"historical_only","2016-07-26","2026-07-24",1583,0,0,0,0,0,False,0,False,False,"Not In Active Readiness Scope","Historical-only / not currently listed",False
"SCL-ODL","","unknown","",False,"historical_only","2019-01-23","2020-04-10",47,0,0,0,0,0,False,0,False,False,"Not In Active Readiness Scope","Historical-only / not currently listed",False
"SDOT","Sadoon Textile Industries Limited","ordinary_equity","TEXTILE WEAVING",True,"non_compliant","2021-10-25","2024-09-26",21,0,0,0,0,0,False,0,False,False,"Not In Active Readiness Scope","Currently listed but not recently traded",False
"SEARL","The Searle Company Limited","ordinary_equity","PHARMACEUTICALS",True,"listed_recently_traded","2016-07-26","2026-08-05",2484,2435,2435,1704,365,366,True,2435,True,True,"Ready","Eligible active ordinary equity with sufficient usable history and complete split/scaler artifacts",True
"SEARL-APR","","other","",False,"historical_only","2018-03-26","2026-04-24",341,0,0,0,0,0,False,0,False,False,"Not In Active Readiness Scope","Historical-only / not currently listed",False
"SEARL-AUG","","other","",False,"historical_only","2018-07-23","2026-08-05",309,0,0,0,0,0,False,0,False,False,"Not In Active Readiness Scope","Historical-only / not currently listed",False
"SEARL-AUGB","","other","",False,"historical_only","2023-08-09","2023-08-25",12,0,0,0,0,0,False,0,False,False,"Not In Active Readiness Scope","Historical-only / not currently listed",False
"SEARL-CAPR","","unknown","",False,"historical_only","2020-02-03","2021-04-30",121,0,0,0,0,0,False,0,False,False,"Not In Active Readiness Scope","Historical-only / not currently listed",False
"SEARL-CAUG","","unknown","",False,"historical_only","2018-05-28","2020-08-28",182,0,0,0,0,0,False,0,False,False,"Not In Active Readiness Scope","Historical-only / not currently listed",False
"SEARL-CDEC","","unknown","",False,"historical_only","2019-09-30","2021-10-22",146,0,0,0,0,0,False,0,False,False,"Not In Active Readiness Scope","Historical-only / not currently listed",False
"SEARL-CFEB","","unknown","",False,"historical_only","2019-12-02","2021-02-26",126,0,0,0,0,0,False,0,False,False,"Not In Active Readiness Scope","Historical-only / not currently listed",False
"SEARL-CJAN","","unknown","",False,"historical_only","2019-10-28","2021-01-29",133,0,0,0,0,0,False,0,False,False,"Not In Active Readiness Scope","Historical-only / not currently listed",False
"SEARL-CJUL","","unknown","",False,"historical_only","2019-04-29","2020-07-30",123,0,0,0,0,0,False,0,False,False,"Not In Active Readiness Scope","Historical-only / not currently listed",False
"SEARL-CJUN","","unknown","",False,"historical_only","2019-04-01","2021-06-25",178,0,0,0,0,0,False,0,False,False,"Not In Active Readiness Scope","Historical-only / not currently listed",False
"SEARL-CMAR","","unknown","",False,"historical_only","2019-12-30","2021-03-26",124,0,0,0,0,0,False,0,False,False,"Not In Active Readiness Scope","Historical-only / not currently listed",False
"SEARL-CMAY","","unknown","",False,"historical_only","2020-03-02","2021-05-28",117,0,0,0,0,0,False,0,False,False,"Not In Active Readiness Scope","Historical-only / not currently listed",False
"SEARL-CNOV","","unknown","",False,"historical_only","2019-09-02","2021-10-22",166,0,0,0,0,0,False,0,False,False,"Not In Active Readiness Scope","Historical-only / not currently listed",False
"SEARL-COCT","","unknown","",False,"historical_only","2019-07-29","2021-10-22",179,0,0,0,0,0,False,0,False,False,"Not In Active Readiness Scope","Historical-only / not currently listed",False
"SEARL-CSEP","","unknown","",False,"historical_only","2018-07-02","2020-09-25",180,0,0,0,0,0,False,0,False,False,"Not In Active Readiness Scope","Historical-only / not currently listed",False
"SEARL-DEC","","other","",False,"historical_only","2018-11-26","2024-12-27",178,0,0,0,0,0,False,0,False,False,"Not In Active Readiness Scope","Historical-only / not currently listed",False
"SEARL-DECB","","other","",False,"historical_only","2021-10-25","2025-12-26",123,0,0,0,0,0,False,0,False,False,"Not In Active Readiness Scope","Historical-only / not currently listed",False
"SEARL-FEB","","other","",False,"historical_only","2018-01-22","2026-02-27",304,0,0,0,0,0,False,0,False,False,"Not In Active Readiness Scope","Historical-only / not currently listed",False
"SEARL-JAN","","other","",False,"historical_only","2018-12-24","2026-01-30",280,0,0,0,0,0,False,0,False,False,"Not In Active Readiness Scope","Historical-only / not currently listed",False
"SEARL-JUL","","other","",False,"historical_only","2018-06-25","2026-07-31",339,0,0,0,0,0,False,0,False,False,"Not In Active Readiness Scope","Historical-only / not currently listed",False
"SEARL-JUN","","other","",False,"historical_only","2018-05-21","2026-06-24",321,0,0,0,0,0,False,0,False,False,"Not In Active Readiness Scope","Historical-only / not currently listed",False
"SEARL-MAR","","other","",False,"historical_only","2018-02-19","2026-03-27",330,0,0,0,0,0,False,0,False,False,"Not In Active Readiness Scope","Historical-only / not currently listed",False
"SEARL-MAY","","other","",False,"historical_only","2018-04-23","2026-05-29",337,0,0,0,0,0,False,0,False,False,"Not In Active Readiness Scope","Historical-only / not currently listed",False
"SEARL-NOV","","other","",False,"historical_only","2018-10-22","2024-11-29",227,0,0,0,0,0,False,0,False,False,"Not In Active Readiness Scope","Historical-only / not currently listed",False
"SEARL-NOVB","","other","",False,"historical_only","2020-11-02","2025-11-28",112,0,0,0,0,0,False,0,False,False,"Not In Active Readiness Scope","Historical-only / not currently listed",False
"SEARL-OCT","","other","",False,"historical_only","2018-09-24","2025-10-08",221,0,0,0,0,0,False,0,False,False,"Not In Active Readiness Scope","Historical-only / not currently listed",False
"SEARL-OCTB","","other","",False,"historical_only","2019-10-07","2025-10-31",131,0,0,0,0,0,False,0,False,False,"Not In Active Readiness Scope","Historical-only / not currently listed",False
"SEARL-ODL","","unknown","",False,"historical_only","2019-01-10","2020-04-10",309,0,260,0,0,0,False,0,False,False,"Not In Active Readiness Scope","Historical-only / not currently listed",False
"SEARL-SEP","","other","",False,"historical_only","2018-08-27","2025-09-26",281,0,0,0,0,0,False,0,False,False,"Not In Active Readiness Scope","Historical-only / not currently listed",False
"SEARL-SEPB","","other","",False,"historical_only","2023-08-09","2023-09-28",36,0,0,0,0,0,False,0,False,False,"Not In Active Readiness Scope","Historical-only / not currently listed",False
"SEARLR1","","unknown","",False,"historical_only","2020-12-01","2020-12-22",16,0,0,0,0,0,False,0,False,False,"Not In Active Readiness Scope","Historical-only / not currently listed",False
"SEARLR2","","unknown","",False,"historical_only","2023-08-31","2023-09-21",16,0,0,0,0,0,False,0,False,False,"Not In Active Readiness Scope","Historical-only / not currently listed",False
"SEL","Sitara Energy Limited","ordinary_equity","POWER GENERATION & DISTRIBUTION",True,"listed_recently_traded","2016-07-26","2026-08-05",1168,0,0,0,0,0,False,0,False,False,"Data Quality Issue","price is not positive",False
"SEL-ODL","","unknown","",False,"historical_only","2019-01-10","2020-04-01",64,0,0,0,0,0,False,0,False,False,"Not In Active Readiness Scope","Historical-only / not currently listed",False
"SELECT","Select Technologies Limited","ordinary_equity","TECHNOLOGY & COMMUNICATION",True,"newly_listed","2026-07-13","2026-08-05",18,0,0,0,0,0,False,0,False,False,"Insufficient History","0 usable rows; minimum is 252",False
"SEPCO","","unknown","",False,"historical_only","2016-07-26","2017-01-26",127,0,0,0,0,0,False,0,False,False,"Not In Active Readiness Scope","Historical-only / not currently listed",False
"SEPCO-NOV","","other","",False,"historical_only","2021-08-30","2021-08-30",1,0,0,0,0,0,False,0,False,False,"Not In Active Readiness Scope","Historical-only / not currently listed",False
"SEPL","Security Papers Limited","ordinary_equity","PAPER, BOARD & PACKAGING",True,"listed_recently_traded","2016-07-26","2026-08-05",2369,0,0,0,0,0,False,0,False,False,"Data Quality Issue","price is not positive",False
"SEPL-ODL","","unknown","",False,"historical_only","2019-01-10","2020-04-09",214,0,0,0,0,0,False,0,False,False,"Not In Active Readiness Scope","Historical-only / not currently listed",False
"SERF","","unknown","",False,"historical_only","2016-07-26","2021-11-19",1274,0,0,0,0,0,False,0,False,False,"Not In Active Readiness Scope","Historical-only / not currently listed",False
"SERF-ODL","","unknown","",False,"historical_only","2019-01-23","2020-03-20",38,0,0,0,0,0,False,0,False,False,"Not In Active Readiness Scope","Historical-only / not currently listed",False
"SERFR","","unknown","",False,"historical_only","2021-08-25","2021-09-16",17,0,0,0,0,0,False,0,False,False,"Not In Active Readiness Scope","Historical-only / not currently listed",False
"SERT","Service Industries Textiles Limited","ordinary_equity","TEXTILE SPINNING",True,"listed_recently_traded","2016-07-26","2026-08-05",1707,0,0,0,0,0,False,0,False,False,"Data Quality Issue","price is not positive",False
"SERT-ODL","","unknown","",False,"historical_only","2019-01-18","2020-03-20",29,0,0,0,0,0,False,0,False,False,"Not In Active Readiness Scope","Historical-only / not currently listed",False
"SFAT","Safa Textiles Limited","ordinary_equity","TEXTILE COMPOSITE",True,"non_compliant","2016-07-26","2024-09-26",649,0,0,0,0,0,False,0,False,False,"Not In Active Readiness Scope","Currently listed but not recently traded",False
"SFAT-ODL","","unknown","",False,"historical_only","2019-01-23","2019-10-10",18,0,0,0,0,0,False,0,False,False,"Not In Active Readiness Scope","Historical-only / not currently listed",False
"SFL","Sapphire Fibres Limited","ordinary_equity","TEXTILE COMPOSITE",True,"listed_recently_traded","2016-07-26","2026-08-05",1496,0,0,0,0,0,False,0,False,False,"Data Quality Issue","price is not positive",False
"SFL-ODL","","unknown","",False,"historical_only","2019-01-23","2020-04-06",61,0,0,0,0,0,False,0,False,False,"Not In Active Readiness Scope","Historical-only / not currently listed",False
"SFLL","","unknown","",False,"historical_only","2016-07-26","2019-08-21",183,0,0,0,0,0,False,0,False,False,"Not In Active Readiness Scope","Historical-only / not currently listed",False
"SFLL-ODL","","unknown","",False,"historical_only","2019-01-23","2019-09-20",38,0,0,0,0,0,False,0,False,False,"Not In Active Readiness Scope","Historical-only / not currently listed",False
"SFLR","","unknown","",False,"historical_only","2019-10-31","2019-11-22",12,0,0,0,0,0,False,0,False,False,"Not In Active Readiness Scope","Historical-only / not currently listed",False
"SFLR-ODL","","unknown","",False,"historical_only","2019-10-31","2019-11-21",10,0,0,0,0,0,False,0,False,False,"Not In Active Readiness Scope","Historical-only / not currently listed",False
"SGABL","SG.Allied Businesses Limited","ordinary_equity","SYNTHETIC & RAYON",True,"non_compliant","2021-10-25","2024-09-26",21,0,0,0,0,0,False,0,False,False,"Not In Active Readiness Scope","Currently listed but not recently traded",False
"SGF","Service GlobalFootwear Limited","ordinary_equity","LEATHER & TANNERIES",True,"listed_recently_traded","2021-04-28","2026-08-05",1301,1252,1252,876,187,189,True,1252,True,True,"Ready","Eligible active ordinary equity with sufficient usable history and complete split/scaler artifacts",True
"SGPL","S.G. Power Limited","ordinary_equity","POWER GENERATION & DISTRIBUTION",True,"listed_recently_traded","2016-07-26","2026-08-05",1274,0,0,0,0,0,False,0,False,False,"Data Quality Issue","price is not positive",False
"SHCI","Shaffi Chemical Industries Limited","ordinary_equity","CHEMICAL",True,"non_compliant","2016-07-26","2024-09-26",244,0,0,0,0,0,False,0,False,False,"Not In Active Readiness Scope","Currently listed but not recently traded",False
"SHCM","Shadman Cotton Mills Limited","ordinary_equity","TEXTILE SPINNING",True,"listed_recently_traded","2016-07-26","2026-08-05",905,0,0,0,0,0,False,0,False,False,"Data Quality Issue","price is not positive",False
"SHCM-ODL","","unknown","",False,"historical_only","2019-01-14","2020-03-18",51,0,0,0,0,0,False,0,False,False,"Not In Active Readiness Scope","Historical-only / not currently listed",False
"SHDT","Shadab Textile Mills Limited","ordinary_equity","TEXTILE SPINNING",True,"listed_recently_traded","2016-07-26","2026-08-05",1690,0,0,0,0,0,False,0,False,False,"Data Quality Issue","price is not positive",False
"SHDT-ODL","","unknown","",False,"historical_only","2019-01-23","2020-04-08",69,0,0,0,0,0,False,0,False,False,"Not In Active Readiness Scope","Historical-only / not currently listed",False
"SHDTR","","unknown","",False,"historical_only","2019-10-31","2019-11-22",17,0,0,0,0,0,False,0,False,False,"Not In Active Readiness Scope","Historical-only / not currently listed",False
"SHDTR-ODL","","unknown","",False,"historical_only","2019-10-31","2019-11-22",17,0,0,0,0,0,False,0,False,False,"Not In Active Readiness Scope","Historical-only / not currently listed",False
"SHDTR1","","unknown","",False,"historical_only","2026-03-12","2026-03-25",8,0,0,0,0,0,False,0,False,False,"Not In Active Readiness Scope","Historical-only / not currently listed",False
"SHEL","","unknown","",False,"historical_only","2016-07-26","2025-02-28",2130,0,2081,0,0,0,False,0,False,False,"Not In Active Readiness Scope","Historical-only / not currently listed",False
"SHEL-APR","","other","",False,"historical_only","2022-01-31","2024-04-26",182,0,0,0,0,0,False,0,False,False,"Not In Active Readiness Scope","Historical-only / not currently listed",False
"SHEL-AUG","","other","",False,"historical_only","2022-05-30","2024-08-26",175,0,0,0,0,0,False,0,False,False,"Not In Active Readiness Scope","Historical-only / not currently listed",False
"SHEL-DEC","","other","",False,"historical_only","2022-10-03","2024-12-27",61,0,0,0,0,0,False,0,False,False,"Not In Active Readiness Scope","Historical-only / not currently listed",False
"SHEL-DECB","","other","",False,"historical_only","2022-10-24","2023-12-29",97,0,0,0,0,0,False,0,False,False,"Not In Active Readiness Scope","Historical-only / not currently listed",False
"SHEL-FEB","","other","",False,"historical_only","2022-02-01","2025-02-28",169,0,0,0,0,0,False,0,False,False,"Not In Active Readiness Scope","Historical-only / not currently listed",False
"SHEL-JAN","","other","",False,"historical_only","2022-10-31","2025-01-31",151,0,0,0,0,0,False,0,False,False,"Not In Active Readiness Scope","Historical-only / not currently listed",False
"SHEL-JUL","","other","",False,"historical_only","2022-05-06","2024-07-26",176,0,0,0,0,0,False,0,False,False,"Not In Active Readiness Scope","Historical-only / not currently listed",False
"SHEL-JUN","","other","",False,"historical_only","2022-03-28","2024-06-28",173,0,0,0,0,0,False,0,False,False,"Not In Active Readiness Scope","Historical-only / not currently listed",False
"SHEL-MAR","","other","",False,"historical_only","2022-02-01","2025-02-28",175,0,0,0,0,0,False,0,False,False,"Not In Active Readiness Scope","Historical-only / not currently listed",False
"SHEL-MAY","","other","",False,"historical_only","2022-02-28","2024-05-31",182,0,0,0,0,0,False,0,False,False,"Not In Active Readiness Scope","Historical-only / not currently listed",False
"SHEL-NOV","","other","",False,"historical_only","2022-08-29","2024-11-29",135,0,0,0,0,0,False,0,False,False,"Not In Active Readiness Scope","Historical-only / not currently listed",False
"SHEL-NOVB","","other","",False,"historical_only","2022-10-24","2023-11-24",48,0,0,0,0,0,False,0,False,False,"Not In Active Readiness Scope","Historical-only / not currently listed",False
"SHEL-OCT","","other","",False,"historical_only","2022-08-01","2024-08-26",144,0,0,0,0,0,False,0,False,False,"Not In Active Readiness Scope","Historical-only / not currently listed",False
"SHEL-OCTB","","other","",False,"historical_only","2024-08-22","2024-10-25",43,0,0,0,0,0,False,0,False,False,"Not In Active Readiness Scope","Historical-only / not currently listed",False
"SHEL-ODL","","unknown","",False,"historical_only","2019-01-10","2020-04-10",273,0,0,0,0,0,False,0,False,False,"Not In Active Readiness Scope","Historical-only / not currently listed",False
"SHEL-SEP","","other","",False,"historical_only","2022-06-27","2024-08-26",165,0,0,0,0,0,False,0,False,False,"Not In Active Readiness Scope","Historical-only / not currently listed",False
"SHEL-SEPB","","other","",False,"historical_only","2024-08-22","2024-09-27",26,0,0,0,0,0,False,0,False,False,"Not In Active Readiness Scope","Historical-only / not currently listed",False
"SHELR","","unknown","",False,"historical_only","2021-01-19","2021-02-10",16,0,0,0,0,0,False,0,False,False,"Not In Active Readiness Scope","Historical-only / not currently listed",False
"SHEZ","Shezan International Limited","ordinary_equity","FOOD & PERSONAL CARE PRODUCTS",True,"listed_recently_traded","2016-07-26","2026-08-05",2003,0,0,0,0,0,False,0,False,False,"Data Quality Issue","price is not positive",False
"SHEZ-ODL","","unknown","",False,"historical_only","2019-01-29","2020-04-10",124,0,0,0,0,0,False,0,False,False,"Not In Active Readiness Scope","Historical-only / not currently listed",False
"SHFA","Shifa International Hospitals Limited","ordinary_equity","MISCELLANEOUS",True,"listed_recently_traded","2016-07-26","2026-08-05",2257,0,0,0,0,0,False,0,False,False,"Data Quality Issue","price is not positive",False
"SHFA-ODL","","unknown","",False,"historical_only","2019-01-11","2020-04-07",91,0,0,0,0,0,False,0,False,False,"Not In Active Readiness Scope","Historical-only / not currently listed",False
"SHJS","Shahtaj Sugar Mills Limited","ordinary_equity","SUGAR & ALLIED INDUSTRIES",True,"listed_recently_traded","2016-07-26","2026-08-05",1612,0,0,0,0,0,False,0,False,False,"Data Quality Issue","price is not positive",False
"SHJS-ODL","","unknown","",False,"historical_only","2019-01-10","2020-04-09",70,0,0,0,0,0,False,0,False,False,"Not In Active Readiness Scope","Historical-only / not currently listed",False
"SHNI","Shaheen Insurance Company Limited","ordinary_equity","INSURANCE",True,"listed_recently_traded","2016-07-26","2026-08-05",2020,0,0,0,0,0,False,0,False,False,"Data Quality Issue","price is not positive",False
"SHNI-ODL","","unknown","",False,"historical_only","2019-01-23","2020-03-18",27,0,0,0,0,0,False,0,False,False,"Not In Active Readiness Scope","Historical-only / not currently listed",False
"SHSML","Shahmurad Sugar Mills Limited","ordinary_equity","SUGAR & ALLIED INDUSTRIES",True,"listed_recently_traded","2016-07-26","2026-08-05",2090,0,0,0,0,0,False,0,False,False,"Data Quality Issue","price is not positive",False
"SHSML-ODL","","unknown","",False,"historical_only","2019-01-16","2020-03-18",111,0,0,0,0,0,False,0,False,False,"Not In Active Readiness Scope","Historical-only / not currently listed",False
"SIBL","Security Investment Bank Limited","ordinary_equity","INV. BANKS / INV. COS. / SECURITIES COS.",True,"listed_recently_traded","2016-07-26","2026-08-05",1452,0,0,0,0,0,False,0,False,False,"Data Quality Issue","price is not positive",False
"SIBL-ODL","","unknown","",False,"historical_only","2019-01-10","2020-04-10",41,0,0,0,0,0,False,0,False,False,"Not In Active Readiness Scope","Historical-only / not currently listed",False
"SICL","","unknown","",False,"historical_only","2021-10-25","2024-09-26",21,0,0,0,0,0,False,0,False,False,"Not In Active Readiness Scope","Historical-only / not currently listed",False
"SIEM","Siemens (Pakistan) Engineering","ordinary_equity","CABLE & ELECTRICAL GOODS",True,"listed_recently_traded","2016-07-26","2026-08-05",2169,0,0,0,0,0,False,0,False,False,"Data Quality Issue","price is not positive",False
"SIEM-ODL","","unknown","",False,"historical_only","2019-01-11","2020-04-10",214,0,0,0,0,0,False,0,False,False,"Not In Active Readiness Scope","Historical-only / not currently listed",False
"SILK","","unknown","",False,"historical_only","2016-07-26","2025-03-18",2142,0,2093,0,0,0,False,0,False,False,"Not In Active Readiness Scope","Historical-only / not currently listed",False
"SILK-APR","","other","",False,"historical_only","2022-01-31","2024-04-26",174,0,0,0,0,0,False,0,False,False,"Not In Active Readiness Scope","Historical-only / not currently listed",False
"SILK-AUG","","other","",False,"historical_only","2021-07-26","2024-08-30",189,0,0,0,0,0,False,0,False,False,"Not In Active Readiness Scope","Historical-only / not currently listed",False
"SILK-CDEC","","unknown","",False,"historical_only","2021-09-27","2021-10-22",19,0,0,0,0,0,False,0,False,False,"Not In Active Readiness Scope","Historical-only / not currently listed",False
"SILK-CNOV","","unknown","",False,"historical_only","2021-08-30","2021-10-22",39,0,0,0,0,0,False,0,False,False,"Not In Active Readiness Scope","Historical-only / not currently listed",False
"SILK-COCT","","unknown","",False,"historical_only","2021-08-02","2021-10-22",57,0,0,0,0,0,False,0,False,False,"Not In Active Readiness Scope","Historical-only / not currently listed",False
"SILK-DEC","","other","",False,"historical_only","2021-10-25","2024-12-27",176,0,0,0,0,0,False,0,False,False,"Not In Active Readiness Scope","Historical-only / not currently listed",False
"SILK-FEB","","other","",False,"historical_only","2021-11-29","2025-02-28",196,0,0,0,0,0,False,0,False,False,"Not In Active Readiness Scope","Historical-only / not currently listed",False
"SILK-JAN","","other","",False,"historical_only","2021-11-01","2025-01-31",201,0,0,0,0,0,False,0,False,False,"Not In Active Readiness Scope","Historical-only / not currently listed",False
"SILK-JUL","","other","",False,"historical_only","2022-05-06","2024-07-26",162,0,0,0,0,0,False,0,False,False,"Not In Active Readiness Scope","Historical-only / not currently listed",False
"SILK-JUN","","other","",False,"historical_only","2022-03-28","2024-06-28",157,0,0,0,0,0,False,0,False,False,"Not In Active Readiness Scope","Historical-only / not currently listed",False
"SILK-MAR","","other","",False,"historical_only","2022-01-03","2025-03-12",186,0,0,0,0,0,False,0,False,False,"Not In Active Readiness Scope","Historical-only / not currently listed",False
"SILK-MAY","","other","",False,"historical_only","2022-02-28","2024-05-31",173,0,0,0,0,0,False,0,False,False,"Not In Active Readiness Scope","Historical-only / not currently listed",False
"SILK-NOV","","other","",False,"historical_only","2021-10-25","2024-11-29",182,0,0,0,0,0,False,0,False,False,"Not In Active Readiness Scope","Historical-only / not currently listed",False
"SILK-OCT","","other","",False,"historical_only","2021-07-30","2024-10-25",195,0,0,0,0,0,False,0,False,False,"Not In Active Readiness Scope","Historical-only / not currently listed",False
"SILK-ODL","","unknown","",False,"historical_only","2019-01-10","2020-04-10",301,0,0,0,0,0,False,0,False,False,"Not In Active Readiness Scope","Historical-only / not currently listed",False
"SILK-SEP","","other","",False,"historical_only","2021-08-13","2024-09-27",196,0,0,0,0,0,False,0,False,False,"Not In Active Readiness Scope","Historical-only / not currently listed",False
"SINDM","Sindh Modaraba","ordinary_equity","MODARABAS",True,"listed_recently_traded","2016-07-26","2026-08-05",1623,0,0,0,0,0,False,0,False,False,"Data Quality Issue","price is not positive",False
"SINDM-ODL","","unknown","",False,"historical_only","2019-01-23","2020-04-10",46,0,0,0,0,0,False,0,False,False,"Not In Active Readiness Scope","Historical-only / not currently listed",False
"SING","","unknown","",False,"historical_only","2017-01-02","2018-07-10",380,0,331,0,0,0,False,0,False,False,"Not In Active Readiness Scope","Historical-only / not currently listed",False
"SITC","Sitara Chemical Industries Limited","ordinary_equity","CHEMICAL",True,"listed_recently_traded","2016-07-26","2026-08-05",2128,0,0,0,0,0,False,0,False,False,"Data Quality Issue","price is not positive",False
"SITC-ODL","","unknown","",False,"historical_only","2019-01-14","2020-03-27",89,0,0,0,0,0,False,0,False,False,"Not In Active Readiness Scope","Historical-only / not currently listed",False
"SJTM","","unknown","",False,"historical_only","2016-07-26","2020-05-15",556,0,0,0,0,0,False,0,False,False,"Not In Active Readiness Scope","Historical-only / not currently listed",False
"SJTM-ODL","","unknown","",False,"historical_only","2019-01-10","2020-01-22",23,0,0,0,0,0,False,0,False,False,"Not In Active Readiness Scope","Historical-only / not currently listed",False
"SKRS","Sakrand Sugar Mills Limited","ordinary_equity","SUGAR & ALLIED INDUSTRIES",True,"non_compliant","2016-07-26","2026-08-05",2436,0,0,0,0,0,False,0,False,False,"Data Quality Issue","price is not positive",False
"SKRS-ODL","","unknown","",False,"historical_only","2019-01-10","2020-04-10",224,0,0,0,0,0,False,0,False,False,"Not In Active Readiness Scope","Historical-only / not currently listed",False
"SKRSR","","unknown","",False,"historical_only","2017-06-16","2017-07-07",12,0,0,0,0,0,False,0,False,False,"Not In Active Readiness Scope","Historical-only / not currently listed",False
"SLCL","Security Leasing Corporation Limited","ordinary_equity","LEASING COMPANIES",True,"non_compliant","2016-07-26","2024-09-26",737,0,0,0,0,0,False,0,False,False,"Not In Active Readiness Scope","Currently listed but not recently traded",False
"SLCL-ODL","","unknown","",False,"historical_only","2019-01-23","2019-10-09",9,0,0,0,0,0,False,0,False,False,"Not In Active Readiness Scope","Historical-only / not currently listed",False
"SLCPA","Security Leasing Corp.9.10%(Pref)","preference_share","LEASING COMPANIES",True,"listed_not_recently_traded","2021-10-25","2024-09-26",21,0,0,0,0,0,False,0,False,False,"Not In Active Readiness Scope","Currently listed but not recently traded",False
"SLGL","Secure Logistics-Trax Group Limited","ordinary_equity","TRANSPORT",True,"listed_recently_traded","2024-04-22","2026-08-05",568,519,519,363,77,79,True,519,True,True,"Ready","Eligible active ordinary equity with sufficient usable history and complete split/scaler artifacts",True
"SLGL-APR","","other","",False,"historical_only","2026-03-24","2026-04-24",15,0,0,0,0,0,False,0,False,False,"Not In Active Readiness Scope","Historical-only / not currently listed",False
"SLGL-AUG","","other","",False,"historical_only","2026-07-23","2026-08-05",9,0,0,0,0,0,False,0,False,False,"Not In Active Readiness Scope","Historical-only / not currently listed",False
"SLGL-FEB","","other","",False,"historical_only","2026-02-04","2026-02-27",16,0,0,0,0,0,False,0,False,False,"Not In Active Readiness Scope","Historical-only / not currently listed",False
"SLGL-JUL","","other","",False,"historical_only","2026-06-12","2026-07-31",28,0,0,0,0,0,False,0,False,False,"Not In Active Readiness Scope","Historical-only / not currently listed",False
"SLGL-JUN","","other","",False,"historical_only","2026-04-28","2026-06-24",21,0,0,0,0,0,False,0,False,False,"Not In Active Readiness Scope","Historical-only / not currently listed",False
"SLGL-MAR","","other","",False,"historical_only","2026-02-10","2026-03-27",16,0,0,0,0,0,False,0,False,False,"Not In Active Readiness Scope","Historical-only / not currently listed",False
"SLGL-MAY","","other","",False,"historical_only","2026-04-23","2026-05-29",20,0,0,0,0,0,False,0,False,False,"Not In Active Readiness Scope","Historical-only / not currently listed",False
"SLL","SME Leasing Limited","ordinary_equity","LEASING COMPANIES",True,"non_compliant","2016-07-26","2024-10-31",1060,0,0,0,0,0,False,0,False,False,"Not In Active Readiness Scope","Currently listed but not recently traded",False
"SLL-ODL","","unknown","",False,"historical_only","2019-01-23","2020-01-13",5,0,0,0,0,0,False,0,False,False,"Not In Active Readiness Scope","Historical-only / not currently listed",False
"SLM","Service Long March Tyres Limited","ordinary_equity","AUTOMOBILE PARTS & ACCESSORIES",True,"listed_recently_traded","2026-06-15","2026-08-05",36,0,0,0,0,0,False,0,False,False,"Insufficient History","0 usable rows; minimum is 252",False
"SLYT","Sally Textile Mills Limited","ordinary_equity","TEXTILE SPINNING",True,"non_compliant","2016-07-26","2026-08-05",1039,0,0,0,0,0,False,0,False,False,"Data Quality Issue","price is not positive",False
"SLYT-ODL","","unknown","",False,"historical_only","2019-01-23","2020-03-18",20,0,0,0,0,0,False,0,False,False,"Not In Active Readiness Scope","Historical-only / not currently listed",False
"SMBL","","unknown","",False,"historical_only","2016-07-26","2023-11-24",1817,0,1768,0,0,0,False,0,False,False,"Not In Active Readiness Scope","Historical-only / not currently listed",False
"SMBL-APR","","other","",False,"historical_only","2022-01-31","2023-04-28",123,0,0,0,0,0,False,0,False,False,"Not In Active Readiness Scope","Historical-only / not currently listed",False
"SMBL-AUG","","other","",False,"historical_only","2022-05-30","2023-08-25",114,0,0,0,0,0,False,0,False,False,"Not In Active Readiness Scope","Historical-only / not currently listed",False
"SMBL-DEC","","other","",False,"historical_only","2022-10-03","2023-12-26",107,0,0,0,0,0,False,0,False,False,"Not In Active Readiness Scope","Historical-only / not currently listed",False
"SMBL-FEB","","other","",False,"historical_only","2022-02-01","2023-02-24",84,0,0,0,0,0,False,0,False,False,"Not In Active Readiness Scope","Historical-only / not currently listed",False
"SMBL-JAN","","other","",False,"historical_only","2022-10-31","2024-01-23",90,0,0,0,0,0,False,0,False,False,"Not In Active Readiness Scope","Historical-only / not currently listed",False
"SMBL-JUL","","other","",False,"historical_only","2022-05-06","2023-07-27",112,0,0,0,0,0,False,0,False,False,"Not In Active Readiness Scope","Historical-only / not currently listed",False
"SMBL-JUN","","other","",False,"historical_only","2022-03-28","2023-06-27",114,0,0,0,0,0,False,0,False,False,"Not In Active Readiness Scope","Historical-only / not currently listed",False
"SMBL-MAR","","other","",False,"historical_only","2022-02-01","2023-03-31",102,0,0,0,0,0,False,0,False,False,"Not In Active Readiness Scope","Historical-only / not currently listed",False
"SMBL-MAY","","other","",False,"historical_only","2022-02-28","2023-05-26",118,0,0,0,0,0,False,0,False,False,"Not In Active Readiness Scope","Historical-only / not currently listed",False
"SMBL-NOV","","other","",False,"historical_only","2022-08-29","2023-11-24",125,0,0,0,0,0,False,0,False,False,"Not In Active Readiness Scope","Historical-only / not currently listed",False
"SMBL-OCT","","other","",False,"historical_only","2022-08-01","2023-10-27",123,0,0,0,0,0,False,0,False,False,"Not In Active Readiness Scope","Historical-only / not currently listed",False
"SMBL-ODL","","unknown","",False,"historical_only","2019-01-10","2020-04-10",295,0,0,0,0,0,False,0,False,False,"Not In Active Readiness Scope","Historical-only / not currently listed",False
"SMBL-SEP","","other","",False,"historical_only","2022-06-27","2023-09-28",122,0,0,0,0,0,False,0,False,False,"Not In Active Readiness Scope","Historical-only / not currently listed",False
"SMBLCPSB","","unknown","",False,"historical_only","2017-01-02","2017-10-09",23,0,0,0,0,0,False,0,False,False,"Not In Active Readiness Scope","Historical-only / not currently listed",False
"SMBLTFC","","unknown","",False,"historical_only","2017-01-02","2018-04-04",32,0,0,0,0,0,False,0,False,False,"Not In Active Readiness Scope","Historical-only / not currently listed",False
"SMCPL","Safe Mix Concrete Limited","ordinary_equity","CEMENT",True,"listed_recently_traded","2016-07-26","2026-08-05",2162,0,0,0,0,0,False,0,False,False,"Data Quality Issue","price is not positive",False
"SMCPL-ODL","","unknown","",False,"historical_only","2019-01-23","2020-04-08",80,0,0,0,0,0,False,0,False,False,"Not In Active Readiness Scope","Historical-only / not currently listed",False
"SML","Shakarganj Limited","ordinary_equity","SUGAR & ALLIED INDUSTRIES",True,"non_compliant","2016-07-26","2026-08-05",1757,0,0,0,0,0,False,0,False,False,"Data Quality Issue","price is not positive",False
"SML-ODL","","unknown","",False,"historical_only","2019-01-10","2020-04-10",135,0,0,0,0,0,False,0,False,False,"Not In Active Readiness Scope","Historical-only / not currently listed",False
"SMLR1","","unknown","",False,"historical_only","2017-07-13","2017-08-17",25,0,0,0,0,0,False,0,False,False,"Not In Active Readiness Scope","Historical-only / not currently listed",False
"SMTM","","unknown","",False,"historical_only","2016-07-26","2022-08-02",1186,0,0,0,0,0,False,0,False,False,"Not In Active Readiness Scope","Historical-only / not currently listed",False
"SMTM-ODL","","unknown","",False,"historical_only","2019-01-23","2020-04-10",27,0,0,0,0,0,False,0,False,False,"Not In Active Readiness Scope","Historical-only / not currently listed",False
"SNAI","Sana Industries Limited","ordinary_equity","TEXTILE SPINNING",True,"listed_recently_traded","2016-07-26","2026-08-05",1433,0,0,0,0,0,False,0,False,False,"Data Quality Issue","price is not positive",False
"SNAI-ODL","","unknown","",False,"historical_only","2019-01-14","2020-03-20",27,0,0,0,0,0,False,0,False,False,"Not In Active Readiness Scope","Historical-only / not currently listed",False
"SNAIR","","unknown","",False,"historical_only","2021-04-06","2021-04-28",17,0,0,0,0,0,False,0,False,False,"Not In Active Readiness Scope","Historical-only / not currently listed",False
"SNBL","Soneri Bank Limited","ordinary_equity","COMMERCIAL BANKS",True,"listed_recently_traded","2016-07-26","2026-08-05",2361,0,0,0,0,0,False,0,False,False,"Data Quality Issue","price is not positive",False
"SNBL-APR","","other","",False,"historical_only","2022-01-31","2024-02-23",63,0,0,0,0,0,False,0,False,False,"Not In Active Readiness Scope","Historical-only / not currently listed",False
"SNBL-APRB","","other","",False,"historical_only","2022-02-28","2026-04-24",170,0,0,0,0,0,False,0,False,False,"Not In Active Readiness Scope","Historical-only / not currently listed",False
"SNBL-AUG","","other","",False,"historical_only","2021-08-11","2026-08-05",119,0,0,0,0,0,False,0,False,False,"Not In Active Readiness Scope","Historical-only / not currently listed",False
"SNBL-CDEC","","unknown","",False,"historical_only","2021-09-27","2021-10-22",19,0,0,0,0,0,False,0,False,False,"Not In Active Readiness Scope","Historical-only / not currently listed",False
"SNBL-CNOV","","unknown","",False,"historical_only","2021-08-30","2021-10-22",39,0,0,0,0,0,False,0,False,False,"Not In Active Readiness Scope","Historical-only / not currently listed",False
"SNBL-COCT","","unknown","",False,"historical_only","2021-08-02","2021-10-22",57,0,0,0,0,0,False,0,False,False,"Not In Active Readiness Scope","Historical-only / not currently listed",False
"SNBL-DEC","","other","",False,"historical_only","2021-09-27","2025-12-26",206,0,0,0,0,0,False,0,False,False,"Not In Active Readiness Scope","Historical-only / not currently listed",False
"SNBL-FEB","","other","",False,"historical_only","2021-11-29","2026-02-27",233,0,0,0,0,0,False,0,False,False,"Not In Active Readiness Scope","Historical-only / not currently listed",False
"SNBL-JAN","","other","",False,"historical_only","2021-11-01","2026-01-30",246,0,0,0,0,0,False,0,False,False,"Not In Active Readiness Scope","Historical-only / not currently listed",False
"SNBL-JUL","","other","",False,"historical_only","2023-05-02","2026-07-31",166,0,0,0,0,0,False,0,False,False,"Not In Active Readiness Scope","Historical-only / not currently listed",False
"SNBL-JUN","","other","",False,"historical_only","2023-04-03","2026-06-24",154,0,0,0,0,0,False,0,False,False,"Not In Active Readiness Scope","Historical-only / not currently listed",False
"SNBL-MAR","","other","",False,"historical_only","2022-01-03","2026-02-27",124,0,0,0,0,0,False,0,False,False,"Not In Active Readiness Scope","Historical-only / not currently listed",False
"SNBL-MARB","","other","",False,"historical_only","2022-02-28","2026-03-27",110,0,0,0,0,0,False,0,False,False,"Not In Active Readiness Scope","Historical-only / not currently listed",False
"SNBL-MAY","","other","",False,"historical_only","2023-02-27","2026-05-29",171,0,0,0,0,0,False,0,False,False,"Not In Active Readiness Scope","Historical-only / not currently listed",False
"SNBL-NOV","","other","",False,"historical_only","2021-08-30","2025-11-28",199,0,0,0,0,0,False,0,False,False,"Not In Active Readiness Scope","Historical-only / not currently listed",False
"SNBL-OCT","","other","",False,"historical_only","2021-07-26","2025-10-31",168,0,0,0,0,0,False,0,False,False,"Not In Active Readiness Scope","Historical-only / not currently listed",False
"SNBL-OCTB","","other","",False,"historical_only","2024-08-26","2024-10-25",44,0,0,0,0,0,False,0,False,False,"Not In Active Readiness Scope","Historical-only / not currently listed",False
"SNBL-ODL","","unknown","",False,"historical_only","2019-01-11","2020-04-10",174,0,0,0,0,0,False,0,False,False,"Not In Active Readiness Scope","Historical-only / not currently listed",False
"SNBL-SEP","","other","",False,"historical_only","2021-07-26","2025-09-26",133,0,0,0,0,0,False,0,False,False,"Not In Active Readiness Scope","Historical-only / not currently listed",False
"SNBL-SEPB","","other","",False,"historical_only","2024-08-26","2024-09-27",24,0,0,0,0,0,False,0,False,False,"Not In Active Readiness Scope","Historical-only / not currently listed",False
"SNBLTFC2","","unknown","",False,"historical_only","2017-01-09","2022-02-17",518,0,0,0,0,0,False,0,False,False,"Not In Active Readiness Scope","Historical-only / not currently listed",False
"SNGP","Sui Northern Gas Pipelines Limited","ordinary_equity","OIL & GAS MARKETING COMPANIES",True,"listed_recently_traded","2016-07-26","2026-08-05",2484,2435,2435,1704,365,366,True,2435,True,True,"Ready","Eligible active ordinary equity with sufficient usable history and complete split/scaler artifacts",True
"SNGP-APR","","other","",False,"historical_only","2018-03-26","2026-04-24",337,0,0,0,0,0,False,0,False,False,"Not In Active Readiness Scope","Historical-only / not currently listed",False
"SNGP-AUG","","other","",False,"historical_only","2018-07-23","2026-08-05",228,0,0,0,0,0,False,0,False,False,"Not In Active Readiness Scope","Historical-only / not currently listed",False
"SNGP-AUGB","","other","",False,"historical_only","2022-07-13","2024-08-30",78,29,29,0,0,0,False,0,False,False,"Not In Active Readiness Scope","Historical-only / not currently listed",False
"SNGP-CAPR","","unknown","",False,"historical_only","2021-02-01","2021-04-30",63,0,0,0,0,0,False,0,False,False,"Not In Active Readiness Scope","Historical-only / not currently listed",False
"SNGP-CAUG","","unknown","",False,"historical_only","2020-06-01","2021-08-27",123,0,0,0,0,0,False,0,False,False,"Not In Active Readiness Scope","Historical-only / not currently listed",False
"SNGP-CDEC","","unknown","",False,"historical_only","2020-09-28","2021-10-22",82,0,0,0,0,0,False,0,False,False,"Not In Active Readiness Scope","Historical-only / not currently listed",False
"SNGP-CFEB","","unknown","",False,"historical_only","2020-11-30","2021-02-26",63,0,0,0,0,0,False,0,False,False,"Not In Active Readiness Scope","Historical-only / not currently listed",False
"SNGP-CJAN","","unknown","",False,"historical_only","2020-11-02","2021-01-29",64,0,0,0,0,0,False,0,False,False,"Not In Active Readiness Scope","Historical-only / not currently listed",False
"SNGP-CJUL","","unknown","",False,"historical_only","2020-04-27","2021-07-30",120,0,0,0,0,0,False,0,False,False,"Not In Active Readiness Scope","Historical-only / not currently listed",False
"SNGP-CJUN","","unknown","",False,"historical_only","2020-03-30","2021-06-25",119,0,0,0,0,0,False,0,False,False,"Not In Active Readiness Scope","Historical-only / not currently listed",False
"SNGP-CMAR","","unknown","",False,"historical_only","2020-12-30","2021-03-26",61,0,0,0,0,0,False,0,False,False,"Not In Active Readiness Scope","Historical-only / not currently listed",False
"SNGP-CMAY","","unknown","",False,"historical_only","2021-03-01","2021-05-28",58,0,0,0,0,0,False,0,False,False,"Not In Active Readiness Scope","Historical-only / not currently listed",False
"SNGP-CNOV","","unknown","",False,"historical_only","2020-08-31","2021-10-22",103,0,0,0,0,0,False,0,False,False,"Not In Active Readiness Scope","Historical-only / not currently listed",False
"SNGP-COCT","","unknown","",False,"historical_only","2020-08-03","2021-10-22",120,0,0,0,0,0,False,0,False,False,"Not In Active Readiness Scope","Historical-only / not currently listed",False
"SNGP-CSEP","","unknown","",False,"historical_only","2020-06-29","2021-09-24",123,0,0,0,0,0,False,0,False,False,"Not In Active Readiness Scope","Historical-only / not currently listed",False
"SNGP-DEC","","other","",False,"historical_only","2018-11-26","2025-11-14",209,0,0,0,0,0,False,0,False,False,"Not In Active Readiness Scope","Historical-only / not currently listed",False
"SNGP-DECB","","other","",False,"historical_only","2021-10-25","2025-12-26",66,0,0,0,0,0,False,0,False,False,"Not In Active Readiness Scope","Historical-only / not currently listed",False
"SNGP-FEB","","other","",False,"historical_only","2018-01-22","2026-02-27",319,0,0,0,0,0,False,0,False,False,"Not In Active Readiness Scope","Historical-only / not currently listed",False
"SNGP-JAN","","other","",False,"historical_only","2018-12-24","2025-01-31",268,0,0,0,0,0,False,0,False,False,"Not In Active Readiness Scope","Historical-only / not currently listed",False
"SNGP-JANB","","other","",False,"historical_only","2025-11-19","2026-01-30",33,0,0,0,0,0,False,0,False,False,"Not In Active Readiness Scope","Historical-only / not currently listed",False
"SNGP-JUL","","other","",False,"historical_only","2018-06-25","2026-07-31",261,0,0,0,0,0,False,0,False,False,"Not In Active Readiness Scope","Historical-only / not currently listed",False
"SNGP-JULB","","other","",False,"historical_only","2021-07-12","2025-07-25",60,11,11,0,0,0,False,0,False,False,"Not In Active Readiness Scope","Historical-only / not currently listed",False
"SNGP-JUN","","other","",False,"historical_only","2018-05-21","2026-06-24",297,0,0,0,0,0,False,0,False,False,"Not In Active Readiness Scope","Historical-only / not currently listed",False
"SNGP-JUNB","","other","",False,"historical_only","2025-05-23","2025-06-27",23,0,0,0,0,0,False,0,False,False,"Not In Active Readiness Scope","Historical-only / not currently listed",False
"SNGP-MAR","","other","",False,"historical_only","2018-02-19","2026-03-27",320,0,0,0,0,0,False,0,False,False,"Not In Active Readiness Scope","Historical-only / not currently listed",False
"SNGP-MAY","","other","",False,"historical_only","2018-04-23","2026-05-29",305,0,0,0,0,0,False,0,False,False,"Not In Active Readiness Scope","Historical-only / not currently listed",False
"SNGP-MAYB","","other","",False,"historical_only","2019-05-06","2025-05-30",36,0,0,0,0,0,False,0,False,False,"Not In Active Readiness Scope","Historical-only / not currently listed",False
"SNGP-NOV","","other","",False,"historical_only","2018-10-22","2025-11-14",210,0,0,0,0,0,False,0,False,False,"Not In Active Readiness Scope","Historical-only / not currently listed",False
"SNGP-NOVB","","other","",False,"historical_only","2021-10-12","2025-11-28",83,0,0,0,0,0,False,0,False,False,"Not In Active Readiness Scope","Historical-only / not currently listed",False
"SNGP-OCT","","other","",False,"historical_only","2018-09-24","2025-10-31",220,0,0,0,0,0,False,0,False,False,"Not In Active Readiness Scope","Historical-only / not currently listed",False
"SNGP-OCTB","","other","",False,"historical_only","2021-08-30","2024-10-25",95,0,0,0,0,0,False,0,False,False,"Not In Active Readiness Scope","Historical-only / not currently listed",False
"SNGP-ODL","","unknown","",False,"historical_only","2019-01-10","2020-04-10",308,0,259,0,0,0,False,0,False,False,"Not In Active Readiness Scope","Historical-only / not currently listed",False
"SNGP-SEP","","other","",False,"historical_only","2018-08-27","2025-09-26",156,0,0,0,0,0,False,0,False,False,"Not In Active Readiness Scope","Historical-only / not currently listed",False
"SNGP-SEPB","","other","",False,"historical_only","2022-07-13","2024-09-27",146,0,0,0,0,0,False,0,False,False,"Not In Active Readiness Scope","Historical-only / not currently listed",False
"SPAC1","LSE SPAC-I Limited","ordinary_equity","INV. BANKS / INV. COS. / SECURITIES COS.",True,"listed_recently_traded","2026-05-11","2026-08-05",58,9,9,0,0,0,False,0,False,False,"Insufficient History","9 usable rows; minimum is 252",False
"SPAC2","LSE SPAC-II Limited","ordinary_equity","INV. BANKS / INV. COS. / SECURITIES COS.",True,"newly_listed","2026-07-13","2026-08-05",18,0,0,0,0,0,False,0,False,False,"Insufficient History","0 usable rows; minimum is 252",False
"SPCL","Saudi Pak Consultancy Company Limited","ordinary_equity","LEASING COMPANIES",True,"non_compliant","2016-07-26","2024-09-26",979,0,0,0,0,0,False,0,False,False,"Not In Active Readiness Scope","Currently listed but not recently traded",False
"SPEL","SPEL Limited","ordinary_equity","PAPER, BOARD & PACKAGING",True,"listed_recently_traded","2016-07-26","2026-08-05",2389,0,0,0,0,0,False,0,False,False,"Data Quality Issue","price is not positive",False
"SPEL-ODL","","unknown","",False,"historical_only","2019-01-14","2020-04-09",190,0,0,0,0,0,False,0,False,False,"Not In Active Readiness Scope","Historical-only / not currently listed",False
"SPELR","","unknown","",False,"historical_only","2020-11-05","2020-11-27",17,0,0,0,0,0,False,0,False,False,"Not In Active Readiness Scope","Historical-only / not currently listed",False
"SPL","Sitara Peroxide Limited","ordinary_equity","CHEMICAL",True,"non_compliant","2016-07-26","2026-08-05",2459,0,0,0,0,0,False,0,False,False,"Data Quality Issue","price is not positive",False
"SPL-APR","","other","",False,"historical_only","2019-03-25","2021-04-30",47,0,0,0,0,0,False,0,False,False,"Not In Active Readiness Scope","Historical-only / not currently listed",False
"SPL-JUN","","other","",False,"historical_only","2019-05-27","2021-06-25",41,0,0,0,0,0,False,0,False,False,"Not In Active Readiness Scope","Historical-only / not currently listed",False
"SPL-MAR","","other","",False,"historical_only","2019-02-18","2021-03-26",52,0,0,0,0,0,False,0,False,False,"Not In Active Readiness Scope","Historical-only / not currently listed",False
"SPL-MAY","","other","",False,"historical_only","2019-04-22","2021-05-28",41,0,0,0,0,0,False,0,False,False,"Not In Active Readiness Scope","Historical-only / not currently listed",False
"SPL-NOV","","other","",False,"historical_only","2021-08-30","2021-08-30",1,0,0,0,0,0,False,0,False,False,"Not In Active Readiness Scope","Historical-only / not currently listed",False
"SPL-ODL","","unknown","",False,"historical_only","2019-01-10","2020-04-09",179,0,0,0,0,0,False,0,False,False,"Not In Active Readiness Scope","Historical-only / not currently listed",False
"SPLC","","unknown","",False,"historical_only","2016-07-26","2024-09-26",979,0,0,0,0,0,False,0,False,False,"Not In Active Readiness Scope","Historical-only / not currently listed",False
"SPLC-ODL","","unknown","",False,"historical_only","2019-09-20","2020-04-10",25,0,0,0,0,0,False,0,False,False,"Not In Active Readiness Scope","Historical-only / not currently listed",False
"SPSL","Sitara Petroleum Service Limited","ordinary_equity","OIL & GAS MARKETING COMPANIES",True,"listed_recently_traded","2026-05-21","2026-08-05",50,1,1,0,0,0,False,0,False,False,"Insufficient History","1 usable rows; minimum is 252",False
"SPWL","Saif Power Limited","ordinary_equity","POWER GENERATION & DISTRIBUTION",True,"listed_recently_traded","2016-07-26","2026-08-05",2452,0,0,0,0,0,False,0,False,False,"Data Quality Issue","price is not positive",False
"SPWL-APR","","other","",False,"historical_only","2023-01-30","2024-04-16",97,0,0,0,0,0,False,0,False,False,"Not In Active Readiness Scope","Historical-only / not currently listed",False
"SPWL-APRB","","other","",False,"historical_only","2023-04-03","2024-04-26",24,0,0,0,0,0,False,0,False,False,"Not In Active Readiness Scope","Historical-only / not currently listed",False
"SPWL-AUG","","other","",False,"historical_only","2022-08-01","2023-08-25",77,0,0,0,0,0,False,0,False,False,"Not In Active Readiness Scope","Historical-only / not currently listed",False
"SPWL-DEC","","other","",False,"historical_only","2022-10-03","2023-11-01",45,0,0,0,0,0,False,0,False,False,"Not In Active Readiness Scope","Historical-only / not currently listed",False
"SPWL-DECB","","other","",False,"historical_only","2022-10-31","2023-12-29",87,0,0,0,0,0,False,0,False,False,"Not In Active Readiness Scope","Historical-only / not currently listed",False
"SPWL-FEB","","other","",False,"historical_only","2022-11-28","2024-02-23",124,0,0,0,0,0,False,0,False,False,"Not In Active Readiness Scope","Historical-only / not currently listed",False
"SPWL-JAN","","other","",False,"historical_only","2022-10-31","2024-01-26",125,0,0,0,0,0,False,0,False,False,"Not In Active Readiness Scope","Historical-only / not currently listed",False
"SPWL-JUL","","other","",False,"historical_only","2023-05-02","2024-07-26",114,0,0,0,0,0,False,0,False,False,"Not In Active Readiness Scope","Historical-only / not currently listed",False
"SPWL-JUN","","other","",False,"historical_only","2023-04-03","2024-04-16",65,0,0,0,0,0,False,0,False,False,"Not In Active Readiness Scope","Historical-only / not currently listed",False
"SPWL-JUNB","","other","",False,"historical_only","2024-04-15","2024-06-28",49,0,0,0,0,0,False,0,False,False,"Not In Active Readiness Scope","Historical-only / not currently listed",False
"SPWL-MAR","","other","",False,"historical_only","2023-01-02","2024-03-29",125,0,0,0,0,0,False,0,False,False,"Not In Active Readiness Scope","Historical-only / not currently listed",False
"SPWL-MAY","","other","",False,"historical_only","2023-02-27","2024-04-16",60,0,0,0,0,0,False,0,False,False,"Not In Active Readiness Scope","Historical-only / not currently listed",False
"SPWL-MAYB","","other","",False,"historical_only","2023-04-03","2024-05-31",65,0,0,0,0,0,False,0,False,False,"Not In Active Readiness Scope","Historical-only / not currently listed",False
"SPWL-NOV","","other","",False,"historical_only","2022-08-29","2023-09-06",56,0,0,0,0,0,False,0,False,False,"Not In Active Readiness Scope","Historical-only / not currently listed",False
"SPWL-NOVB","","other","",False,"historical_only","2022-10-31","2023-11-01",59,0,0,0,0,0,False,0,False,False,"Not In Active Readiness Scope","Historical-only / not currently listed",False
"SPWL-NOVC","","other","",False,"historical_only","2023-10-27","2023-11-24",20,0,0,0,0,0,False,0,False,False,"Not In Active Readiness Scope","Historical-only / not currently listed",False
"SPWL-OCT","","other","",False,"historical_only","2022-08-01","2023-09-06",89,0,0,0,0,0,False,0,False,False,"Not In Active Readiness Scope","Historical-only / not currently listed",False
"SPWL-OCTB","","other","",False,"historical_only","2023-09-04","2023-10-27",38,0,0,0,0,0,False,0,False,False,"Not In Active Readiness Scope","Historical-only / not currently listed",False
"SPWL-ODL","","unknown","",False,"historical_only","2019-01-23","2020-04-10",117,0,0,0,0,0,False,0,False,False,"Not In Active Readiness Scope","Historical-only / not currently listed",False
"SPWL-SEP","","other","",False,"historical_only","2022-08-01","2023-09-06",88,0,0,0,0,0,False,0,False,False,"Not In Active Readiness Scope","Historical-only / not currently listed",False
"SPWL-SEPB","","other","",False,"historical_only","2023-09-04","2023-09-28",19,0,0,0,0,0,False,0,False,False,"Not In Active Readiness Scope","Historical-only / not currently listed",False
"SRR","Signature Residency Reit","other","REAL ESTATE INVESTMENT TRUST",True,"listed_recently_traded","2026-01-29","2026-08-05",126,77,77,0,0,0,False,0,False,False,"Unsupported Security Type","Per-symbol training supports ordinary_equity only; found other",False
"SRSM","","unknown","",False,"historical_only","2016-07-26","2019-06-28",219,0,0,0,0,0,False,0,False,False,"Not In Active Readiness Scope","Historical-only / not currently listed",False
"SRSM-ODL","","unknown","",False,"historical_only","2019-05-03","2019-06-25",4,0,0,0,0,0,False,0,False,False,"Not In Active Readiness Scope","Historical-only / not currently listed",False
"SRVI","Service Industries Limited","ordinary_equity","LEATHER & TANNERIES",True,"listed_recently_traded","2016-07-26","2026-08-05",2411,0,0,0,0,0,False,0,False,False,"Data Quality Issue","price is not positive",False
"SRVI-ODL","","unknown","",False,"historical_only","2019-01-11","2020-04-09",230,0,0,0,0,0,False,0,False,False,"Not In Active Readiness Scope","Historical-only / not currently listed",False
"SSGC","Sui Southern Gas Company Limited","ordinary_equity","OIL & GAS MARKETING COMPANIES",True,"listed_recently_traded","2016-07-26","2026-08-05",2484,2435,2435,1704,365,366,True,2435,True,True,"Ready","Eligible active ordinary equity with sufficient usable history and complete split/scaler artifacts",True
"SSGC-APR","","other","",False,"historical_only","2018-03-26","2026-04-24",338,0,0,0,0,0,False,0,False,False,"Not In Active Readiness Scope","Historical-only / not currently listed",False
"SSGC-AUG","","other","",False,"historical_only","2018-07-23","2026-08-05",321,0,0,0,0,0,False,0,False,False,"Not In Active Readiness Scope","Historical-only / not currently listed",False
"SSGC-CDEC","","unknown","",False,"historical_only","2021-09-27","2021-10-22",19,0,0,0,0,0,False,0,False,False,"Not In Active Readiness Scope","Historical-only / not currently listed",False
"SSGC-CNOV","","unknown","",False,"historical_only","2021-08-30","2021-10-22",39,0,0,0,0,0,False,0,False,False,"Not In Active Readiness Scope","Historical-only / not currently listed",False
"SSGC-COCT","","unknown","",False,"historical_only","2021-08-02","2021-10-22",57,0,0,0,0,0,False,0,False,False,"Not In Active Readiness Scope","Historical-only / not currently listed",False
"SSGC-DEC","","other","",False,"historical_only","2018-11-26","2025-11-14",270,0,0,0,0,0,False,0,False,False,"Not In Active Readiness Scope","Historical-only / not currently listed",False
"SSGC-DECB","","other","",False,"historical_only","2025-11-12","2025-12-26",30,0,0,0,0,0,False,0,False,False,"Not In Active Readiness Scope","Historical-only / not currently listed",False
"SSGC-FEB","","other","",False,"historical_only","2018-01-22","2026-02-27",345,0,0,0,0,0,False,0,False,False,"Not In Active Readiness Scope","Historical-only / not currently listed",False
"SSGC-JAN","","other","",False,"historical_only","2018-12-24","2025-01-31",305,0,0,0,0,0,False,0,False,False,"Not In Active Readiness Scope","Historical-only / not currently listed",False
"SSGC-JANB","","other","",False,"historical_only","2025-12-15","2026-01-30",33,0,0,0,0,0,False,0,False,False,"Not In Active Readiness Scope","Historical-only / not currently listed",False
"SSGC-JUL","","other","",False,"historical_only","2018-06-25","2026-07-31",339,0,0,0,0,0,False,0,False,False,"Not In Active Readiness Scope","Historical-only / not currently listed",False
"SSGC-JUN","","other","",False,"historical_only","2018-05-21","2026-06-24",320,0,0,0,0,0,False,0,False,False,"Not In Active Readiness Scope","Historical-only / not currently listed",False
"SSGC-MAR","","other","",False,"historical_only","2018-02-19","2026-03-27",345,0,0,0,0,0,False,0,False,False,"Not In Active Readiness Scope","Historical-only / not currently listed",False
"SSGC-MAY","","other","",False,"historical_only","2018-04-23","2026-05-29",338,0,0,0,0,0,False,0,False,False,"Not In Active Readiness Scope","Historical-only / not currently listed",False
"SSGC-NOV","","other","",False,"historical_only","2018-10-22","2025-11-14",296,0,0,0,0,0,False,0,False,False,"Not In Active Readiness Scope","Historical-only / not currently listed",False
"SSGC-NOVB","","other","",False,"historical_only","2025-11-12","2025-11-28",13,0,0,0,0,0,False,0,False,False,"Not In Active Readiness Scope","Historical-only / not currently listed",False
"SSGC-OCT","","other","",False,"historical_only","2018-09-24","2025-10-31",324,0,0,0,0,0,False,0,False,False,"Not In Active Readiness Scope","Historical-only / not currently listed",False
"SSGC-OCTB","","other","",False,"historical_only","2021-08-30","2021-08-30",1,0,0,0,0,0,False,0,False,False,"Not In Active Readiness Scope","Historical-only / not currently listed",False
"SSGC-ODL","","unknown","",False,"historical_only","2019-01-10","2020-04-10",307,0,258,0,0,0,False,0,False,False,"Not In Active Readiness Scope","Historical-only / not currently listed",False
"SSGC-SEP","","other","",False,"historical_only","2018-08-27","2025-09-26",310,0,0,0,0,0,False,0,False,False,"Not In Active Readiness Scope","Historical-only / not currently listed",False
"SSIC","Silver Star Insurance Company Limited","ordinary_equity","INSURANCE",True,"non_compliant","2016-07-26","2024-09-26",149,0,0,0,0,0,False,0,False,False,"Not In Active Readiness Scope","Currently listed but not recently traded",False
"SSML","Saritow Spinning Mills Limited","ordinary_equity","TEXTILE SPINNING",True,"non_compliant","2016-07-26","2026-08-05",1993,0,0,0,0,0,False,0,False,False,"Data Quality Issue","price is not positive",False
"SSML-ODL","","unknown","",False,"historical_only","2019-01-17","2020-04-01",30,0,0,0,0,0,False,0,False,False,"Not In Active Readiness Scope","Historical-only / not currently listed",False
"SSOM","S.S.Oil Mills Limited","ordinary_equity","VANASPATI & ALLIED INDUSTRIES",True,"listed_recently_traded","2016-07-26","2026-08-05",1806,0,0,0,0,0,False,0,False,False,"Data Quality Issue","price is not positive",False
"SSOM-ODL","","unknown","",False,"historical_only","2019-01-10","2020-03-18",36,0,0,0,0,0,False,0,False,False,"Not In Active Readiness Scope","Historical-only / not currently listed",False
"STCL","Shabbir Tiles & Ceramics Limited","ordinary_equity","GLASS & CERAMICS",True,"listed_recently_traded","2016-07-26","2026-08-05",2481,0,0,0,0,0,False,0,False,False,"Data Quality Issue","price is not positive",False
"STCL-APR","","other","",False,"historical_only","2018-03-26","2023-04-28",119,0,0,0,0,0,False,0,False,False,"Not In Active Readiness Scope","Historical-only / not currently listed",False
"STCL-AUG","","other","",False,"historical_only","2018-07-23","2021-08-27",38,0,0,0,0,0,False,0,False,False,"Not In Active Readiness Scope","Historical-only / not currently listed",False
"STCL-CDEC","","unknown","",False,"historical_only","2021-09-27","2021-10-22",19,0,0,0,0,0,False,0,False,False,"Not In Active Readiness Scope","Historical-only / not currently listed",False
"STCL-CNOV","","unknown","",False,"historical_only","2021-08-30","2021-10-22",39,0,0,0,0,0,False,0,False,False,"Not In Active Readiness Scope","Historical-only / not currently listed",False
"STCL-COCT","","unknown","",False,"historical_only","2021-08-02","2021-10-22",57,0,0,0,0,0,False,0,False,False,"Not In Active Readiness Scope","Historical-only / not currently listed",False
"STCL-DEC","","other","",False,"historical_only","2018-11-26","2022-12-30",105,0,0,0,0,0,False,0,False,False,"Not In Active Readiness Scope","Historical-only / not currently listed",False
"STCL-FEB","","other","",False,"historical_only","2018-01-22","2023-02-24",113,0,0,0,0,0,False,0,False,False,"Not In Active Readiness Scope","Historical-only / not currently listed",False
"STCL-JAN","","other","",False,"historical_only","2018-12-24","2023-01-27",87,0,0,0,0,0,False,0,False,False,"Not In Active Readiness Scope","Historical-only / not currently listed",False
"STCL-JUL","","other","",False,"historical_only","2018-06-25","2021-07-30",48,0,0,0,0,0,False,0,False,False,"Not In Active Readiness Scope","Historical-only / not currently listed",False
"STCL-JUN","","other","",False,"historical_only","2018-05-21","2021-06-25",69,0,0,0,0,0,False,0,False,False,"Not In Active Readiness Scope","Historical-only / not currently listed",False
"STCL-MAR","","other","",False,"historical_only","2018-02-19","2023-03-31",139,0,0,0,0,0,False,0,False,False,"Not In Active Readiness Scope","Historical-only / not currently listed",False
"STCL-MAY","","other","",False,"historical_only","2018-04-23","2021-05-28",64,0,0,0,0,0,False,0,False,False,"Not In Active Readiness Scope","Historical-only / not currently listed",False
"STCL-NOV","","other","",False,"historical_only","2018-10-22","2022-11-25",57,0,0,0,0,0,False,0,False,False,"Not In Active Readiness Scope","Historical-only / not currently listed",False
"STCL-NOVB","","other","",False,"historical_only","2021-09-27","2021-11-26",19,0,0,0,0,0,False,0,False,False,"Not In Active Readiness Scope","Historical-only / not currently listed",False
"STCL-OCT","","other","",False,"historical_only","2018-09-24","2021-09-27",32,0,0,0,0,0,False,0,False,False,"Not In Active Readiness Scope","Historical-only / not currently listed",False
"STCL-OCTB","","other","",False,"historical_only","2021-10-05","2021-10-29",8,0,0,0,0,0,False,0,False,False,"Not In Active Readiness Scope","Historical-only / not currently listed",False
"STCL-ODL","","unknown","",False,"historical_only","2019-01-10","2020-04-09",149,0,0,0,0,0,False,0,False,False,"Not In Active Readiness Scope","Historical-only / not currently listed",False
"STCL-SEP","","other","",False,"historical_only","2018-08-27","2021-09-24",46,0,0,0,0,0,False,0,False,False,"Not In Active Readiness Scope","Historical-only / not currently listed",False
"STJT","Shahtaj Textile Limited","ordinary_equity","TEXTILE WEAVING",True,"listed_recently_traded","2016-07-26","2026-08-05",1525,0,0,0,0,0,False,0,False,False,"Data Quality Issue","price is not positive",False
"STJT-ODL","","unknown","",False,"historical_only","2019-01-24","2020-04-09",56,0,0,0,0,0,False,0,False,False,"Not In Active Readiness Scope","Historical-only / not currently listed",False
"STL","Supernet Technologies Limited","ordinary_equity","TECHNOLOGY & COMMUNICATION",True,"listed_recently_traded","2019-06-13","2026-08-05",718,0,0,0,0,0,False,0,False,False,"Data Quality Issue","price is not positive",False
"STML","Shams Textile Mills Limited","ordinary_equity","TEXTILE COMPOSITE",True,"listed_recently_traded","2016-07-26","2026-08-05",1094,0,0,0,0,0,False,0,False,False,"Data Quality Issue","price is not positive",False
"STML-ODL","","unknown","",False,"historical_only","2019-01-21","2020-02-18",25,0,0,0,0,0,False,0,False,False,"Not In Active Readiness Scope","Historical-only / not currently listed",False
"STPL","Siddiqsons Tin Plate Limited","ordinary_equity","MISCELLANEOUS",True,"listed_recently_traded","2016-07-26","2026-08-05",2484,2435,2435,1704,365,366,True,2435,True,True,"Ready","Eligible active ordinary equity with sufficient usable history and complete split/scaler artifacts",True
"STPL-APR","","other","",False,"historical_only","2018-03-26","2022-04-28",141,0,0,0,0,0,False,0,False,False,"Not In Active Readiness Scope","Historical-only / not currently listed",False
"STPL-AUG","","other","",False,"historical_only","2018-07-23","2021-08-27",74,0,0,0,0,0,False,0,False,False,"Not In Active Readiness Scope","Historical-only / not currently listed",False
"STPL-CAUG","","unknown","",False,"historical_only","2019-06-03","2019-08-30",57,0,0,0,0,0,False,0,False,False,"Not In Active Readiness Scope","Historical-only / not currently listed",False
"STPL-CDEC","","unknown","",False,"historical_only","2018-10-01","2021-10-22",82,0,0,0,0,0,False,0,False,False,"Not In Active Readiness Scope","Historical-only / not currently listed",False
"STPL-CFEB","","unknown","",False,"historical_only","2018-12-04","2019-02-22",56,0,0,0,0,0,False,0,False,False,"Not In Active Readiness Scope","Historical-only / not currently listed",False
"STPL-CJAN","","unknown","",False,"historical_only","2018-10-29","2019-01-25",62,0,0,0,0,0,False,0,False,False,"Not In Active Readiness Scope","Historical-only / not currently listed",False
"STPL-CJUL","","unknown","",False,"historical_only","2019-04-29","2019-07-26",59,0,0,0,0,0,False,0,False,False,"Not In Active Readiness Scope","Historical-only / not currently listed",False
"STPL-CJUN","","unknown","",False,"historical_only","2019-04-01","2019-06-28",59,0,0,0,0,0,False,0,False,False,"Not In Active Readiness Scope","Historical-only / not currently listed",False
"STPL-CMAY","","unknown","",False,"historical_only","2019-02-25","2019-05-30",68,0,0,0,0,0,False,0,False,False,"Not In Active Readiness Scope","Historical-only / not currently listed",False
"STPL-CNOV","","unknown","",False,"historical_only","2018-09-03","2021-10-22",101,0,0,0,0,0,False,0,False,False,"Not In Active Readiness Scope","Historical-only / not currently listed",False
"STPL-COCT","","unknown","",False,"historical_only","2018-07-30","2021-10-22",116,0,0,0,0,0,False,0,False,False,"Not In Active Readiness Scope","Historical-only / not currently listed",False
"STPL-CSEP","","unknown","",False,"historical_only","2018-07-02","2018-09-28",58,0,0,0,0,0,False,0,False,False,"Not In Active Readiness Scope","Historical-only / not currently listed",False
"STPL-DEC","","other","",False,"historical_only","2018-11-26","2021-12-31",61,0,0,0,0,0,False,0,False,False,"Not In Active Readiness Scope","Historical-only / not currently listed",False
"STPL-FEB","","other","",False,"historical_only","2018-01-22","2022-02-25",113,0,0,0,0,0,False,0,False,False,"Not In Active Readiness Scope","Historical-only / not currently listed",False
"STPL-JAN","","other","",False,"historical_only","2018-12-24","2022-01-28",78,0,0,0,0,0,False,0,False,False,"Not In Active Readiness Scope","Historical-only / not currently listed",False
"STPL-JUL","","other","",False,"historical_only","2018-06-25","2021-07-30",76,27,27,0,0,0,False,0,False,False,"Not In Active Readiness Scope","Historical-only / not currently listed",False
"STPL-JUN","","other","",False,"historical_only","2018-05-21","2021-06-25",72,23,23,0,0,0,False,0,False,False,"Not In Active Readiness Scope","Historical-only / not currently listed",False
"STPL-MAR","","other","",False,"historical_only","2018-02-19","2022-03-25",142,0,0,0,0,0,False,0,False,False,"Not In Active Readiness Scope","Historical-only / not currently listed",False
"STPL-MAY","","other","",False,"historical_only","2018-04-23","2021-05-28",71,0,0,0,0,0,False,0,False,False,"Not In Active Readiness Scope","Historical-only / not currently listed",False
"STPL-NOV","","other","",False,"historical_only","2018-10-22","2021-11-26",67,0,0,0,0,0,False,0,False,False,"Not In Active Readiness Scope","Historical-only / not currently listed",False
"STPL-OCT","","other","",False,"historical_only","2018-09-24","2021-10-29",56,0,0,0,0,0,False,0,False,False,"Not In Active Readiness Scope","Historical-only / not currently listed",False
"STPL-ODL","","unknown","",False,"historical_only","2019-01-21","2020-04-08",217,0,0,0,0,0,False,0,False,False,"Not In Active Readiness Scope","Historical-only / not currently listed",False
"STPL-SEP","","other","",False,"historical_only","2018-08-27","2021-09-24",48,0,0,0,0,0,False,0,False,False,"Not In Active Readiness Scope","Historical-only / not currently listed",False
"STPLR","","unknown","",False,"historical_only","2018-06-11","2018-07-03",15,0,0,0,0,0,False,0,False,False,"Not In Active Readiness Scope","Historical-only / not currently listed",False
"STYLERS","Stylers International Limited","ordinary_equity","APPAREL",True,"listed_recently_traded","2024-01-22","2026-08-05",599,0,0,0,0,0,False,0,False,False,"Data Quality Issue","price is not positive",False
"STYLERSR","","unknown","",False,"historical_only","2024-07-11","2024-09-04",19,0,0,0,0,0,False,0,False,False,"Not In Active Readiness Scope","Historical-only / not currently listed",False
"SUHJ","Suhail Jute Mills Limited","ordinary_equity","JUTE",True,"non_compliant","2016-07-26","2026-08-05",600,0,0,0,0,0,False,0,False,False,"Data Quality Issue","price is not positive",False
"SURAJ","Suraj Ghee Industries Limited","ordinary_equity","VANASPATI & ALLIED INDUSTRIES",True,"non_compliant","2021-10-25","2024-09-26",21,0,0,0,0,0,False,0,False,False,"Not In Active Readiness Scope","Currently listed but not recently traded",False
"SURC","Suraj Cotton Mills Limited","ordinary_equity","TEXTILE COMPOSITE",True,"listed_recently_traded","2016-07-26","2026-08-05",1365,0,0,0,0,0,False,0,False,False,"Data Quality Issue","price is not positive",False
"SURC-ODL","","unknown","",False,"historical_only","2019-01-14","2020-03-06",73,0,0,0,0,0,False,0,False,False,"Not In Active Readiness Scope","Historical-only / not currently listed",False
"SUTM","Sunrays Textile Mills Limited","ordinary_equity","TEXTILE SPINNING",True,"listed_recently_traded","2016-07-26","2026-08-05",1442,0,0,0,0,0,False,0,False,False,"Data Quality Issue","price is not positive",False
"SUTM-ODL","","unknown","",False,"historical_only","2019-01-23","2020-04-10",49,0,0,0,0,0,False,0,False,False,"Not In Active Readiness Scope","Historical-only / not currently listed",False
"SWL","Standard Worldwide Limited","ordinary_equity","INSURANCE",True,"non_compliant","2021-10-25","2024-09-26",21,0,0,0,0,0,False,0,False,False,"Not In Active Readiness Scope","Currently listed but not recently traded",False
"SYM","Symmetry Group Limited","ordinary_equity","TECHNOLOGY & COMMUNICATION",True,"listed_recently_traded","2023-09-01","2026-08-05",725,676,676,473,101,102,True,676,True,True,"Ready","Eligible active ordinary equity with sufficient usable history and complete split/scaler artifacts",True
"SYM-APR","","other","",False,"historical_only","2025-03-18","2026-04-24",49,0,0,0,0,0,False,0,False,False,"Not In Active Readiness Scope","Historical-only / not currently listed",False
"SYM-AUG","","other","",False,"historical_only","2024-07-29","2025-08-29",54,0,0,0,0,0,False,0,False,False,"Not In Active Readiness Scope","Historical-only / not currently listed",False
"SYM-DEC","","other","",False,"historical_only","2024-11-22","2024-12-27",25,0,0,0,0,0,False,0,False,False,"Not In Active Readiness Scope","Historical-only / not currently listed",False
"SYM-DECB","","other","",False,"historical_only","2025-11-24","2025-12-26",24,0,0,0,0,0,False,0,False,False,"Not In Active Readiness Scope","Historical-only / not currently listed",False
"SYM-FEB","","other","",False,"historical_only","2025-01-24","2026-02-27",53,4,4,0,0,0,False,0,False,False,"Not In Active Readiness Scope","Historical-only / not currently listed",False
"SYM-JAN","","other","",False,"historical_only","2024-12-19","2026-01-30",60,11,11,0,0,0,False,0,False,False,"Not In Active Readiness Scope","Historical-only / not currently listed",False
"SYM-JUL","","other","",False,"historical_only","2025-06-23","2026-07-31",53,0,0,0,0,0,False,0,False,False,"Not In Active Readiness Scope","Historical-only / not currently listed",False
"SYM-JUN","","other","",False,"historical_only","2025-05-23","2026-06-24",48,0,0,0,0,0,False,0,False,False,"Not In Active Readiness Scope","Historical-only / not currently listed",False
"SYM-MAR","","other","",False,"historical_only","2025-02-24","2026-03-27",48,0,0,0,0,0,False,0,False,False,"Not In Active Readiness Scope","Historical-only / not currently listed",False
"SYM-MAY","","other","",False,"historical_only","2025-04-21","2026-05-29",54,5,5,0,0,0,False,0,False,False,"Not In Active Readiness Scope","Historical-only / not currently listed",False
"SYM-NOV","","other","",False,"historical_only","2024-09-02","2025-10-16",23,0,0,0,0,0,False,0,False,False,"Not In Active Readiness Scope","Historical-only / not currently listed",False
"SYM-NOVB","","other","",False,"historical_only","2024-09-23","2025-11-28",63,0,0,0,0,0,False,0,False,False,"Not In Active Readiness Scope","Historical-only / not currently listed",False
"SYM-OCT","","other","",False,"historical_only","2024-07-29","2025-10-16",62,0,0,0,0,0,False,0,False,False,"Not In Active Readiness Scope","Historical-only / not currently listed",False
"SYM-OCTB","","other","",False,"historical_only","2024-09-23","2025-10-31",39,0,0,0,0,0,False,0,False,False,"Not In Active Readiness Scope","Historical-only / not currently listed",False
"SYM-SEP","","other","",False,"historical_only","2024-07-29","2025-09-26",70,0,0,0,0,0,False,0,False,False,"Not In Active Readiness Scope","Historical-only / not currently listed",False
"SYS","Systems Limited","ordinary_equity","TECHNOLOGY & COMMUNICATION",True,"listed_recently_traded","2016-07-26","2026-08-05",2471,2422,2422,1695,363,364,True,2422,True,True,"Ready","Eligible active ordinary equity with sufficient usable history and complete split/scaler artifacts",True
"SYS-APR","","other","",False,"historical_only","2022-01-31","2026-04-24",183,0,0,0,0,0,False,0,False,False,"Not In Active Readiness Scope","Historical-only / not currently listed",False
"SYS-APRB","","other","",False,"historical_only","2022-03-21","2025-04-25",57,0,0,0,0,0,False,0,False,False,"Not In Active Readiness Scope","Historical-only / not currently listed",False
"SYS-AUG","","other","",False,"historical_only","2022-05-30","2026-08-05",216,0,0,0,0,0,False,0,False,False,"Not In Active Readiness Scope","Historical-only / not currently listed",False
"SYS-DEC","","other","",False,"historical_only","2022-10-03","2025-12-26",178,0,0,0,0,0,False,0,False,False,"Not In Active Readiness Scope","Historical-only / not currently listed",False
"SYS-FEB","","other","",False,"historical_only","2022-02-01","2026-02-27",194,0,0,0,0,0,False,0,False,False,"Not In Active Readiness Scope","Historical-only / not currently listed",False
"SYS-JAN","","other","",False,"historical_only","2022-10-31","2026-01-30",180,0,0,0,0,0,False,0,False,False,"Not In Active Readiness Scope","Historical-only / not currently listed",False
"SYS-JUL","","other","",False,"historical_only","2022-05-06","2026-07-31",205,0,0,0,0,0,False,0,False,False,"Not In Active Readiness Scope","Historical-only / not currently listed",False
"SYS-JULB","","other","",False,"historical_only","2025-06-02","2025-07-25",26,0,0,0,0,0,False,0,False,False,"Not In Active Readiness Scope","Historical-only / not currently listed",False
"SYS-JUN","","other","",False,"historical_only","2022-03-28","2024-06-28",135,0,0,0,0,0,False,0,False,False,"Not In Active Readiness Scope","Historical-only / not currently listed",False
"SYS-JUNB","","other","",False,"historical_only","2023-05-02","2026-06-24",66,0,0,0,0,0,False,0,False,False,"Not In Active Readiness Scope","Historical-only / not currently listed",False
"SYS-JUNC","","other","",False,"historical_only","2025-06-02","2025-06-27",18,0,0,0,0,0,False,0,False,False,"Not In Active Readiness Scope","Historical-only / not currently listed",False
"SYS-MAR","","other","",False,"historical_only","2019-02-18","2026-03-27",241,0,0,0,0,0,False,0,False,False,"Not In Active Readiness Scope","Historical-only / not currently listed",False
"SYS-MAY","","other","",False,"historical_only","2022-02-28","2026-04-24",93,0,0,0,0,0,False,0,False,False,"Not In Active Readiness Scope","Historical-only / not currently listed",False
"SYS-MAYB","","other","",False,"historical_only","2022-03-21","2026-05-29",154,0,0,0,0,0,False,0,False,False,"Not In Active Readiness Scope","Historical-only / not currently listed",False
"SYS-NOV","","other","",False,"historical_only","2020-10-26","2025-11-28",222,0,0,0,0,0,False,0,False,False,"Not In Active Readiness Scope","Historical-only / not currently listed",False
"SYS-OCT","","other","",False,"historical_only","2020-09-21","2025-10-31",240,0,0,0,0,0,False,0,False,False,"Not In Active Readiness Scope","Historical-only / not currently listed",False
"SYS-ODL","","unknown","",False,"historical_only","2019-01-10","2020-04-10",233,0,0,0,0,0,False,0,False,False,"Not In Active Readiness Scope","Historical-only / not currently listed",False
"SYS-SEP","","other","",False,"historical_only","2020-08-26","2025-09-26",236,0,0,0,0,0,False,0,False,False,"Not In Active Readiness Scope","Historical-only / not currently listed",False
"SZTM","Shahzad Textile Mills Limited","ordinary_equity","TEXTILE SPINNING",True,"listed_recently_traded","2016-07-26","2026-08-05",583,0,0,0,0,0,False,0,False,False,"Data Quality Issue","price is not positive",False
"SZTM-ODL","","unknown","",False,"historical_only","2019-01-10","2020-04-02",18,0,0,0,0,0,False,0,False,False,"Not In Active Readiness Scope","Historical-only / not currently listed",False
"TAJT","Taj Textile Mills Limited","ordinary_equity","TEXTILE COMPOSITE",True,"non_compliant","2016-07-26","2024-09-26",149,0,0,0,0,0,False,0,False,False,"Not In Active Readiness Scope","Currently listed but not recently traded",False
"TATM","Tata Textile Mills Limited","ordinary_equity","TEXTILE SPINNING",True,"listed_recently_traded","2016-07-26","2026-08-05",1790,0,0,0,0,0,False,0,False,False,"Data Quality Issue","price is not positive",False
"TATM-ODL","","unknown","",False,"historical_only","2019-01-10","2020-04-08",59,0,0,0,0,0,False,0,False,False,"Not In Active Readiness Scope","Historical-only / not currently listed",False
"TBL","Treet Battery Limited.","ordinary_equity","AUTOMOBILE PARTS & ACCESSORIES",True,"listed_recently_traded","2023-12-15","2026-08-05",652,603,603,422,90,91,True,603,True,True,"Ready","Eligible active ordinary equity with sufficient usable history and complete split/scaler artifacts",True
"TCLTC","","unknown","",False,"historical_only","2017-01-02","2019-10-16",355,0,0,0,0,0,False,0,False,False,"Not In Active Readiness Scope","Historical-only / not currently listed",False
"TCLTC-ODL","","unknown","",False,"historical_only","2019-01-16","2019-10-11",10,0,0,0,0,0,False,0,False,False,"Not In Active Readiness Scope","Historical-only / not currently listed",False
"TCORP","Tariq Corporation Limited","ordinary_equity","SUGAR & ALLIED INDUSTRIES",True,"listed_recently_traded","2016-08-01","2026-08-05",2187,0,0,0,0,0,False,0,False,False,"Data Quality Issue","price is not positive",False
"TCORPCPS","Tariq Corporation Limited(Pref)","preference_share","SUGAR & ALLIED INDUSTRIES",True,"listed_recently_traded","2022-08-31","2026-08-05",471,0,0,0,0,0,False,0,False,False,"Data Quality Issue","price is not positive",False
"TCORPR1","","unknown","",False,"historical_only","2024-02-23","2024-03-15",16,0,0,0,0,0,False,0,False,False,"Not In Active Readiness Scope","Historical-only / not currently listed",False
"TCORPR2","","unknown","",False,"historical_only","2026-07-03","2026-07-17",11,0,0,0,0,0,False,0,False,False,"Not In Active Readiness Scope","Historical-only / not currently listed",False
"TDIL","","unknown","",False,"historical_only","2017-01-02","2017-12-29",101,0,0,0,0,0,False,0,False,False,"Not In Active Readiness Scope","Historical-only / not currently listed",False
"TELE","Telecard Limited","ordinary_equity","TECHNOLOGY & COMMUNICATION",True,"listed_recently_traded","2016-07-26","2026-08-05",2482,2433,2433,1703,364,366,True,2433,True,True,"Ready","Eligible active ordinary equity with sufficient usable history and complete split/scaler artifacts",True
"TELE-APR","","other","",False,"historical_only","2022-01-31","2026-04-24",227,0,0,0,0,0,False,0,False,False,"Not In Active Readiness Scope","Historical-only / not currently listed",False
"TELE-AUG","","other","",False,"historical_only","2021-07-26","2026-08-05",243,0,0,0,0,0,False,0,False,False,"Not In Active Readiness Scope","Historical-only / not currently listed",False
"TELE-CAPR","","unknown","",False,"historical_only","2026-04-13","2026-04-13",1,0,0,0,0,0,False,0,False,False,"Not In Active Readiness Scope","Historical-only / not currently listed",False
"TELE-CDEC","","unknown","",False,"historical_only","2021-09-27","2021-10-22",19,0,0,0,0,0,False,0,False,False,"Not In Active Readiness Scope","Historical-only / not currently listed",False
"TELE-CJAN","","unknown","",False,"historical_only","2026-01-13","2026-01-21",3,0,0,0,0,0,False,0,False,False,"Not In Active Readiness Scope","Historical-only / not currently listed",False
"TELE-CJUN","","unknown","",False,"historical_only","2026-06-17","2026-06-17",1,0,0,0,0,0,False,0,False,False,"Not In Active Readiness Scope","Historical-only / not currently listed",False
"TELE-CNOV","","unknown","",False,"historical_only","2021-08-30","2021-10-22",39,0,0,0,0,0,False,0,False,False,"Not In Active Readiness Scope","Historical-only / not currently listed",False
"TELE-COCT","","unknown","",False,"historical_only","2021-08-02","2021-10-22",57,0,0,0,0,0,False,0,False,False,"Not In Active Readiness Scope","Historical-only / not currently listed",False
"TELE-DEC","","other","",False,"historical_only","2022-10-03","2025-12-26",123,0,0,0,0,0,False,0,False,False,"Not In Active Readiness Scope","Historical-only / not currently listed",False
"TELE-DECB","","other","",False,"historical_only","2021-10-25","2022-12-30",94,0,0,0,0,0,False,0,False,False,"Not In Active Readiness Scope","Historical-only / not currently listed",False
"TELE-FEB","","other","",False,"historical_only","2021-11-29","2026-02-27",243,0,0,0,0,0,False,0,False,False,"Not In Active Readiness Scope","Historical-only / not currently listed",False
"TELE-JAN","","other","",False,"historical_only","2021-11-01","2026-01-30",249,0,0,0,0,0,False,0,False,False,"Not In Active Readiness Scope","Historical-only / not currently listed",False
"TELE-JUL","","other","",False,"historical_only","2022-05-06","2026-07-31",228,0,0,0,0,0,False,0,False,False,"Not In Active Readiness Scope","Historical-only / not currently listed",False
"TELE-JUN","","other","",False,"historical_only","2022-03-28","2026-06-24",218,0,0,0,0,0,False,0,False,False,"Not In Active Readiness Scope","Historical-only / not currently listed",False
"TELE-MAR","","other","",False,"historical_only","2022-01-03","2026-03-27",235,0,0,0,0,0,False,0,False,False,"Not In Active Readiness Scope","Historical-only / not currently listed",False
"TELE-MAY","","other","",False,"historical_only","2022-02-28","2026-05-29",236,0,0,0,0,0,False,0,False,False,"Not In Active Readiness Scope","Historical-only / not currently listed",False
"TELE-NOV","","other","",False,"historical_only","2021-08-31","2025-11-28",202,0,0,0,0,0,False,0,False,False,"Not In Active Readiness Scope","Historical-only / not currently listed",False
"TELE-NOVB","","other","",False,"historical_only","2021-10-11","2022-11-25",66,0,0,0,0,0,False,0,False,False,"Not In Active Readiness Scope","Historical-only / not currently listed",False
"TELE-OCT","","other","",False,"historical_only","2021-07-26","2025-10-31",265,0,0,0,0,0,False,0,False,False,"Not In Active Readiness Scope","Historical-only / not currently listed",False
"TELE-OCTB","","other","",False,"historical_only","2021-08-30","2022-10-28",28,0,0,0,0,0,False,0,False,False,"Not In Active Readiness Scope","Historical-only / not currently listed",False
"TELE-ODL","","unknown","",False,"historical_only","2019-01-10","2020-04-03",105,0,0,0,0,0,False,0,False,False,"Not In Active Readiness Scope","Historical-only / not currently listed",False
"TELE-SEP","","other","",False,"historical_only","2021-07-26","2025-09-26",256,0,0,0,0,0,False,0,False,False,"Not In Active Readiness Scope","Historical-only / not currently listed",False
"TELETFC","","unknown","",False,"historical_only","2017-05-10","2020-11-27",70,0,0,0,0,0,False,0,False,False,"Not In Active Readiness Scope","Historical-only / not currently listed",False
"TGL","Tariq Glass Industries Limited","ordinary_equity","GLASS & CERAMICS",True,"listed_recently_traded","2016-07-26","2026-08-05",2482,2433,2433,1703,364,366,True,2433,True,True,"Ready","Eligible active ordinary equity with sufficient usable history and complete split/scaler artifacts",True
"TGL-APR","","other","",False,"historical_only","2021-03-22","2026-02-16",212,0,0,0,0,0,False,0,False,False,"Not In Active Readiness Scope","Historical-only / not currently listed",False
"TGL-APRB","","other","",False,"historical_only","2025-03-25","2026-04-24",32,0,0,0,0,0,False,0,False,False,"Not In Active Readiness Scope","Historical-only / not currently listed",False
"TGL-AUG","","other","",False,"historical_only","2021-07-26","2025-08-29",220,0,0,0,0,0,False,0,False,False,"Not In Active Readiness Scope","Historical-only / not currently listed",False
"TGL-CDEC","","unknown","",False,"historical_only","2021-09-27","2021-10-22",19,0,0,0,0,0,False,0,False,False,"Not In Active Readiness Scope","Historical-only / not currently listed",False
"TGL-CNOV","","unknown","",False,"historical_only","2021-08-30","2021-10-22",39,0,0,0,0,0,False,0,False,False,"Not In Active Readiness Scope","Historical-only / not currently listed",False
"TGL-COCT","","unknown","",False,"historical_only","2021-08-02","2021-10-22",57,0,0,0,0,0,False,0,False,False,"Not In Active Readiness Scope","Historical-only / not currently listed",False
"TGL-DEC","","other","",False,"historical_only","2020-11-23","2025-12-26",217,0,0,0,0,0,False,0,False,False,"Not In Active Readiness Scope","Historical-only / not currently listed",False
"TGL-FEB","","other","",False,"historical_only","2021-01-25","2026-02-27",235,0,0,0,0,0,False,0,False,False,"Not In Active Readiness Scope","Historical-only / not currently listed",False
"TGL-JAN","","other","",False,"historical_only","2020-12-21","2026-01-30",239,0,0,0,0,0,False,0,False,False,"Not In Active Readiness Scope","Historical-only / not currently listed",False
"TGL-JUL","","other","",False,"historical_only","2021-06-21","2026-07-31",241,0,0,0,0,0,False,0,False,False,"Not In Active Readiness Scope","Historical-only / not currently listed",False
"TGL-JUN","","other","",False,"historical_only","2021-05-24","2026-06-24",215,0,0,0,0,0,False,0,False,False,"Not In Active Readiness Scope","Historical-only / not currently listed",False
"TGL-JUNB","","other","",False,"historical_only","2025-05-09","2025-06-27",18,0,0,0,0,0,False,0,False,False,"Not In Active Readiness Scope","Historical-only / not currently listed",False
"TGL-MAR","","other","",False,"historical_only","2021-02-22","2026-02-26",218,0,0,0,0,0,False,0,False,False,"Not In Active Readiness Scope","Historical-only / not currently listed",False
"TGL-MARB","","other","",False,"historical_only","2025-02-25","2026-03-27",36,0,0,0,0,0,False,0,False,False,"Not In Active Readiness Scope","Historical-only / not currently listed",False
"TGL-MAY","","other","",False,"historical_only","2021-04-27","2026-05-29",215,0,0,0,0,0,False,0,False,False,"Not In Active Readiness Scope","Historical-only / not currently listed",False
"TGL-MAYB","","other","",False,"historical_only","2025-05-05","2025-05-30",12,0,0,0,0,0,False,0,False,False,"Not In Active Readiness Scope","Historical-only / not currently listed",False
"TGL-NOV","","other","",False,"historical_only","2020-10-26","2025-11-28",139,0,0,0,0,0,False,0,False,False,"Not In Active Readiness Scope","Historical-only / not currently listed",False
"TGL-NOVB","","other","",False,"historical_only","2021-09-27","2023-11-24",112,0,0,0,0,0,False,0,False,False,"Not In Active Readiness Scope","Historical-only / not currently listed",False
"TGL-OCT","","other","",False,"historical_only","2020-09-21","2025-10-31",198,0,0,0,0,0,False,0,False,False,"Not In Active Readiness Scope","Historical-only / not currently listed",False
"TGL-OCTB","","other","",False,"historical_only","2021-09-28","2023-10-27",62,0,0,0,0,0,False,0,False,False,"Not In Active Readiness Scope","Historical-only / not currently listed",False
"TGL-ODL","","unknown","",False,"historical_only","2019-01-11","2020-04-10",232,0,0,0,0,0,False,0,False,False,"Not In Active Readiness Scope","Historical-only / not currently listed",False
"TGL-SEP","","other","",False,"historical_only","2020-08-24","2025-09-26",251,0,0,0,0,0,False,0,False,False,"Not In Active Readiness Scope","Historical-only / not currently listed",False
"THALL","Thal Limited","ordinary_equity","AUTOMOBILE PARTS & ACCESSORIES",True,"listed_recently_traded","2016-07-26","2026-08-05",2443,0,0,0,0,0,False,0,False,False,"Data Quality Issue","price is not positive",False
"THALL-APR","","other","",False,"historical_only","2022-01-31","2022-03-02",23,0,0,0,0,0,False,0,False,False,"Not In Active Readiness Scope","Historical-only / not currently listed",False
"THALL-APRB","","other","",False,"historical_only","2022-02-28","2022-04-28",43,0,0,0,0,0,False,0,False,False,"Not In Active Readiness Scope","Historical-only / not currently listed",False
"THALL-AUG","","other","",False,"historical_only","2022-05-30","2022-08-26",60,0,0,0,0,0,False,0,False,False,"Not In Active Readiness Scope","Historical-only / not currently listed",False
"THALL-FEB","","other","",False,"historical_only","2022-02-01","2022-02-25",19,0,0,0,0,0,False,0,False,False,"Not In Active Readiness Scope","Historical-only / not currently listed",False
"THALL-JUL","","other","",False,"historical_only","2022-05-06","2022-07-29",58,0,0,0,0,0,False,0,False,False,"Not In Active Readiness Scope","Historical-only / not currently listed",False
"THALL-JUN","","other","",False,"historical_only","2022-03-28","2022-06-24",60,0,0,0,0,0,False,0,False,False,"Not In Active Readiness Scope","Historical-only / not currently listed",False
"THALL-MAR","","other","",False,"historical_only","2022-02-01","2022-03-02",22,0,0,0,0,0,False,0,False,False,"Not In Active Readiness Scope","Historical-only / not currently listed",False
"THALL-MARB","","other","",False,"historical_only","2022-02-28","2022-03-25",19,0,0,0,0,0,False,0,False,False,"Not In Active Readiness Scope","Historical-only / not currently listed",False
"THALL-MAY","","other","",False,"historical_only","2022-02-28","2022-05-27",59,0,0,0,0,0,False,0,False,False,"Not In Active Readiness Scope","Historical-only / not currently listed",False
"THALL-OCT","","other","",False,"historical_only","2022-08-01","2022-09-30",43,0,0,0,0,0,False,0,False,False,"Not In Active Readiness Scope","Historical-only / not currently listed",False
"THALL-OCTB","","other","",False,"historical_only","2022-09-26","2022-10-28",25,0,0,0,0,0,False,0,False,False,"Not In Active Readiness Scope","Historical-only / not currently listed",False
"THALL-ODL","","unknown","",False,"historical_only","2019-01-10","2020-04-10",173,0,0,0,0,0,False,0,False,False,"Not In Active Readiness Scope","Historical-only / not currently listed",False
"THALL-SEP","","other","",False,"historical_only","2022-06-27","2022-09-30",65,0,0,0,0,0,False,0,False,False,"Not In Active Readiness Scope","Historical-only / not currently listed",False
"THAS","","unknown","",False,"historical_only","2017-01-04","2017-10-04",160,0,0,0,0,0,False,0,False,False,"Not In Active Readiness Scope","Historical-only / not currently listed",False
"THCCL","Thatta Cement Company Limited","ordinary_equity","CEMENT",True,"listed_recently_traded","2016-07-26","2026-08-05",2469,0,0,0,0,0,False,0,False,False,"Data Quality Issue","price is not positive",False
"THCCL-APR","","other","",False,"historical_only","2026-03-02","2026-04-24",27,0,0,0,0,0,False,0,False,False,"Not In Active Readiness Scope","Historical-only / not currently listed",False
"THCCL-AUG","","other","",False,"historical_only","2026-07-14","2026-08-05",17,0,0,0,0,0,False,0,False,False,"Not In Active Readiness Scope","Historical-only / not currently listed",False
"THCCL-AUGB","","other","",False,"historical_only","2025-07-15","2025-08-29",32,0,0,0,0,0,False,0,False,False,"Not In Active Readiness Scope","Historical-only / not currently listed",False
"THCCL-DEC","","other","",False,"historical_only","2025-11-18","2025-12-26",28,0,0,0,0,0,False,0,False,False,"Not In Active Readiness Scope","Historical-only / not currently listed",False
"THCCL-FEB","","other","",False,"historical_only","2026-01-14","2026-02-27",28,0,0,0,0,0,False,0,False,False,"Not In Active Readiness Scope","Historical-only / not currently listed",False
"THCCL-JAN","","other","",False,"historical_only","2025-11-18","2026-01-30",37,0,0,0,0,0,False,0,False,False,"Not In Active Readiness Scope","Historical-only / not currently listed",False
"THCCL-JUL","","other","",False,"historical_only","2025-06-23","2026-07-31",44,0,0,0,0,0,False,0,False,False,"Not In Active Readiness Scope","Historical-only / not currently listed",False
"THCCL-JULB","","other","",False,"historical_only","2025-07-07","2025-07-25",15,0,0,0,0,0,False,0,False,False,"Not In Active Readiness Scope","Historical-only / not currently listed",False
"THCCL-JUN","","other","",False,"historical_only","2025-05-26","2026-06-24",45,0,0,0,0,0,False,0,False,False,"Not In Active Readiness Scope","Historical-only / not currently listed",False
"THCCL-MAR","","other","",False,"historical_only","2026-02-16","2026-03-27",26,0,0,0,0,0,False,0,False,False,"Not In Active Readiness Scope","Historical-only / not currently listed",False
"THCCL-MAY","","other","",False,"historical_only","2025-04-29","2026-05-29",44,0,0,0,0,0,False,0,False,False,"Not In Active Readiness Scope","Historical-only / not currently listed",False
"THCCL-NOV","","other","",False,"historical_only","2025-10-21","2025-11-28",29,0,0,0,0,0,False,0,False,False,"Not In Active Readiness Scope","Historical-only / not currently listed",False
"THCCL-OCT","","other","",False,"historical_only","2025-09-09","2025-10-31",33,0,0,0,0,0,False,0,False,False,"Not In Active Readiness Scope","Historical-only / not currently listed",False
"THCCL-ODL","","unknown","",False,"historical_only","2019-01-10","2020-04-09",104,0,0,0,0,0,False,0,False,False,"Not In Active Readiness Scope","Historical-only / not currently listed",False
"THCCL-SEP","","other","",False,"historical_only","2026-08-05","2026-08-05",1,0,0,0,0,0,False,0,False,False,"Not In Active Readiness Scope","Historical-only / not currently listed",False
"THCCL-SEPB","","other","",False,"historical_only","2025-08-25","2025-09-26",25,0,0,0,0,0,False,0,False,False,"Not In Active Readiness Scope","Historical-only / not currently listed",False
"TICL","The Thal Industries Corporation Limited","ordinary_equity","SUGAR & ALLIED INDUSTRIES",True,"listed_recently_traded","2016-07-26","2026-08-05",1467,0,0,0,0,0,False,0,False,False,"Data Quality Issue","price is not positive",False
"TICL-ODL","","unknown","",False,"historical_only","2019-01-16","2020-03-18",55,0,0,0,0,0,False,0,False,False,"Not In Active Readiness Scope","Historical-only / not currently listed",False
"TOMCL","The Organic Meat Company Limited","ordinary_equity","FOOD & PERSONAL CARE PRODUCTS",True,"listed_recently_traded","2020-08-03","2026-08-05",1489,1440,1440,1007,216,217,True,1440,True,True,"Ready","Eligible active ordinary equity with sufficient usable history and complete split/scaler artifacts",True
"TOMCL-APR","","other","",False,"historical_only","2022-01-31","2026-04-24",178,0,0,0,0,0,False,0,False,False,"Not In Active Readiness Scope","Historical-only / not currently listed",False
"TOMCL-AUG","","other","",False,"historical_only","2021-07-26","2026-08-05",182,0,0,0,0,0,False,0,False,False,"Not In Active Readiness Scope","Historical-only / not currently listed",False
"TOMCL-CDEC","","unknown","",False,"historical_only","2021-09-27","2021-10-22",19,0,0,0,0,0,False,0,False,False,"Not In Active Readiness Scope","Historical-only / not currently listed",False
"TOMCL-CNOV","","unknown","",False,"historical_only","2021-08-30","2021-10-22",39,0,0,0,0,0,False,0,False,False,"Not In Active Readiness Scope","Historical-only / not currently listed",False
"TOMCL-COCT","","unknown","",False,"historical_only","2021-08-02","2021-10-22",57,0,0,0,0,0,False,0,False,False,"Not In Active Readiness Scope","Historical-only / not currently listed",False
"TOMCL-DEC","","other","",False,"historical_only","2023-10-02","2024-12-27",40,0,0,0,0,0,False,0,False,False,"Not In Active Readiness Scope","Historical-only / not currently listed",False
"TOMCL-DECB","","other","",False,"historical_only","2021-10-11","2025-12-26",118,0,0,0,0,0,False,0,False,False,"Not In Active Readiness Scope","Historical-only / not currently listed",False
"TOMCL-FEB","","other","",False,"historical_only","2021-11-29","2026-02-27",152,0,0,0,0,0,False,0,False,False,"Not In Active Readiness Scope","Historical-only / not currently listed",False
"TOMCL-FEBB","","other","",False,"historical_only","2025-01-24","2025-02-28",25,0,0,0,0,0,False,0,False,False,"Not In Active Readiness Scope","Historical-only / not currently listed",False
"TOMCL-JAN","","other","",False,"historical_only","2021-11-01","2026-01-30",185,0,0,0,0,0,False,0,False,False,"Not In Active Readiness Scope","Historical-only / not currently listed",False
"TOMCL-JUL","","other","",False,"historical_only","2023-05-02","2026-07-31",172,0,0,0,0,0,False,0,False,False,"Not In Active Readiness Scope","Historical-only / not currently listed",False
"TOMCL-JUN","","other","",False,"historical_only","2023-05-02","2026-06-24",145,0,0,0,0,0,False,0,False,False,"Not In Active Readiness Scope","Historical-only / not currently listed",False
"TOMCL-MAR","","other","",False,"historical_only","2022-01-03","2026-03-27",146,0,0,0,0,0,False,0,False,False,"Not In Active Readiness Scope","Historical-only / not currently listed",False
"TOMCL-MARB","","other","",False,"historical_only","2025-02-11","2025-03-27",30,0,0,0,0,0,False,0,False,False,"Not In Active Readiness Scope","Historical-only / not currently listed",False
"TOMCL-MAY","","other","",False,"historical_only","2023-05-02","2026-05-29",145,0,0,0,0,0,False,0,False,False,"Not In Active Readiness Scope","Historical-only / not currently listed",False
"TOMCL-NOV","","other","",False,"historical_only","2021-08-30","2025-10-08",89,0,0,0,0,0,False,0,False,False,"Not In Active Readiness Scope","Historical-only / not currently listed",False
"TOMCL-NOVB","","other","",False,"historical_only","2021-10-11","2025-11-28",82,0,0,0,0,0,False,0,False,False,"Not In Active Readiness Scope","Historical-only / not currently listed",False
"TOMCL-OCT","","other","",False,"historical_only","2021-09-06","2025-10-08",154,0,0,0,0,0,False,0,False,False,"Not In Active Readiness Scope","Historical-only / not currently listed",False
"TOMCL-OCTB","","other","",False,"historical_only","2021-10-13","2025-10-31",42,0,0,0,0,0,False,0,False,False,"Not In Active Readiness Scope","Historical-only / not currently listed",False
"TOMCL-SEP","","other","",False,"historical_only","2021-08-23","2025-09-26",174,0,0,0,0,0,False,0,False,False,"Not In Active Readiness Scope","Historical-only / not currently listed",False
"TOMCLR","","unknown","",False,"historical_only","2025-02-12","2025-03-06",17,0,0,0,0,0,False,0,False,False,"Not In Active Readiness Scope","Historical-only / not currently listed",False
"TOWL","Towellers Limited","ordinary_equity","TEXTILE COMPOSITE",True,"listed_recently_traded","2016-07-26","2026-08-05",1964,0,0,0,0,0,False,0,False,False,"Data Quality Issue","price is not positive",False
"TOWL-ODL","","unknown","",False,"historical_only","2019-01-23","2020-04-02",96,0,0,0,0,0,False,0,False,False,"Not In Active Readiness Scope","Historical-only / not currently listed",False
"TPL","TPL Corp Limited","ordinary_equity","TECHNOLOGY & COMMUNICATION",True,"listed_recently_traded","2016-07-26","2026-08-05",2484,2435,2435,1704,365,366,True,2435,True,True,"Ready","Eligible active ordinary equity with sufficient usable history and complete split/scaler artifacts",True
"TPL-APR","","other","",False,"historical_only","2017-03-27","2023-04-28",148,0,0,0,0,0,False,0,False,False,"Not In Active Readiness Scope","Historical-only / not currently listed",False
"TPL-AUG","","other","",False,"historical_only","2017-07-24","2026-08-05",176,0,0,0,0,0,False,0,False,False,"Not In Active Readiness Scope","Historical-only / not currently listed",False
"TPL-CAPR","","unknown","",False,"historical_only","2017-01-30","2017-04-28",64,0,0,0,0,0,False,0,False,False,"Not In Active Readiness Scope","Historical-only / not currently listed",False
"TPL-CAUG","","unknown","",False,"historical_only","2017-05-29","2017-08-25",60,0,0,0,0,0,False,0,False,False,"Not In Active Readiness Scope","Historical-only / not currently listed",False
"TPL-CDEC","","unknown","",False,"historical_only","2017-10-02","2021-10-22",82,0,0,0,0,0,False,0,False,False,"Not In Active Readiness Scope","Historical-only / not currently listed",False
"TPL-CFEB","","unknown","",False,"historical_only","2017-01-02","2017-02-24",40,0,0,0,0,0,False,0,False,False,"Not In Active Readiness Scope","Historical-only / not currently listed",False
"TPL-CJAN","","unknown","",False,"historical_only","2017-01-02","2017-01-27",20,0,0,0,0,0,False,0,False,False,"Not In Active Readiness Scope","Historical-only / not currently listed",False
"TPL-CJUL","","unknown","",False,"historical_only","2017-05-02","2017-07-28",60,0,0,0,0,0,False,0,False,False,"Not In Active Readiness Scope","Historical-only / not currently listed",False
"TPL-CJUN","","unknown","",False,"historical_only","2017-04-03","2017-06-30",60,0,0,0,0,0,False,0,False,False,"Not In Active Readiness Scope","Historical-only / not currently listed",False
"TPL-CMAR","","unknown","",False,"historical_only","2017-01-02","2017-03-31",64,0,0,0,0,0,False,0,False,False,"Not In Active Readiness Scope","Historical-only / not currently listed",False
"TPL-CMAY","","unknown","",False,"historical_only","2017-02-27","2017-05-26",63,0,0,0,0,0,False,0,False,False,"Not In Active Readiness Scope","Historical-only / not currently listed",False
"TPL-CNOV","","unknown","",False,"historical_only","2017-08-28","2021-10-22",102,0,0,0,0,0,False,0,False,False,"Not In Active Readiness Scope","Historical-only / not currently listed",False
"TPL-COCT","","unknown","",False,"historical_only","2017-07-31","2021-10-22",119,0,0,0,0,0,False,0,False,False,"Not In Active Readiness Scope","Historical-only / not currently listed",False
"TPL-CSEP","","unknown","",False,"historical_only","2017-07-03","2017-09-29",62,0,0,0,0,0,False,0,False,False,"Not In Active Readiness Scope","Historical-only / not currently listed",False
"TPL-DEC","","other","",False,"historical_only","2021-10-06","2023-12-29",169,0,0,0,0,0,False,0,False,False,"Not In Active Readiness Scope","Historical-only / not currently listed",False
"TPL-FEB","","other","",False,"historical_only","2017-01-23","2023-02-24",155,0,0,0,0,0,False,0,False,False,"Not In Active Readiness Scope","Historical-only / not currently listed",False
"TPL-JAN","","other","",False,"historical_only","2017-01-02","2024-01-26",202,0,0,0,0,0,False,0,False,False,"Not In Active Readiness Scope","Historical-only / not currently listed",False
"TPL-JUL","","other","",False,"historical_only","2017-06-29","2026-07-31",168,0,0,0,0,0,False,0,False,False,"Not In Active Readiness Scope","Historical-only / not currently listed",False
"TPL-JUN","","other","",False,"historical_only","2017-05-22","2026-06-24",165,0,0,0,0,0,False,0,False,False,"Not In Active Readiness Scope","Historical-only / not currently listed",False
"TPL-MAR","","other","",False,"historical_only","2017-02-20","2023-03-31",152,0,0,0,0,0,False,0,False,False,"Not In Active Readiness Scope","Historical-only / not currently listed",False
"TPL-MAY","","other","",False,"historical_only","2017-04-24","2026-05-29",163,0,0,0,0,0,False,0,False,False,"Not In Active Readiness Scope","Historical-only / not currently listed",False
"TPL-NOV","","other","",False,"historical_only","2021-09-27","2023-11-24",150,0,0,0,0,0,False,0,False,False,"Not In Active Readiness Scope","Historical-only / not currently listed",False
"TPL-OCT","","other","",False,"historical_only","2017-09-25","2023-10-27",184,0,0,0,0,0,False,0,False,False,"Not In Active Readiness Scope","Historical-only / not currently listed",False
"TPL-ODL","","unknown","",False,"historical_only","2019-01-10","2020-04-10",118,0,0,0,0,0,False,0,False,False,"Not In Active Readiness Scope","Historical-only / not currently listed",False
"TPL-SEP","","other","",False,"historical_only","2017-08-21","2023-09-28",178,0,0,0,0,0,False,0,False,False,"Not In Active Readiness Scope","Historical-only / not currently listed",False
"TPLI","TPL Insurance Limited","ordinary_equity","INSURANCE",True,"listed_recently_traded","2018-01-04","2026-08-05",1550,0,0,0,0,0,False,0,False,False,"Data Quality Issue","price is not positive",False
"TPLI-ODL","","unknown","",False,"historical_only","2019-01-10","2020-04-07",38,0,0,0,0,0,False,0,False,False,"Not In Active Readiness Scope","Historical-only / not currently listed",False
"TPLL","TPL Life Insurance Limited","ordinary_equity","INSURANCE",True,"listed_recently_traded","2016-07-26","2026-08-05",806,0,0,0,0,0,False,0,False,False,"Data Quality Issue","price is not positive",False
"TPLP","TPL Properties Limited","ordinary_equity","PROPERTY",True,"listed_recently_traded","2018-01-11","2026-08-05",2000,0,0,0,0,0,False,0,False,False,"Data Quality Issue","price is not positive",False
"TPLP-APR","","other","",False,"historical_only","2022-01-31","2026-04-24",198,0,0,0,0,0,False,0,False,False,"Not In Active Readiness Scope","Historical-only / not currently listed",False
"TPLP-APRB","","other","",False,"historical_only","2022-03-09","2022-04-28",36,0,0,0,0,0,False,0,False,False,"Not In Active Readiness Scope","Historical-only / not currently listed",False
"TPLP-AUG","","other","",False,"historical_only","2022-05-30","2026-08-05",175,0,0,0,0,0,False,0,False,False,"Not In Active Readiness Scope","Historical-only / not currently listed",False
"TPLP-AUGB","","other","",False,"historical_only","2023-06-15","2023-08-25",46,0,0,0,0,0,False,0,False,False,"Not In Active Readiness Scope","Historical-only / not currently listed",False
"TPLP-DEC","","other","",False,"historical_only","2021-11-03","2025-12-26",220,0,0,0,0,0,False,0,False,False,"Not In Active Readiness Scope","Historical-only / not currently listed",False
"TPLP-FEB","","other","",False,"historical_only","2021-11-29","2026-02-27",247,0,0,0,0,0,False,0,False,False,"Not In Active Readiness Scope","Historical-only / not currently listed",False
"TPLP-JAN","","other","",False,"historical_only","2021-11-09","2026-01-30",244,0,0,0,0,0,False,0,False,False,"Not In Active Readiness Scope","Historical-only / not currently listed",False
"TPLP-JUL","","other","",False,"historical_only","2022-05-06","2026-07-31",211,0,0,0,0,0,False,0,False,False,"Not In Active Readiness Scope","Historical-only / not currently listed",False
"TPLP-JULB","","other","",False,"historical_only","2023-06-15","2023-07-27",28,0,0,0,0,0,False,0,False,False,"Not In Active Readiness Scope","Historical-only / not currently listed",False
"TPLP-JUN","","other","",False,"historical_only","2022-03-28","2026-06-24",214,0,0,0,0,0,False,0,False,False,"Not In Active Readiness Scope","Historical-only / not currently listed",False
"TPLP-JUNB","","other","",False,"historical_only","2023-06-15","2023-06-27",9,0,0,0,0,0,False,0,False,False,"Not In Active Readiness Scope","Historical-only / not currently listed",False
"TPLP-MAR","","other","",False,"historical_only","2022-01-03","2026-03-27",229,0,0,0,0,0,False,0,False,False,"Not In Active Readiness Scope","Historical-only / not currently listed",False
"TPLP-MARB","","other","",False,"historical_only","2022-03-09","2022-03-25",12,0,0,0,0,0,False,0,False,False,"Not In Active Readiness Scope","Historical-only / not currently listed",False
"TPLP-MAY","","other","",False,"historical_only","2022-02-28","2026-05-29",189,0,0,0,0,0,False,0,False,False,"Not In Active Readiness Scope","Historical-only / not currently listed",False
"TPLP-MAYB","","other","",False,"historical_only","2022-03-09","2022-05-27",52,0,0,0,0,0,False,0,False,False,"Not In Active Readiness Scope","Historical-only / not currently listed",False
"TPLP-NOV","","other","",False,"historical_only","2021-11-01","2025-11-28",190,0,0,0,0,0,False,0,False,False,"Not In Active Readiness Scope","Historical-only / not currently listed",False
"TPLP-NOVB","","other","",False,"historical_only","2022-10-03","2022-11-25",39,0,0,0,0,0,False,0,False,False,"Not In Active Readiness Scope","Historical-only / not currently listed",False
"TPLP-OCT","","other","",False,"historical_only","2022-08-01","2025-10-31",203,0,0,0,0,0,False,0,False,False,"Not In Active Readiness Scope","Historical-only / not currently listed",False
"TPLP-OCTB","","other","",False,"historical_only","2022-10-03","2022-10-28",20,0,0,0,0,0,False,0,False,False,"Not In Active Readiness Scope","Historical-only / not currently listed",False
"TPLP-ODL","","unknown","",False,"historical_only","2019-01-10","2020-04-09",93,0,0,0,0,0,False,0,False,False,"Not In Active Readiness Scope","Historical-only / not currently listed",False
"TPLP-SEP","","other","",False,"historical_only","2022-06-27","2026-07-28",219,0,0,0,0,0,False,0,False,False,"Not In Active Readiness Scope","Historical-only / not currently listed",False
"TPLPL","","unknown","",False,"historical_only","2017-01-03","2018-01-09",112,0,0,0,0,0,False,0,False,False,"Not In Active Readiness Scope","Historical-only / not currently listed",False
"TPLR","","unknown","",False,"historical_only","2018-10-24","2018-11-14",16,0,0,0,0,0,False,0,False,False,"Not In Active Readiness Scope","Historical-only / not currently listed",False
"TPLRF1","TPL REIT Fund I","other","REAL ESTATE INVESTMENT TRUST",True,"listed_recently_traded","2024-05-20","2026-08-05",544,0,0,0,0,0,False,0,False,False,"Data Quality Issue","price is not positive",False
"TPLRF1-AUG","","other","",False,"historical_only","2026-07-27","2026-08-05",8,0,0,0,0,0,False,0,False,False,"Not In Active Readiness Scope","Historical-only / not currently listed",False
"TPLRF1-JUL","","other","",False,"historical_only","2026-05-22","2026-07-31",32,0,0,0,0,0,False,0,False,False,"Not In Active Readiness Scope","Historical-only / not currently listed",False
"TPLRF1-JUN","","other","",False,"historical_only","2026-05-08","2026-06-24",23,0,0,0,0,0,False,0,False,False,"Not In Active Readiness Scope","Historical-only / not currently listed",False
"TPLRF1-MAY","","other","",False,"historical_only","2026-04-28","2026-05-29",10,0,0,0,0,0,False,0,False,False,"Not In Active Readiness Scope","Historical-only / not currently listed",False
"TPLT","TPL Trakker Limited","ordinary_equity","TECHNOLOGY & COMMUNICATION",True,"listed_recently_traded","2020-08-10","2026-08-05",1439,0,0,0,0,0,False,0,False,False,"Data Quality Issue","price is not positive",False
"TREET","Treet Corporation Limited","ordinary_equity","FOOD & PERSONAL CARE PRODUCTS",True,"listed_recently_traded","2016-07-26","2026-08-05",2484,2435,2435,1704,365,366,True,2435,True,True,"Ready","Eligible active ordinary equity with sufficient usable history and complete split/scaler artifacts",True
"TREET-APR","","other","",False,"historical_only","2017-03-27","2026-04-24",314,0,0,0,0,0,False,0,False,False,"Not In Active Readiness Scope","Historical-only / not currently listed",False
"TREET-AUG","","other","",False,"historical_only","2017-07-24","2026-08-05",298,0,0,0,0,0,False,0,False,False,"Not In Active Readiness Scope","Historical-only / not currently listed",False
"TREET-CAPR","","unknown","",False,"historical_only","2021-02-01","2021-04-30",63,0,0,0,0,0,False,0,False,False,"Not In Active Readiness Scope","Historical-only / not currently listed",False
"TREET-CAUG","","unknown","",False,"historical_only","2017-05-29","2021-08-27",182,0,0,0,0,0,False,0,False,False,"Not In Active Readiness Scope","Historical-only / not currently listed",False
"TREET-CDEC","","unknown","",False,"historical_only","2017-10-02","2021-10-22",82,0,0,0,0,0,False,0,False,False,"Not In Active Readiness Scope","Historical-only / not currently listed",False
"TREET-CFEB","","unknown","",False,"historical_only","2017-11-27","2018-02-23",62,0,0,0,0,0,False,0,False,False,"Not In Active Readiness Scope","Historical-only / not currently listed",False
"TREET-CJAN","","unknown","",False,"historical_only","2017-10-30","2018-01-26",63,0,0,0,0,0,False,0,False,False,"Not In Active Readiness Scope","Historical-only / not currently listed",False
"TREET-CJUL","","unknown","",False,"historical_only","2017-05-02","2021-07-30",176,0,0,0,0,0,False,0,False,False,"Not In Active Readiness Scope","Historical-only / not currently listed",False
"TREET-CJUN","","unknown","",False,"historical_only","2017-04-03","2021-06-25",180,0,0,0,0,0,False,0,False,False,"Not In Active Readiness Scope","Historical-only / not currently listed",False
"TREET-CMAR","","unknown","",False,"historical_only","2020-12-30","2021-03-26",61,0,0,0,0,0,False,0,False,False,"Not In Active Readiness Scope","Historical-only / not currently listed",False
"TREET-CMAY","","unknown","",False,"historical_only","2017-02-27","2021-05-28",184,0,0,0,0,0,False,0,False,False,"Not In Active Readiness Scope","Historical-only / not currently listed",False
"TREET-CNOV","","unknown","",False,"historical_only","2017-08-28","2021-10-22",164,0,0,0,0,0,False,0,False,False,"Not In Active Readiness Scope","Historical-only / not currently listed",False
"TREET-COCT","","unknown","",False,"historical_only","2017-07-31","2021-10-22",178,0,0,0,0,0,False,0,False,False,"Not In Active Readiness Scope","Historical-only / not currently listed",False
"TREET-CSEP","","unknown","",False,"historical_only","2017-07-03","2021-09-24",180,0,0,0,0,0,False,0,False,False,"Not In Active Readiness Scope","Historical-only / not currently listed",False
"TREET-DEC","","other","",False,"historical_only","2017-11-20","2025-12-26",191,0,0,0,0,0,False,0,False,False,"Not In Active Readiness Scope","Historical-only / not currently listed",False
"TREET-DECB","","other","",False,"historical_only","2021-11-04","2023-12-29",87,0,0,0,0,0,False,0,False,False,"Not In Active Readiness Scope","Historical-only / not currently listed",False
"TREET-FEB","","other","",False,"historical_only","2021-01-25","2026-02-27",273,0,0,0,0,0,False,0,False,False,"Not In Active Readiness Scope","Historical-only / not currently listed",False
"TREET-JAN","","other","",False,"historical_only","2020-12-21","2026-01-30",277,0,0,0,0,0,False,0,False,False,"Not In Active Readiness Scope","Historical-only / not currently listed",False
"TREET-JUL","","other","",False,"historical_only","2017-06-29","2026-07-31",309,0,0,0,0,0,False,0,False,False,"Not In Active Readiness Scope","Historical-only / not currently listed",False
"TREET-JUN","","other","",False,"historical_only","2017-05-22","2026-06-24",304,0,0,0,0,0,False,0,False,False,"Not In Active Readiness Scope","Historical-only / not currently listed",False
"TREET-MAR","","other","",False,"historical_only","2017-02-20","2026-03-27",320,0,0,0,0,0,False,0,False,False,"Not In Active Readiness Scope","Historical-only / not currently listed",False
"TREET-MAY","","other","",False,"historical_only","2017-04-24","2026-05-29",301,0,0,0,0,0,False,0,False,False,"Not In Active Readiness Scope","Historical-only / not currently listed",False
"TREET-NOV","","other","",False,"historical_only","2017-10-23","2025-11-28",253,0,0,0,0,0,False,0,False,False,"Not In Active Readiness Scope","Historical-only / not currently listed",False
"TREET-NOVB","","other","",False,"historical_only","2021-11-01","2023-11-24",42,0,0,0,0,0,False,0,False,False,"Not In Active Readiness Scope","Historical-only / not currently listed",False
"TREET-OCT","","other","",False,"historical_only","2017-09-25","2025-10-31",298,0,0,0,0,0,False,0,False,False,"Not In Active Readiness Scope","Historical-only / not currently listed",False
"TREET-OCTB","","other","",False,"historical_only","2017-10-09","2021-08-30",16,0,0,0,0,0,False,0,False,False,"Not In Active Readiness Scope","Historical-only / not currently listed",False
"TREET-ODL","","unknown","",False,"historical_only","2019-01-10","2020-04-10",303,0,254,0,0,0,False,0,False,False,"Not In Active Readiness Scope","Historical-only / not currently listed",False
"TREET-SEP","","other","",False,"historical_only","2017-08-21","2025-09-26",323,0,0,0,0,0,False,0,False,False,"Not In Active Readiness Scope","Historical-only / not currently listed",False
"TREETR2","","unknown","",False,"historical_only","2023-11-24","2023-12-15",16,0,0,0,0,0,False,0,False,False,"Not In Active Readiness Scope","Historical-only / not currently listed",False
"TRG","TRG Pakistan Limited","ordinary_equity","TECHNOLOGY & COMMUNICATION",True,"listed_recently_traded","2016-07-26","2026-08-05",2484,2435,2435,1704,365,366,True,2435,True,True,"Ready","Eligible active ordinary equity with sufficient usable history and complete split/scaler artifacts",True
"TRG-APR","","other","",False,"historical_only","2017-03-27","2026-04-24",339,0,0,0,0,0,False,0,False,False,"Not In Active Readiness Scope","Historical-only / not currently listed",False
"TRG-APRB","","other","",False,"historical_only","2025-03-18","2025-04-25",25,0,0,0,0,0,False,0,False,False,"Not In Active Readiness Scope","Historical-only / not currently listed",False
"TRG-AUG","","other","",False,"historical_only","2017-07-24","2026-08-05",317,0,0,0,0,0,False,0,False,False,"Not In Active Readiness Scope","Historical-only / not currently listed",False
"TRG-AUGB","","other","",False,"historical_only","2025-06-23","2025-08-29",33,0,0,0,0,0,False,0,False,False,"Not In Active Readiness Scope","Historical-only / not currently listed",False
"TRG-CAPR","","unknown","",False,"historical_only","2017-01-30","2021-04-30",312,0,0,0,0,0,False,0,False,False,"Not In Active Readiness Scope","Historical-only / not currently listed",False
"TRG-CAUG","","unknown","",False,"historical_only","2017-05-29","2021-08-27",302,0,0,0,0,0,False,0,False,False,"Not In Active Readiness Scope","Historical-only / not currently listed",False
"TRG-CDEC","","unknown","",False,"historical_only","2017-10-02","2021-10-22",272,0,0,0,0,0,False,0,False,False,"Not In Active Readiness Scope","Historical-only / not currently listed",False
"TRG-CFEB","","unknown","",False,"historical_only","2017-01-02","2021-02-26",285,0,0,0,0,0,False,0,False,False,"Not In Active Readiness Scope","Historical-only / not currently listed",False
"TRG-CJAN","","unknown","",False,"historical_only","2017-01-02","2021-01-29",278,0,0,0,0,0,False,0,False,False,"Not In Active Readiness Scope","Historical-only / not currently listed",False
"TRG-CJUL","","unknown","",False,"historical_only","2017-05-02","2021-07-30",299,0,0,0,0,0,False,0,False,False,"Not In Active Readiness Scope","Historical-only / not currently listed",False
"TRG-CJUN","","unknown","",False,"historical_only","2017-04-03","2021-06-25",299,0,0,0,0,0,False,0,False,False,"Not In Active Readiness Scope","Historical-only / not currently listed",False
"TRG-CMAR","","unknown","",False,"historical_only","2017-01-02","2021-03-26",314,0,0,0,0,0,False,0,False,False,"Not In Active Readiness Scope","Historical-only / not currently listed",False
"TRG-CMAY","","unknown","",False,"historical_only","2017-02-27","2021-05-28",311,0,0,0,0,0,False,0,False,False,"Not In Active Readiness Scope","Historical-only / not currently listed",False
"TRG-CNOV","","unknown","",False,"historical_only","2017-08-28","2021-10-22",291,0,0,0,0,0,False,0,False,False,"Not In Active Readiness Scope","Historical-only / not currently listed",False
"TRG-COCT","","unknown","",False,"historical_only","2017-07-31","2021-10-22",300,0,0,0,0,0,False,0,False,False,"Not In Active Readiness Scope","Historical-only / not currently listed",False
"TRG-CSEP","","unknown","",False,"historical_only","2017-07-03","2021-09-24",302,0,0,0,0,0,False,0,False,False,"Not In Active Readiness Scope","Historical-only / not currently listed",False
"TRG-DEC","","other","",False,"historical_only","2017-11-20","2025-12-26",338,0,0,0,0,0,False,0,False,False,"Not In Active Readiness Scope","Historical-only / not currently listed",False
"TRG-FEB","","other","",False,"historical_only","2017-01-23","2026-02-27",365,0,0,0,0,0,False,0,False,False,"Not In Active Readiness Scope","Historical-only / not currently listed",False
"TRG-FEBB","","other","",False,"historical_only","2025-02-12","2025-02-28",13,0,0,0,0,0,False,0,False,False,"Not In Active Readiness Scope","Historical-only / not currently listed",False
"TRG-JAN","","other","",False,"historical_only","2017-01-02","2026-01-30",373,0,0,0,0,0,False,0,False,False,"Not In Active Readiness Scope","Historical-only / not currently listed",False
"TRG-JUL","","other","",False,"historical_only","2017-06-29","2026-07-31",350,0,0,0,0,0,False,0,False,False,"Not In Active Readiness Scope","Historical-only / not currently listed",False
"TRG-JULB","","other","",False,"historical_only","2025-06-13","2025-07-25",29,0,0,0,0,0,False,0,False,False,"Not In Active Readiness Scope","Historical-only / not currently listed",False
"TRG-JUN","","other","",False,"historical_only","2017-05-22","2026-06-24",339,0,0,0,0,0,False,0,False,False,"Not In Active Readiness Scope","Historical-only / not currently listed",False
"TRG-JUNB","","other","",False,"historical_only","2025-06-12","2025-06-27",12,0,0,0,0,0,False,0,False,False,"Not In Active Readiness Scope","Historical-only / not currently listed",False
"TRG-MAR","","other","",False,"historical_only","2017-02-20","2026-03-27",352,0,0,0,0,0,False,0,False,False,"Not In Active Readiness Scope","Historical-only / not currently listed",False
"TRG-MARB","","other","",False,"historical_only","2025-02-12","2025-03-27",32,0,0,0,0,0,False,0,False,False,"Not In Active Readiness Scope","Historical-only / not currently listed",False
"TRG-MAY","","other","",False,"historical_only","2017-04-24","2026-05-29",360,0,0,0,0,0,False,0,False,False,"Not In Active Readiness Scope","Historical-only / not currently listed",False
"TRG-NOV","","other","",False,"historical_only","2017-10-23","2025-11-28",368,0,0,0,0,0,False,0,False,False,"Not In Active Readiness Scope","Historical-only / not currently listed",False
"TRG-OCT","","other","",False,"historical_only","2017-09-25","2025-10-31",394,0,0,0,0,0,False,0,False,False,"Not In Active Readiness Scope","Historical-only / not currently listed",False
"TRG-ODL","","unknown","",False,"historical_only","2019-01-10","2020-04-10",304,0,255,0,0,0,False,0,False,False,"Not In Active Readiness Scope","Historical-only / not currently listed",False
"TRG-SEP","","other","",False,"historical_only","2017-08-21","2025-09-26",357,0,0,0,0,0,False,0,False,False,"Not In Active Readiness Scope","Historical-only / not currently listed",False
"TRIBL","Trust Investment Bank Limited","ordinary_equity","INV. BANKS / INV. COS. / SECURITIES COS.",True,"non_compliant","2016-07-26","2024-09-26",734,0,0,0,0,0,False,0,False,False,"Not In Active Readiness Scope","Currently listed but not recently traded",False
"TRIBL-ODL","","unknown","",False,"historical_only","2019-04-16","2019-10-18",25,0,0,0,0,0,False,0,False,False,"Not In Active Readiness Scope","Historical-only / not currently listed",False
"TRIPF","Tri-Pack Films Limited","ordinary_equity","MISCELLANEOUS",True,"listed_recently_traded","2016-07-26","2026-08-05",2345,0,0,0,0,0,False,0,False,False,"Data Quality Issue","price is not positive",False
"TRIPF-ODL","","unknown","",False,"historical_only","2019-01-14","2020-04-09",210,0,0,0,0,0,False,0,False,False,"Not In Active Readiness Scope","Historical-only / not currently listed",False
"TRPOL","","unknown","",False,"historical_only","2016-07-26","2021-04-05",1166,0,0,0,0,0,False,0,False,False,"Not In Active Readiness Scope","Historical-only / not currently listed",False
"TRPOL-ODL","","unknown","",False,"historical_only","2019-01-10","2020-04-10",158,0,0,0,0,0,False,0,False,False,"Not In Active Readiness Scope","Historical-only / not currently listed",False
"TRPOLR","","unknown","",False,"historical_only","2017-11-20","2017-12-12",16,0,0,0,0,0,False,0,False,False,"Not In Active Readiness Scope","Historical-only / not currently listed",False
"TRSM","Trust Modaraba","ordinary_equity","MODARABAS",True,"listed_recently_traded","2016-07-26","2026-08-05",1337,0,0,0,0,0,False,0,False,False,"Data Quality Issue","price is not positive",False
"TRSM-ODL","","unknown","",False,"historical_only","2019-01-17","2020-03-24",37,0,0,0,0,0,False,0,False,False,"Not In Active Readiness Scope","Historical-only / not currently listed",False
"TSBL","Trust Securities & Brokerage Limited","ordinary_equity","INV. BANKS / INV. COS. / SECURITIES COS.",True,"listed_recently_traded","2016-07-26","2026-08-05",1282,0,0,0,0,0,False,0,False,False,"Data Quality Issue","price is not positive",False
"TSBL-ODL","","unknown","",False,"historical_only","2019-01-23","2020-02-26",19,0,0,0,0,0,False,0,False,False,"Not In Active Readiness Scope","Historical-only / not currently listed",False
"TSBLR","","unknown","",False,"historical_only","2018-02-06","2018-02-28",17,0,0,0,0,0,False,0,False,False,"Not In Active Readiness Scope","Historical-only / not currently listed",False
"TSBLR1","","unknown","",False,"historical_only","2026-02-19","2026-03-05",11,0,0,0,0,0,False,0,False,False,"Not In Active Readiness Scope","Historical-only / not currently listed",False
"TSMF","Tri-Star Mutual Fund Limited","ordinary_equity","CLOSE - END MUTUAL FUND",True,"listed_recently_traded","2016-07-26","2026-08-05",1581,0,0,0,0,0,False,0,False,False,"Data Quality Issue","price is not positive",False
"TSMF-ODL","","unknown","",False,"historical_only","2019-01-23","2020-03-18",17,0,0,0,0,0,False,0,False,False,"Not In Active Readiness Scope","Historical-only / not currently listed",False
"TSML","Tandlianwala Sugar Mills Limited","ordinary_equity","SUGAR & ALLIED INDUSTRIES",True,"listed_recently_traded","2016-07-26","2026-08-05",1207,0,0,0,0,0,False,0,False,False,"Data Quality Issue","price is not positive",False
"TSML-ODL","","unknown","",False,"historical_only","2019-01-18","2020-04-08",26,0,0,0,0,0,False,0,False,False,"Not In Active Readiness Scope","Historical-only / not currently listed",False
"TSPL","Tri-Star Power Limited","ordinary_equity","POWER GENERATION & DISTRIBUTION",True,"listed_recently_traded","2016-07-26","2026-08-05",2409,0,0,0,0,0,False,0,False,False,"Data Quality Issue","price is not positive",False
"TSPL-ODL","","unknown","",False,"historical_only","2019-01-23","2020-03-18",41,0,0,0,0,0,False,0,False,False,"Not In Active Readiness Scope","Historical-only / not currently listed",False
"UBDL","United Brands Limited","ordinary_equity","MISCELLANEOUS",True,"listed_recently_traded","2016-07-26","2026-08-05",2010,0,0,0,0,0,False,0,False,False,"Data Quality Issue","price is not positive",False
"UBDL-ODL","","unknown","",False,"historical_only","2019-01-10","2020-04-10",185,0,0,0,0,0,False,0,False,False,"Not In Active Readiness Scope","Historical-only / not currently listed",False
"UBDLR","","unknown","",False,"historical_only","2018-03-26","2018-04-17",17,0,0,0,0,0,False,0,False,False,"Not In Active Readiness Scope","Historical-only / not currently listed",False
"UBL","United Bank Limited","ordinary_equity","COMMERCIAL BANKS",True,"listed_recently_traded","2016-07-26","2026-08-05",2484,2435,2435,1704,365,366,True,2435,True,True,"Ready","Eligible active ordinary equity with sufficient usable history and complete split/scaler artifacts",True
"UBL-APR","","other","",False,"historical_only","2017-03-27","2026-03-10",201,0,0,0,0,0,False,0,False,False,"Not In Active Readiness Scope","Historical-only / not currently listed",False
"UBL-APRB","","other","",False,"historical_only","2022-02-28","2026-04-22",158,0,0,0,0,0,False,0,False,False,"Not In Active Readiness Scope","Historical-only / not currently listed",False
"UBL-AUG","","other","",False,"historical_only","2018-07-23","2026-07-29",225,0,0,0,0,0,False,0,False,False,"Not In Active Readiness Scope","Historical-only / not currently listed",False
"UBL-AUGB","","other","",False,"historical_only","2021-08-23","2026-08-05",74,0,0,0,0,0,False,0,False,False,"Not In Active Readiness Scope","Historical-only / not currently listed",False
"UBL-AUGC","","other","",False,"historical_only","2025-07-15","2025-08-29",33,0,0,0,0,0,False,0,False,False,"Not In Active Readiness Scope","Historical-only / not currently listed",False
"UBL-CAPR","","unknown","",False,"historical_only","2017-01-30","2021-04-30",312,0,0,0,0,0,False,0,False,False,"Not In Active Readiness Scope","Historical-only / not currently listed",False
"UBL-CAUG","","unknown","",False,"historical_only","2018-05-28","2021-08-27",242,0,0,0,0,0,False,0,False,False,"Not In Active Readiness Scope","Historical-only / not currently listed",False
"UBL-CDEC","","unknown","",False,"historical_only","2017-10-02","2021-10-22",272,0,0,0,0,0,False,0,False,False,"Not In Active Readiness Scope","Historical-only / not currently listed",False
"UBL-CFEB","","unknown","",False,"historical_only","2017-01-02","2021-02-26",285,0,0,0,0,0,False,0,False,False,"Not In Active Readiness Scope","Historical-only / not currently listed",False
"UBL-CJAN","","unknown","",False,"historical_only","2017-01-02","2021-01-29",278,0,0,0,0,0,False,0,False,False,"Not In Active Readiness Scope","Historical-only / not currently listed",False
"UBL-CJUL","","unknown","",False,"historical_only","2018-04-30","2021-07-30",239,0,0,0,0,0,False,0,False,False,"Not In Active Readiness Scope","Historical-only / not currently listed",False
"UBL-CJUN","","unknown","",False,"historical_only","2017-04-03","2021-06-25",299,0,0,0,0,0,False,0,False,False,"Not In Active Readiness Scope","Historical-only / not currently listed",False
"UBL-CMAR","","unknown","",False,"historical_only","2017-01-02","2021-03-26",314,0,0,0,0,0,False,0,False,False,"Not In Active Readiness Scope","Historical-only / not currently listed",False
"UBL-CMAY","","unknown","",False,"historical_only","2017-02-27","2021-05-28",311,0,0,0,0,0,False,0,False,False,"Not In Active Readiness Scope","Historical-only / not currently listed",False
"UBL-CNOV","","unknown","",False,"historical_only","2017-08-28","2021-10-22",291,0,0,0,0,0,False,0,False,False,"Not In Active Readiness Scope","Historical-only / not currently listed",False
"UBL-COCT","","unknown","",False,"historical_only","2018-07-30","2021-10-22",238,0,0,0,0,0,False,0,False,False,"Not In Active Readiness Scope","Historical-only / not currently listed",False
"UBL-CSEP","","unknown","",False,"historical_only","2018-07-02","2021-09-24",240,0,0,0,0,0,False,0,False,False,"Not In Active Readiness Scope","Historical-only / not currently listed",False
"UBL-DEC","","other","",False,"historical_only","2017-11-20","2023-10-31",142,0,0,0,0,0,False,0,False,False,"Not In Active Readiness Scope","Historical-only / not currently listed",False
"UBL-DECB","","other","",False,"historical_only","2021-10-25","2025-12-26",180,0,0,0,0,0,False,0,False,False,"Not In Active Readiness Scope","Historical-only / not currently listed",False
"UBL-FEB","","other","",False,"historical_only","2017-01-23","2026-02-27",358,0,0,0,0,0,False,0,False,False,"Not In Active Readiness Scope","Historical-only / not currently listed",False
"UBL-JAN","","other","",False,"historical_only","2017-01-02","2026-01-30",381,0,0,0,0,0,False,0,False,False,"Not In Active Readiness Scope","Historical-only / not currently listed",False
"UBL-JUL","","other","",False,"historical_only","2018-06-25","2026-07-29",304,0,0,0,0,0,False,0,False,False,"Not In Active Readiness Scope","Historical-only / not currently listed",False
"UBL-JULB","","other","",False,"historical_only","2025-06-17","2025-07-16",19,0,0,0,0,0,False,0,False,False,"Not In Active Readiness Scope","Historical-only / not currently listed",False
"UBL-JULC","","other","",False,"historical_only","2025-07-14","2025-07-25",10,0,0,0,0,0,False,0,False,False,"Not In Active Readiness Scope","Historical-only / not currently listed",False
"UBL-JUN","","other","",False,"historical_only","2018-05-21","2026-04-10",149,0,0,0,0,0,False,0,False,False,"Not In Active Readiness Scope","Historical-only / not currently listed",False
"UBL-JUNB","","other","",False,"historical_only","2022-04-21","2026-06-24",173,0,0,0,0,0,False,0,False,False,"Not In Active Readiness Scope","Historical-only / not currently listed",False
"UBL-JUNC","","other","",False,"historical_only","2025-06-16","2025-06-27",8,0,0,0,0,0,False,0,False,False,"Not In Active Readiness Scope","Historical-only / not currently listed",False
"UBL-MAR","","other","",False,"historical_only","2017-02-20","2026-03-17",247,0,0,0,0,0,False,0,False,False,"Not In Active Readiness Scope","Historical-only / not currently listed",False
"UBL-MARB","","other","",False,"historical_only","2018-02-26","2026-03-27",137,0,0,0,0,0,False,0,False,False,"Not In Active Readiness Scope","Historical-only / not currently listed",False
"UBL-MAY","","other","",False,"historical_only","2018-04-23","2025-04-25",180,0,0,0,0,0,False,0,False,False,"Not In Active Readiness Scope","Historical-only / not currently listed",False
"UBL-MAYB","","other","",False,"historical_only","2020-05-06","2026-04-22",122,0,0,0,0,0,False,0,False,False,"Not In Active Readiness Scope","Historical-only / not currently listed",False
"UBL-MAYC","","other","",False,"historical_only","2024-04-22","2026-05-29",54,0,0,0,0,0,False,0,False,False,"Not In Active Readiness Scope","Historical-only / not currently listed",False
"UBL-NOV","","other","",False,"historical_only","2017-10-23","2025-10-15",221,0,0,0,0,0,False,0,False,False,"Not In Active Readiness Scope","Historical-only / not currently listed",False
"UBL-NOVB","","other","",False,"historical_only","2021-10-25","2025-11-28",112,0,0,0,0,0,False,0,False,False,"Not In Active Readiness Scope","Historical-only / not currently listed",False
"UBL-OCT","","other","",False,"historical_only","2017-09-25","2025-10-21",202,0,0,0,0,0,False,0,False,False,"Not In Active Readiness Scope","Historical-only / not currently listed",False
"UBL-OCTB","","other","",False,"historical_only","2021-08-16","2025-10-31",143,0,0,0,0,0,False,0,False,False,"Not In Active Readiness Scope","Historical-only / not currently listed",False
"UBL-ODL","","unknown","",False,"historical_only","2019-01-10","2020-03-20",287,0,238,0,0,0,False,0,False,False,"Not In Active Readiness Scope","Historical-only / not currently listed",False
"UBL-SEP","","other","",False,"historical_only","2017-08-21","2024-08-07",169,0,0,0,0,0,False,0,False,False,"Not In Active Readiness Scope","Historical-only / not currently listed",False
"UBL-SEPB","","other","",False,"historical_only","2021-08-26","2025-09-26",171,0,0,0,0,0,False,0,False,False,"Not In Active Readiness Scope","Historical-only / not currently listed",False
"UBLPETF","UBLPakistan Enterprise ETF","etf","EXCHANGE TRADED FUNDS",True,"listed_recently_traded","2020-03-24","2026-08-05",1090,0,0,0,0,0,False,0,False,False,"Data Quality Issue","price is not positive",False
"UBLPETF-APR","","other","",False,"historical_only","2022-01-31","2024-04-26",182,0,0,0,0,0,False,0,False,False,"Not In Active Readiness Scope","Historical-only / not currently listed",False
"UBLPETF-AUG","","other","",False,"historical_only","2022-05-30","2024-07-02",58,0,0,0,0,0,False,0,False,False,"Not In Active Readiness Scope","Historical-only / not currently listed",False
"UBLPETF-AUGB","","other","",False,"historical_only","2022-06-27","2024-08-30",115,0,0,0,0,0,False,0,False,False,"Not In Active Readiness Scope","Historical-only / not currently listed",False
"UBLPETF-CDEC","","unknown","",False,"historical_only","2021-09-27","2021-10-22",19,0,0,0,0,0,False,0,False,False,"Not In Active Readiness Scope","Historical-only / not currently listed",False
"UBLPETF-CNOV","","unknown","",False,"historical_only","2021-08-30","2021-10-22",39,0,0,0,0,0,False,0,False,False,"Not In Active Readiness Scope","Historical-only / not currently listed",False
"UBLPETF-COCT","","unknown","",False,"historical_only","2021-08-02","2021-10-22",57,0,0,0,0,0,False,0,False,False,"Not In Active Readiness Scope","Historical-only / not currently listed",False
"UBLPETF-DEC","","other","",False,"historical_only","2021-09-27","2023-12-29",180,0,0,0,0,0,False,0,False,False,"Not In Active Readiness Scope","Historical-only / not currently listed",False
"UBLPETF-FEB","","other","",False,"historical_only","2022-02-01","2026-02-03",148,0,0,0,0,0,False,0,False,False,"Not In Active Readiness Scope","Historical-only / not currently listed",False
"UBLPETF-JAN","","other","",False,"historical_only","2022-10-31","2024-01-26",127,0,0,0,0,0,False,0,False,False,"Not In Active Readiness Scope","Historical-only / not currently listed",False
"UBLPETF-JUL","","other","",False,"historical_only","2022-05-06","2024-07-02",114,0,0,0,0,0,False,0,False,False,"Not In Active Readiness Scope","Historical-only / not currently listed",False
"UBLPETF-JULB","","other","",False,"historical_only","2022-06-27","2026-07-09",59,0,0,0,0,0,False,0,False,False,"Not In Active Readiness Scope","Historical-only / not currently listed",False
"UBLPETF-JUN","","other","",False,"historical_only","2022-03-28","2024-06-28",168,0,0,0,0,0,False,0,False,False,"Not In Active Readiness Scope","Historical-only / not currently listed",False
"UBLPETF-MAR","","other","",False,"historical_only","2022-02-01","2024-03-29",165,0,0,0,0,0,False,0,False,False,"Not In Active Readiness Scope","Historical-only / not currently listed",False
"UBLPETF-MAY","","other","",False,"historical_only","2022-02-28","2024-05-31",180,0,0,0,0,0,False,0,False,False,"Not In Active Readiness Scope","Historical-only / not currently listed",False
"UBLPETF-NOV","","other","",False,"historical_only","2021-08-30","2024-09-26",187,0,0,0,0,0,False,0,False,False,"Not In Active Readiness Scope","Historical-only / not currently listed",False
"UBLPETF-OCT","","other","",False,"historical_only","2021-07-26","2024-09-26",175,0,0,0,0,0,False,0,False,False,"Not In Active Readiness Scope","Historical-only / not currently listed",False
"UBLPETF-SEP","","other","",False,"historical_only","2022-06-27","2024-09-26",179,0,0,0,0,0,False,0,False,False,"Not In Active Readiness Scope","Historical-only / not currently listed",False
"UCAPM","Unicap Modaraba","ordinary_equity","MODARABAS",True,"listed_recently_traded","2017-01-02","2026-08-05",1869,0,0,0,0,0,False,0,False,False,"Data Quality Issue","price is not positive",False
"UCAPM-ODL","","unknown","",False,"historical_only","2019-01-23","2020-03-25",21,0,0,0,0,0,False,0,False,False,"Not In Active Readiness Scope","Historical-only / not currently listed",False
"UDLI","UDL International Limited","ordinary_equity","MISCELLANEOUS",True,"listed_recently_traded","2024-07-10","2026-08-05",512,0,0,0,0,0,False,0,False,False,"Data Quality Issue","price is not positive",False
"UDPL","United Distributors Pakistan Limited","ordinary_equity","MISCELLANEOUS",True,"listed_recently_traded","2016-07-26","2026-08-05",1600,0,0,0,0,0,False,0,False,False,"Data Quality Issue","price is not positive",False
"UDPL-ODL","","unknown","",False,"historical_only","2019-01-11","2020-04-09",174,0,0,0,0,0,False,0,False,False,"Not In Active Readiness Scope","Historical-only / not currently listed",False
"UMBLTFC1","","unknown","",False,"historical_only","2024-08-30","2024-09-26",19,0,0,0,0,0,False,0,False,False,"Not In Active Readiness Scope","Historical-only / not currently listed",False
"UNBL-NOV","","other","",False,"historical_only","2021-08-30","2021-08-30",1,0,0,0,0,0,False,0,False,False,"Not In Active Readiness Scope","Historical-only / not currently listed",False
"UNIC","The United Insurance Company","ordinary_equity","INSURANCE",True,"listed_recently_traded","2016-07-26","2026-08-05",2309,0,0,0,0,0,False,0,False,False,"Data Quality Issue","price is not positive",False
"UNIC-ODL","","unknown","",False,"historical_only","2019-01-11","2020-04-10",204,0,0,0,0,0,False,0,False,False,"Not In Active Readiness Scope","Historical-only / not currently listed",False
"UNITY","Unity Foods Limited","ordinary_equity","FOOD & PERSONAL CARE PRODUCTS",True,"listed_recently_traded","2017-10-05","2026-08-05",2187,0,0,0,0,0,False,0,False,False,"Data Quality Issue","price is not positive",False
"UNITY-APR","","other","",False,"historical_only","2019-03-25","2026-04-24",313,0,0,0,0,0,False,0,False,False,"Not In Active Readiness Scope","Historical-only / not currently listed",False
"UNITY-AUG","","other","",False,"historical_only","2019-07-22","2026-08-05",292,0,0,0,0,0,False,0,False,False,"Not In Active Readiness Scope","Historical-only / not currently listed",False
"UNITY-CAPR","","unknown","",False,"historical_only","2021-02-01","2021-04-30",63,0,0,0,0,0,False,0,False,False,"Not In Active Readiness Scope","Historical-only / not currently listed",False
"UNITY-CAUG","","unknown","",False,"historical_only","2020-06-01","2021-08-27",123,0,0,0,0,0,False,0,False,False,"Not In Active Readiness Scope","Historical-only / not currently listed",False
"UNITY-CDEC","","unknown","",False,"historical_only","2020-09-28","2021-10-22",82,0,0,0,0,0,False,0,False,False,"Not In Active Readiness Scope","Historical-only / not currently listed",False
"UNITY-CFEB","","unknown","",False,"historical_only","2020-11-30","2021-02-26",63,0,0,0,0,0,False,0,False,False,"Not In Active Readiness Scope","Historical-only / not currently listed",False
"UNITY-CJAN","","unknown","",False,"historical_only","2020-11-02","2021-01-29",64,0,0,0,0,0,False,0,False,False,"Not In Active Readiness Scope","Historical-only / not currently listed",False
"UNITY-CJUL","","unknown","",False,"historical_only","2020-04-27","2021-07-30",120,0,0,0,0,0,False,0,False,False,"Not In Active Readiness Scope","Historical-only / not currently listed",False
"UNITY-CJUN","","unknown","",False,"historical_only","2020-03-30","2021-06-25",119,0,0,0,0,0,False,0,False,False,"Not In Active Readiness Scope","Historical-only / not currently listed",False
"UNITY-CMAR","","unknown","",False,"historical_only","2020-12-30","2021-03-26",61,0,0,0,0,0,False,0,False,False,"Not In Active Readiness Scope","Historical-only / not currently listed",False
"UNITY-CMAY","","unknown","",False,"historical_only","2020-03-02","2021-05-28",117,0,0,0,0,0,False,0,False,False,"Not In Active Readiness Scope","Historical-only / not currently listed",False
"UNITY-CNOV","","unknown","",False,"historical_only","2020-08-31","2021-10-22",103,0,0,0,0,0,False,0,False,False,"Not In Active Readiness Scope","Historical-only / not currently listed",False
"UNITY-COCT","","unknown","",False,"historical_only","2020-08-03","2021-10-22",120,0,0,0,0,0,False,0,False,False,"Not In Active Readiness Scope","Historical-only / not currently listed",False
"UNITY-CSEP","","unknown","",False,"historical_only","2020-06-29","2021-09-24",123,0,0,0,0,0,False,0,False,False,"Not In Active Readiness Scope","Historical-only / not currently listed",False
"UNITY-DEC","","other","",False,"historical_only","2018-11-26","2025-12-26",270,0,0,0,0,0,False,0,False,False,"Not In Active Readiness Scope","Historical-only / not currently listed",False
"UNITY-DECB","","other","",False,"historical_only","2021-11-29","2021-12-31",25,0,0,0,0,0,False,0,False,False,"Not In Active Readiness Scope","Historical-only / not currently listed",False
"UNITY-FEB","","other","",False,"historical_only","2019-01-21","2026-02-27",315,0,0,0,0,0,False,0,False,False,"Not In Active Readiness Scope","Historical-only / not currently listed",False
"UNITY-JAN","","other","",False,"historical_only","2018-12-24","2026-01-30",285,0,0,0,0,0,False,0,False,False,"Not In Active Readiness Scope","Historical-only / not currently listed",False
"UNITY-JANB","","other","",False,"historical_only","2021-11-29","2022-01-28",45,0,0,0,0,0,False,0,False,False,"Not In Active Readiness Scope","Historical-only / not currently listed",False
"UNITY-JUL","","other","",False,"historical_only","2019-06-24","2026-07-31",282,0,0,0,0,0,False,0,False,False,"Not In Active Readiness Scope","Historical-only / not currently listed",False
"UNITY-JULB","","other","",False,"historical_only","2024-05-23","2024-07-26",41,0,0,0,0,0,False,0,False,False,"Not In Active Readiness Scope","Historical-only / not currently listed",False
"UNITY-JUN","","other","",False,"historical_only","2019-05-27","2026-06-24",272,0,0,0,0,0,False,0,False,False,"Not In Active Readiness Scope","Historical-only / not currently listed",False
"UNITY-JUNB","","other","",False,"historical_only","2024-05-23","2024-06-28",23,0,0,0,0,0,False,0,False,False,"Not In Active Readiness Scope","Historical-only / not currently listed",False
"UNITY-MAR","","other","",False,"historical_only","2019-02-18","2026-03-27",297,0,0,0,0,0,False,0,False,False,"Not In Active Readiness Scope","Historical-only / not currently listed",False
"UNITY-MARB","","other","",False,"historical_only","2019-03-04","2019-03-29",20,0,0,0,0,0,False,0,False,False,"Not In Active Readiness Scope","Historical-only / not currently listed",False
"UNITY-MAY","","other","",False,"historical_only","2019-04-22","2026-05-29",309,0,0,0,0,0,False,0,False,False,"Not In Active Readiness Scope","Historical-only / not currently listed",False
"UNITY-NOV","","other","",False,"historical_only","2018-10-22","2025-11-28",322,0,0,0,0,0,False,0,False,False,"Not In Active Readiness Scope","Historical-only / not currently listed",False
"UNITY-OCT","","other","",False,"historical_only","2018-09-24","2025-10-31",320,0,0,0,0,0,False,0,False,False,"Not In Active Readiness Scope","Historical-only / not currently listed",False
"UNITY-OCTB","","other","",False,"historical_only","2019-10-07","2019-10-25",15,0,0,0,0,0,False,0,False,False,"Not In Active Readiness Scope","Historical-only / not currently listed",False
"UNITY-ODL","","unknown","",False,"historical_only","2019-01-10","2020-04-10",308,0,259,0,0,0,False,0,False,False,"Not In Active Readiness Scope","Historical-only / not currently listed",False
"UNITY-SEP","","other","",False,"historical_only","2018-08-27","2025-09-26",312,0,0,0,0,0,False,0,False,False,"Not In Active Readiness Scope","Historical-only / not currently listed",False
"UNITYR","","unknown","",False,"historical_only","2017-10-30","2017-11-21",17,0,0,0,0,0,False,0,False,False,"Not In Active Readiness Scope","Historical-only / not currently listed",False
"UNITYR1","","unknown","",False,"historical_only","2019-03-27","2019-04-18",17,0,0,0,0,0,False,0,False,False,"Not In Active Readiness Scope","Historical-only / not currently listed",False
"UNITYR1-ODL","","unknown","",False,"historical_only","2019-03-27","2019-04-18",17,0,0,0,0,0,False,0,False,False,"Not In Active Readiness Scope","Historical-only / not currently listed",False
"UNITYR2","","unknown","",False,"historical_only","2020-08-10","2020-09-01",16,0,0,0,0,0,False,0,False,False,"Not In Active Readiness Scope","Historical-only / not currently listed",False
"UNITYR3","","unknown","",False,"historical_only","2021-12-23","2022-01-14",17,0,0,0,0,0,False,0,False,False,"Not In Active Readiness Scope","Historical-only / not currently listed",False
"UPFL","Unilever Pakistan Foods Limited","ordinary_equity","FOOD & PERSONAL CARE PRODUCTS",True,"listed_recently_traded","2016-07-26","2026-08-05",1412,0,0,0,0,0,False,0,False,False,"Data Quality Issue","price is not positive",False
"UPFL-ODL","","unknown","",False,"historical_only","2019-01-16","2020-04-09",102,0,0,0,0,0,False,0,False,False,"Not In Active Readiness Scope","Historical-only / not currently listed",False
"UPFLR","","unknown","",False,"historical_only","2018-04-17","2018-05-08",12,0,0,0,0,0,False,0,False,False,"Not In Active Readiness Scope","Historical-only / not currently listed",False
"USMT","Usman Textile Mills Limited","ordinary_equity","TEXTILE COMPOSITE",True,"non_compliant","2021-10-25","2024-09-26",21,0,0,0,0,0,False,0,False,False,"Not In Active Readiness Scope","Currently listed but not recently traded",False
"UVIC","The Universal Insurance Company Limited","ordinary_equity","INSURANCE",True,"listed_recently_traded","2016-07-26","2026-08-05",1399,0,0,0,0,0,False,0,False,False,"Data Quality Issue","price is not positive",False
"UVIC-ODL","","unknown","",False,"historical_only","2019-01-23","2020-02-18",30,0,0,0,0,0,False,0,False,False,"Not In Active Readiness Scope","Historical-only / not currently listed",False
"UVICR","","unknown","",False,"historical_only","2017-10-19","2017-11-10",17,0,0,0,0,0,False,0,False,False,"Not In Active Readiness Scope","Historical-only / not currently listed",False
"WAFI","Wafi Energy Pakistan Limited","ordinary_equity","OIL & GAS MARKETING COMPANIES",True,"listed_recently_traded","2016-07-26","2026-08-05",2484,2435,2435,1704,365,366,True,2435,True,True,"Ready","Eligible active ordinary equity with sufficient usable history and complete split/scaler artifacts",True
"WAFI-APR","","other","",False,"historical_only","2025-03-24","2025-04-16",12,0,0,0,0,0,False,0,False,False,"Not In Active Readiness Scope","Historical-only / not currently listed",False
"WAFI-APRB","","other","",False,"historical_only","2025-04-14","2025-04-24",8,0,0,0,0,0,False,0,False,False,"Not In Active Readiness Scope","Historical-only / not currently listed",False
"WAFI-MAR","","other","",False,"historical_only","2025-03-03","2025-03-27",8,0,0,0,0,0,False,0,False,False,"Not In Active Readiness Scope","Historical-only / not currently listed",False
"WAHDAT","Wahdat Poultry Farm Limited","ordinary_equity","FOOD & PERSONAL CARE PRODUCTS",True,"listed_recently_traded","2026-05-08","2026-08-05",59,10,10,0,0,0,False,0,False,False,"Insufficient History","10 usable rows; minimum is 252",False
"WAHN","Wah Noble Chemicals Limited","ordinary_equity","CHEMICAL",True,"listed_recently_traded","2016-07-26","2026-08-05",1906,0,0,0,0,0,False,0,False,False,"Data Quality Issue","price is not positive",False
"WAHN-ODL","","unknown","",False,"historical_only","2019-01-23","2020-03-31",46,0,0,0,0,0,False,0,False,False,"Not In Active Readiness Scope","Historical-only / not currently listed",False
"WASL","Wasl Mobility Modaraba","ordinary_equity","MODARABAS",True,"listed_recently_traded","2016-07-26","2026-08-05",2364,0,0,0,0,0,False,0,False,False,"Data Quality Issue","price is not positive",False
"WASLR","","unknown","",False,"historical_only","2026-03-05","2026-03-19",11,0,0,0,0,0,False,0,False,False,"Not In Active Readiness Scope","Historical-only / not currently listed",False
"WAVES","Waves Corporation Limited","ordinary_equity","CABLE & ELECTRICAL GOODS",True,"listed_recently_traded","2017-01-02","2026-08-05",2376,2327,2327,1628,349,350,True,2327,True,True,"Ready","Eligible active ordinary equity with sufficient usable history and complete split/scaler artifacts",True
"WAVES-APR","","other","",False,"historical_only","2021-03-22","2026-04-24",258,0,0,0,0,0,False,0,False,False,"Not In Active Readiness Scope","Historical-only / not currently listed",False
"WAVES-AUG","","other","",False,"historical_only","2019-07-22","2026-08-05",254,0,0,0,0,0,False,0,False,False,"Not In Active Readiness Scope","Historical-only / not currently listed",False
"WAVES-AUGB","","other","",False,"historical_only","2022-08-10","2022-08-26",13,0,0,0,0,0,False,0,False,False,"Not In Active Readiness Scope","Historical-only / not currently listed",False
"WAVES-CAUG","","unknown","",False,"historical_only","2021-05-31","2021-08-27",60,0,0,0,0,0,False,0,False,False,"Not In Active Readiness Scope","Historical-only / not currently listed",False
"WAVES-CDEC","","unknown","",False,"historical_only","2021-09-27","2021-10-22",19,0,0,0,0,0,False,0,False,False,"Not In Active Readiness Scope","Historical-only / not currently listed",False
"WAVES-CJUL","","unknown","",False,"historical_only","2021-05-03","2021-07-30",56,0,0,0,0,0,False,0,False,False,"Not In Active Readiness Scope","Historical-only / not currently listed",False
"WAVES-CJUN","","unknown","",False,"historical_only","2021-03-29","2021-06-25",59,0,0,0,0,0,False,0,False,False,"Not In Active Readiness Scope","Historical-only / not currently listed",False
"WAVES-CNOV","","unknown","",False,"historical_only","2021-08-30","2021-10-22",39,0,0,0,0,0,False,0,False,False,"Not In Active Readiness Scope","Historical-only / not currently listed",False
"WAVES-COCT","","unknown","",False,"historical_only","2021-08-02","2021-10-22",57,0,0,0,0,0,False,0,False,False,"Not In Active Readiness Scope","Historical-only / not currently listed",False
"WAVES-CSEP","","unknown","",False,"historical_only","2021-06-28","2021-09-24",60,0,0,0,0,0,False,0,False,False,"Not In Active Readiness Scope","Historical-only / not currently listed",False
"WAVES-DEC","","other","",False,"historical_only","2021-09-27","2025-12-26",232,0,0,0,0,0,False,0,False,False,"Not In Active Readiness Scope","Historical-only / not currently listed",False
"WAVES-FEB","","other","",False,"historical_only","2021-11-29","2026-02-27",241,0,0,0,0,0,False,0,False,False,"Not In Active Readiness Scope","Historical-only / not currently listed",False
"WAVES-JAN","","other","",False,"historical_only","2021-11-01","2026-01-30",250,0,0,0,0,0,False,0,False,False,"Not In Active Readiness Scope","Historical-only / not currently listed",False
"WAVES-JUL","","other","",False,"historical_only","2019-06-24","2026-07-31",284,0,0,0,0,0,False,0,False,False,"Not In Active Readiness Scope","Historical-only / not currently listed",False
"WAVES-JUN","","other","",False,"historical_only","2021-05-24","2026-06-24",250,0,0,0,0,0,False,0,False,False,"Not In Active Readiness Scope","Historical-only / not currently listed",False
"WAVES-MAR","","other","",False,"historical_only","2022-01-03","2026-03-27",231,0,0,0,0,0,False,0,False,False,"Not In Active Readiness Scope","Historical-only / not currently listed",False
"WAVES-MAY","","other","",False,"historical_only","2021-04-26","2026-05-29",260,0,0,0,0,0,False,0,False,False,"Not In Active Readiness Scope","Historical-only / not currently listed",False
"WAVES-NOV","","other","",False,"historical_only","2021-08-30","2025-11-28",233,0,0,0,0,0,False,0,False,False,"Not In Active Readiness Scope","Historical-only / not currently listed",False
"WAVES-OCT","","other","",False,"historical_only","2021-09-07","2025-10-31",193,0,0,0,0,0,False,0,False,False,"Not In Active Readiness Scope","Historical-only / not currently listed",False
"WAVES-OCTB","","other","",False,"historical_only","2022-08-10","2022-10-28",58,0,0,0,0,0,False,0,False,False,"Not In Active Readiness Scope","Historical-only / not currently listed",False
"WAVES-ODL","","unknown","",False,"historical_only","2019-01-10","2020-04-10",277,0,0,0,0,0,False,0,False,False,"Not In Active Readiness Scope","Historical-only / not currently listed",False
"WAVES-SEP","","other","",False,"historical_only","2021-07-26","2025-09-26",202,0,0,0,0,0,False,0,False,False,"Not In Active Readiness Scope","Historical-only / not currently listed",False
"WAVES-SEPB","","other","",False,"historical_only","2022-08-10","2022-09-30",38,0,0,0,0,0,False,0,False,False,"Not In Active Readiness Scope","Historical-only / not currently listed",False
"WAVESAPP","Waves Home Appliances Limited","ordinary_equity","CABLE & ELECTRICAL GOODS",True,"listed_recently_traded","2016-07-26","2026-08-05",2177,0,0,0,0,0,False,0,False,False,"Data Quality Issue","price is not positive",False
"WAVESAPP-APR","","other","",False,"historical_only","2025-03-21","2026-04-24",48,0,0,0,0,0,False,0,False,False,"Not In Active Readiness Scope","Historical-only / not currently listed",False
"WAVESAPP-AUG","","other","",False,"historical_only","2025-07-17","2026-08-05",33,0,0,0,0,0,False,0,False,False,"Not In Active Readiness Scope","Historical-only / not currently listed",False
"WAVESAPP-DEC","","other","",False,"historical_only","2025-11-05","2025-12-26",30,0,0,0,0,0,False,0,False,False,"Not In Active Readiness Scope","Historical-only / not currently listed",False
"WAVESAPP-FEB","","other","",False,"historical_only","2025-02-03","2026-02-27",47,0,0,0,0,0,False,0,False,False,"Not In Active Readiness Scope","Historical-only / not currently listed",False
"WAVESAPP-JAN","","other","",False,"historical_only","2025-12-22","2026-01-30",29,0,0,0,0,0,False,0,False,False,"Not In Active Readiness Scope","Historical-only / not currently listed",False
"WAVESAPP-JUL","","other","",False,"historical_only","2025-06-23","2025-07-25",25,0,0,0,0,0,False,0,False,False,"Not In Active Readiness Scope","Historical-only / not currently listed",False
"WAVESAPP-JUN","","other","",False,"historical_only","2025-05-20","2025-06-27",26,0,0,0,0,0,False,0,False,False,"Not In Active Readiness Scope","Historical-only / not currently listed",False
"WAVESAPP-MAR","","other","",False,"historical_only","2025-02-25","2026-03-27",40,0,0,0,0,0,False,0,False,False,"Not In Active Readiness Scope","Historical-only / not currently listed",False
"WAVESAPP-MAY","","other","",False,"historical_only","2025-04-21","2025-05-30",28,0,0,0,0,0,False,0,False,False,"Not In Active Readiness Scope","Historical-only / not currently listed",False
"WAVESAPP-NOV","","other","",False,"historical_only","2025-10-27","2025-11-28",25,0,0,0,0,0,False,0,False,False,"Not In Active Readiness Scope","Historical-only / not currently listed",False
"WAVESAPP-OCT","","other","",False,"historical_only","2025-09-19","2025-10-31",31,0,0,0,0,0,False,0,False,False,"Not In Active Readiness Scope","Historical-only / not currently listed",False
"WAVESAPP-SEP","","other","",False,"historical_only","2025-08-25","2025-09-26",25,0,0,0,0,0,False,0,False,False,"Not In Active Readiness Scope","Historical-only / not currently listed",False
"WAVESR1","","unknown","",False,"historical_only","2021-05-06","2021-05-28",11,0,0,0,0,0,False,0,False,False,"Not In Active Readiness Scope","Historical-only / not currently listed",False
"WHALE","","unknown","",False,"historical_only","2016-07-26","2023-12-27",1533,0,0,0,0,0,False,0,False,False,"Not In Active Readiness Scope","Historical-only / not currently listed",False
"WTL","Worldcall Telecom Limited","ordinary_equity","TECHNOLOGY & COMMUNICATION",True,"listed_recently_traded","2016-07-26","2026-08-05",2484,2435,2435,1704,365,366,True,2435,True,True,"Ready","Eligible active ordinary equity with sufficient usable history and complete split/scaler artifacts",True
"WTL-APR","","other","",False,"historical_only","2018-03-26","2026-04-24",253,0,0,0,0,0,False,0,False,False,"Not In Active Readiness Scope","Historical-only / not currently listed",False
"WTL-AUG","","other","",False,"historical_only","2018-07-23","2026-08-05",266,0,0,0,0,0,False,0,False,False,"Not In Active Readiness Scope","Historical-only / not currently listed",False
"WTL-AUGB","","other","",False,"historical_only","2026-08-03","2026-08-05",3,0,0,0,0,0,False,0,False,False,"Not In Active Readiness Scope","Historical-only / not currently listed",False
"WTL-CDEC","","unknown","",False,"historical_only","2021-09-27","2021-10-22",19,0,0,0,0,0,False,0,False,False,"Not In Active Readiness Scope","Historical-only / not currently listed",False
"WTL-CNOV","","unknown","",False,"historical_only","2021-08-30","2021-10-22",39,0,0,0,0,0,False,0,False,False,"Not In Active Readiness Scope","Historical-only / not currently listed",False
"WTL-COCT","","unknown","",False,"historical_only","2021-08-02","2021-10-22",57,0,0,0,0,0,False,0,False,False,"Not In Active Readiness Scope","Historical-only / not currently listed",False
"WTL-DEC","","other","",False,"historical_only","2021-09-27","2025-12-26",226,0,0,0,0,0,False,0,False,False,"Not In Active Readiness Scope","Historical-only / not currently listed",False
"WTL-FEB","","other","",False,"historical_only","2018-01-22","2026-02-27",274,0,0,0,0,0,False,0,False,False,"Not In Active Readiness Scope","Historical-only / not currently listed",False
"WTL-JAN","","other","",False,"historical_only","2021-11-01","2026-01-30",260,0,0,0,0,0,False,0,False,False,"Not In Active Readiness Scope","Historical-only / not currently listed",False
"WTL-JUL","","other","",False,"historical_only","2018-06-25","2026-07-31",254,0,0,0,0,0,False,0,False,False,"Not In Active Readiness Scope","Historical-only / not currently listed",False
"WTL-JUN","","other","",False,"historical_only","2018-05-21","2026-06-24",249,0,0,0,0,0,False,0,False,False,"Not In Active Readiness Scope","Historical-only / not currently listed",False
"WTL-MAR","","other","",False,"historical_only","2018-02-19","2026-03-27",268,0,0,0,0,0,False,0,False,False,"Not In Active Readiness Scope","Historical-only / not currently listed",False
"WTL-MAY","","other","",False,"historical_only","2018-04-23","2026-05-29",261,0,0,0,0,0,False,0,False,False,"Not In Active Readiness Scope","Historical-only / not currently listed",False
"WTL-NOV","","other","",False,"historical_only","2021-08-30","2025-11-28",241,0,0,0,0,0,False,0,False,False,"Not In Active Readiness Scope","Historical-only / not currently listed",False
"WTL-OCT","","other","",False,"historical_only","2021-07-26","2025-10-31",256,0,0,0,0,0,False,0,False,False,"Not In Active Readiness Scope","Historical-only / not currently listed",False
"WTL-ODL","","unknown","",False,"historical_only","2019-01-10","2020-04-10",265,0,0,0,0,0,False,0,False,False,"Not In Active Readiness Scope","Historical-only / not currently listed",False
"WTL-SEP","","other","",False,"historical_only","2018-08-27","2025-09-26",260,0,0,0,0,0,False,0,False,False,"Not In Active Readiness Scope","Historical-only / not currently listed",False
"WTLTFC3","","unknown","",False,"historical_only","2017-05-09","2018-09-19",60,0,0,0,0,0,False,0,False,False,"Not In Active Readiness Scope","Historical-only / not currently listed",False
"WYETH","","unknown","",False,"historical_only","2016-07-26","2022-04-01",1309,0,0,0,0,0,False,0,False,False,"Not In Active Readiness Scope","Historical-only / not currently listed",False
"WYETH-ODL","","unknown","",False,"historical_only","2019-01-10","2020-04-10",255,0,0,0,0,0,False,0,False,False,"Not In Active Readiness Scope","Historical-only / not currently listed",False
"YOUW","Yousaf Weaving Mills Limited","ordinary_equity","TEXTILE WEAVING",True,"listed_recently_traded","2016-07-26","2026-08-05",2484,0,0,0,0,0,False,0,False,False,"Data Quality Issue","price is not positive",False
"YOUW-APR","","other","",False,"historical_only","2022-01-31","2025-04-25",75,0,0,0,0,0,False,0,False,False,"Not In Active Readiness Scope","Historical-only / not currently listed",False
"YOUW-AUG","","other","",False,"historical_only","2022-05-30","2025-08-29",149,0,0,0,0,0,False,0,False,False,"Not In Active Readiness Scope","Historical-only / not currently listed",False
"YOUW-DEC","","other","",False,"historical_only","2021-11-01","2025-12-26",162,0,0,0,0,0,False,0,False,False,"Not In Active Readiness Scope","Historical-only / not currently listed",False
"YOUW-FEB","","other","",False,"historical_only","2021-11-29","2025-02-28",74,0,0,0,0,0,False,0,False,False,"Not In Active Readiness Scope","Historical-only / not currently listed",False
"YOUW-JAN","","other","",False,"historical_only","2021-11-01","2026-01-30",180,0,0,0,0,0,False,0,False,False,"Not In Active Readiness Scope","Historical-only / not currently listed",False
"YOUW-JUL","","other","",False,"historical_only","2022-05-06","2025-07-25",144,0,0,0,0,0,False,0,False,False,"Not In Active Readiness Scope","Historical-only / not currently listed",False
"YOUW-JUN","","other","",False,"historical_only","2022-03-28","2025-06-27",117,0,0,0,0,0,False,0,False,False,"Not In Active Readiness Scope","Historical-only / not currently listed",False
"YOUW-MAR","","other","",False,"historical_only","2022-01-03","2025-03-27",71,0,0,0,0,0,False,0,False,False,"Not In Active Readiness Scope","Historical-only / not currently listed",False
"YOUW-MAY","","other","",False,"historical_only","2022-02-28","2025-05-30",100,0,0,0,0,0,False,0,False,False,"Not In Active Readiness Scope","Historical-only / not currently listed",False
"YOUW-NOV","","other","",False,"historical_only","2021-11-04","2025-11-28",151,0,0,0,0,0,False,0,False,False,"Not In Active Readiness Scope","Historical-only / not currently listed",False
"YOUW-OCT","","other","",False,"historical_only","2022-08-01","2025-10-31",155,0,0,0,0,0,False,0,False,False,"Not In Active Readiness Scope","Historical-only / not currently listed",False
"YOUW-ODL","","unknown","",False,"historical_only","2019-01-10","2020-03-19",110,0,0,0,0,0,False,0,False,False,"Not In Active Readiness Scope","Historical-only / not currently listed",False
"YOUW-SEP","","other","",False,"historical_only","2022-06-27","2025-09-26",159,0,0,0,0,0,False,0,False,False,"Not In Active Readiness Scope","Historical-only / not currently listed",False
"ZAHID","Zahidjee Textile Mills Limited","ordinary_equity","TEXTILE COMPOSITE",True,"listed_recently_traded","2016-07-26","2026-08-05",1558,0,0,0,0,0,False,0,False,False,"Data Quality Issue","price is not positive",False
"ZAHID-ODL","","unknown","",False,"historical_only","2019-01-10","2020-04-09",91,0,0,0,0,0,False,0,False,False,"Not In Active Readiness Scope","Historical-only / not currently listed",False
"ZAL","Zarea Limited","ordinary_equity","TECHNOLOGY & COMMUNICATION",True,"listed_recently_traded","2025-02-28","2026-08-05",355,306,306,214,45,47,True,306,True,True,"Ready","Eligible active ordinary equity with sufficient usable history and complete split/scaler artifacts",True
"ZELP","Zeal Pak Cement Factory Limited","ordinary_equity","CEMENT",True,"non_compliant","2021-10-25","2024-09-26",21,0,0,0,0,0,False,0,False,False,"Not In Active Readiness Scope","Currently listed but not recently traded",False
"ZHCM","","unknown","",False,"historical_only","2016-07-26","2024-09-26",149,0,0,0,0,0,False,0,False,False,"Not In Active Readiness Scope","Historical-only / not currently listed",False
"ZIL","ZIL Limited","ordinary_equity","FOOD & PERSONAL CARE PRODUCTS",True,"listed_recently_traded","2016-07-26","2026-08-05",1845,0,0,0,0,0,False,0,False,False,"Data Quality Issue","price is not positive",False
"ZIL-ODL","","unknown","",False,"historical_only","2019-01-14","2020-04-07",91,0,0,0,0,0,False,0,False,False,"Not In Active Readiness Scope","Historical-only / not currently listed",False
"ZTL","Zephyr Textiles Limited","ordinary_equity","TEXTILE WEAVING",True,"listed_recently_traded","2017-01-04","2026-08-05",1608,0,0,0,0,0,False,0,False,False,"Data Quality Issue","price is not positive",False
"ZTL-ODL","","unknown","",False,"historical_only","2019-01-16","2020-03-18",22,0,0,0,0,0,False,0,False,False,"Not In Active Readiness Scope","Historical-only / not currently listed",False
"ZUMA","Zuma Resources Limited","ordinary_equity","TECHNOLOGY & COMMUNICATION",True,"listed_recently_traded","2025-10-24","2026-08-05",194,145,145,0,0,0,False,0,False,False,"Insufficient History","145 usable rows; minimum is 252",False
