symbol,company_name,trainability,trainability_category,trainability_reason,artifact_contract_version,feature_version,environment_version,source_data_hash,requested_timesteps,seed,requested_device,status,model_path,checkpoint_path,validation_path,test_partition_loaded
786,786 Investments Limited,eligible,eligible_trainable,canonical_mature_recurrent_contract,rl_recurrent_partition_v1,psx-4a-126450ec6355,single_symbol_env_v1,a5b6f0ec7f6897cb63e911974b81ac15c90768050576751032f276237f502538,100000,42,cuda,QUEUED,models/786/attempt_000/model.zip,checkpoints/786/attempt_000,validation/786/attempt_000.json,False
AABS,Al-Abbas Sugar Mills Limited,eligible,eligible_trainable,canonical_mature_recurrent_contract,rl_recurrent_partition_v1,psx-4a-126450ec6355,single_symbol_env_v1,b8b4b80f78379790297db1ffb80a7681a1f0a7f685666b1228346d0b251f1de7,100000,42,cuda,QUEUED,models/AABS/attempt_000/model.zip,checkpoints/AABS/attempt_000,validation/AABS/attempt_000.json,False
AAL,Agro Allianz Limited,ineligible,unsupported,unsupported:not_active_recently_traded,,,,,100000,42,cuda,INELIGIBLE,models/AAL/attempt_000/model.zip,checkpoints/AAL/attempt_000,validation/AAL/attempt_000.json,False
AASM,Al-Abid Silk Mills Limited,ineligible,unsupported,unsupported:not_active_recently_traded,,,,,100000,42,cuda,INELIGIBLE,models/AASM/attempt_000/model.zip,checkpoints/AASM/attempt_000,validation/AASM/attempt_000.json,False
AATM,Ali Asghar Textile Mills Limited,eligible,eligible_trainable,canonical_mature_recurrent_contract,rl_recurrent_partition_v1,psx-4a-126450ec6355,single_symbol_env_v1,6266e110344314296466d1185e24d959c9b57e554326805e77a00a6464f03209,100000,42,cuda,QUEUED,models/AATM/attempt_000/model.zip,checkpoints/AATM/attempt_000,validation/AATM/attempt_000.json,False
ABL,Allied Bank Limited,eligible,eligible_trainable,canonical_mature_recurrent_contract,rl_recurrent_partition_v1,psx-4a-126450ec6355,single_symbol_env_v1,1a6b56d5d7898f891227285b933c1eaa4c2f24e2287f1503192f73489eb32e37,100000,42,cuda,QUEUED,models/ABL/attempt_000/model.zip,checkpoints/ABL/attempt_000,validation/ABL/attempt_000.json,False
ABOT,Abbott Laboratories (Pakistan) Limited,eligible,eligible_trainable,canonical_mature_recurrent_contract,rl_recurrent_partition_v1,psx-4a-126450ec6355,single_symbol_env_v1,1943b706ba63ae059a9aeb337a15f676a1f27e75595bdd0cdfa5eb6e1a6d3cb8,100000,42,cuda,QUEUED,models/ABOT/attempt_000/model.zip,checkpoints/ABOT/attempt_000,validation/ABOT/attempt_000.json,False
ABSON,Abson Industries Limited,ineligible,unsupported,unsupported:not_active_recently_traded,,,,,100000,42,cuda,INELIGIBLE,models/ABSON/attempt_000/model.zip,checkpoints/ABSON/attempt_000,validation/ABSON/attempt_000.json,False
ACPL,Attock Cement Pakistan Limited,eligible,eligible_trainable,canonical_mature_recurrent_contract,rl_recurrent_partition_v1,psx-4a-126450ec6355,single_symbol_env_v1,addbd26f6d2978ab2d78cb604c8dadf4608cb32a5cb4ba9487dd4bdcc7053ffa,100000,42,cuda,QUEUED,models/ACPL/attempt_000/model.zip,checkpoints/ACPL/attempt_000,validation/ACPL/attempt_000.json,False
ADAMS,Adam Sugar Mills Limited,eligible,eligible_trainable,canonical_mature_recurrent_contract,rl_recurrent_partition_v1,psx-4a-126450ec6355,single_symbol_env_v1,bad9e97c06b9c02a6e60f74c3608fa0710ac30b5259146821bf0d1dab07e0ed8,100000,42,cuda,QUEUED,models/ADAMS/attempt_000/model.zip,checkpoints/ADAMS/attempt_000,validation/ADAMS/attempt_000.json,False
ADMM,Artistic Denim Mills Limited,eligible,eligible_trainable,canonical_mature_recurrent_contract,rl_recurrent_partition_v1,psx-4a-126450ec6355,single_symbol_env_v1,d97952d91baaacb180ee922b7df95e19b9c05f0ed90e6f08c7b321e8b389628d,100000,42,cuda,QUEUED,models/ADMM/attempt_000/model.zip,checkpoints/ADMM/attempt_000,validation/ADMM/attempt_000.json,False
AGHA,Agha Steel Ind.Ltd,eligible,eligible_trainable,canonical_mature_recurrent_contract,rl_recurrent_partition_v1,psx-4a-126450ec6355,single_symbol_env_v1,359de3677945350ecdd1058ca471679edfaa66dba9271f4c424e6937819d442e,100000,42,cuda,QUEUED,models/AGHA/attempt_000/model.zip,checkpoints/AGHA/attempt_000,validation/AGHA/attempt_000.json,False
AGIC,Askari General Insurance Company Limited,eligible,eligible_trainable,canonical_mature_recurrent_contract,rl_recurrent_partition_v1,psx-4a-126450ec6355,single_symbol_env_v1,e16019728289b0d7e743686eab8347d5cece9423581879ebedbc89f5e77c0ad9,100000,42,cuda,QUEUED,models/AGIC/attempt_000/model.zip,checkpoints/AGIC/attempt_000,validation/AGIC/attempt_000.json,False
AGIL,Agriauto Industries Limited,eligible,eligible_trainable,canonical_mature_recurrent_contract,rl_recurrent_partition_v1,psx-4a-126450ec6355,single_symbol_env_v1,c5373b57f912b4affa14f5afacf387fc9e855eb56ccb3c56fb250bfd9e38cb5d,100000,42,cuda,QUEUED,models/AGIL/attempt_000/model.zip,checkpoints/AGIL/attempt_000,validation/AGIL/attempt_000.json,False
AGL,Agritech Limited,eligible,eligible_trainable,canonical_mature_recurrent_contract,rl_recurrent_partition_v1,psx-4a-126450ec6355,single_symbol_env_v1,b112d1b09daa18ae1006a9cb4d06055be2ab8d72531c8e9a93d2d54672480a60,100000,42,cuda,QUEUED,models/AGL/attempt_000/model.zip,checkpoints/AGL/attempt_000,validation/AGL/attempt_000.json,False
AGP,AGP Limited,eligible,eligible_trainable,canonical_mature_recurrent_contract,rl_recurrent_partition_v1,psx-4a-126450ec6355,single_symbol_env_v1,dfd4226539eb1a459789c7c2cccf0c589b61c92bd2288edd3aeadeffa33deecb,100000,42,cuda,QUEUED,models/AGP/attempt_000/model.zip,checkpoints/AGP/attempt_000,validation/AGP/attempt_000.json,False
AGSML,Abdullah Shah Ghazi Sugar Mills Limited,eligible,eligible_trainable,canonical_mature_recurrent_contract,rl_recurrent_partition_v1,psx-4a-126450ec6355,single_symbol_env_v1,15f77bff69fab14471819ecbfc43d1726b569830935ac7ac59c3963644f1d94e,100000,42,cuda,QUEUED,models/AGSML/attempt_000/model.zip,checkpoints/AGSML/attempt_000,validation/AGSML/attempt_000.json,False
AGTL,Al-Ghazi Tractors Limited,eligible,eligible_trainable,canonical_mature_recurrent_contract,rl_recurrent_partition_v1,psx-4a-126450ec6355,single_symbol_env_v1,23b73ad868114fab1439e8b8a576bf4697fe2b05722589f041238259f8be4298,100000,42,cuda,QUEUED,models/AGTL/attempt_000/model.zip,checkpoints/AGTL/attempt_000,validation/AGTL/attempt_000.json,False
AHCL,Arif Habib Corporation Limited,eligible,eligible_trainable,canonical_mature_recurrent_contract,rl_recurrent_partition_v1,psx-4a-126450ec6355,single_symbol_env_v1,bfef2e977d3d73eae98331f577a8fdb11303a6133c82300c68f2d999e097e149,100000,42,cuda,QUEUED,models/AHCL/attempt_000/model.zip,checkpoints/AHCL/attempt_000,validation/AHCL/attempt_000.json,False
AHL,Arif Habib Limited,eligible,eligible_trainable,canonical_mature_recurrent_contract,rl_recurrent_partition_v1,psx-4a-126450ec6355,single_symbol_env_v1,4e1cc2c9020c504604560c84ae83a60fc3685ba4820cb06bc993384d18ff0c8a,100000,42,cuda,QUEUED,models/AHL/attempt_000/model.zip,checkpoints/AHL/attempt_000,validation/AHL/attempt_000.json,False
AHTM,Ahmad Hassan Textile Mills Limited,eligible,eligible_trainable,canonical_mature_recurrent_contract,rl_recurrent_partition_v1,psx-4a-126450ec6355,single_symbol_env_v1,7b1877be0e28af4e5e1fdfa1760b1f96244cb85ba3aad8d3bc14fbb267e564c5,100000,42,cuda,QUEUED,models/AHTM/attempt_000/model.zip,checkpoints/AHTM/attempt_000,validation/AHTM/attempt_000.json,False
AICL,Adamjee Insurance Company Limited,eligible,eligible_trainable,canonical_mature_recurrent_contract,rl_recurrent_partition_v1,psx-4a-126450ec6355,single_symbol_env_v1,334e058afa0397df0f70a73099093508f2932f0f8e0b914c12f504a0373969c1,100000,42,cuda,QUEUED,models/AICL/attempt_000/model.zip,checkpoints/AICL/attempt_000,validation/AICL/attempt_000.json,False
AIRLINK,Air Link Communication Limited,eligible,eligible_trainable,canonical_mature_recurrent_contract,rl_recurrent_partition_v1,psx-4a-126450ec6355,single_symbol_env_v1,04b2f6bdd47d4612a43e17ebfed3338bd7ccb7a85edc86aec86b78b6ad7862ef,100000,42,cuda,QUEUED,models/AIRLINK/attempt_000/model.zip,checkpoints/AIRLINK/attempt_000,validation/AIRLINK/attempt_000.json,False
AKBL,Askari Bank Limited,eligible,eligible_trainable,canonical_mature_recurrent_contract,rl_recurrent_partition_v1,psx-4a-126450ec6355,single_symbol_env_v1,d32a4eb88e756a6ea18d7268005a13d28be0543de3f48e573c43f8745821f7c9,100000,42,cuda,QUEUED,models/AKBL/attempt_000/model.zip,checkpoints/AKBL/attempt_000,validation/AKBL/attempt_000.json,False
AKDHL,AKD Hospitality Limited,eligible,eligible_trainable,canonical_mature_recurrent_contract,rl_recurrent_partition_v1,psx-4a-126450ec6355,single_symbol_env_v1,493d9bbdddafbf75735353bb35adbd5ee52a0fc26424ec15f3e82712c3a1e3b8,100000,42,cuda,QUEUED,models/AKDHL/attempt_000/model.zip,checkpoints/AKDHL/attempt_000,validation/AKDHL/attempt_000.json,False
AKDSL,AKD Securities Limited,eligible,eligible_trainable,canonical_mature_recurrent_contract,rl_recurrent_partition_v1,psx-4a-126450ec6355,single_symbol_env_v1,b9672c29157ed7c7a405c75aa3a3efa0a3b3a90da463e6d30cafffdd2366ad3e,100000,42,cuda,QUEUED,models/AKDSL/attempt_000/model.zip,checkpoints/AKDSL/attempt_000,validation/AKDSL/attempt_000.json,False
AKGL,Al-Khair Gadoon Limited,eligible,eligible_trainable,canonical_mature_recurrent_contract,rl_recurrent_partition_v1,psx-4a-126450ec6355,single_symbol_env_v1,45434dcbd232df28d699bb5e3c5de52e34a06e7113f6c717e1c78c46e1fda246,100000,42,cuda,QUEUED,models/AKGL/attempt_000/model.zip,checkpoints/AKGL/attempt_000,validation/AKGL/attempt_000.json,False
ALAC,Askari Life Assurance Company Limited,eligible,eligible_trainable,canonical_mature_recurrent_contract,rl_recurrent_partition_v1,psx-4a-126450ec6355,single_symbol_env_v1,d193dc03a200489a39a994f23705a800f75ebe7047efc182284ce288242dcab1,100000,42,cuda,QUEUED,models/ALAC/attempt_000/model.zip,checkpoints/ALAC/attempt_000,validation/ALAC/attempt_000.json,False
ALIFE,Adamjee Life Assurance Company Limited,eligible,eligible_trainable,canonical_mature_recurrent_contract,rl_recurrent_partition_v1,psx-4a-126450ec6355,single_symbol_env_v1,8ff9e9be668b33d73e032c4697639d1d0dc8677e2a75192c5360ef1c70dad597,100000,42,cuda,QUEUED,models/ALIFE/attempt_000/model.zip,checkpoints/ALIFE/attempt_000,validation/ALIFE/attempt_000.json,False
ALNRS,Al-Noor Sugar Mills Limited,eligible,eligible_trainable,canonical_mature_recurrent_contract,rl_recurrent_partition_v1,psx-4a-126450ec6355,single_symbol_env_v1,5dd19cba0dda72112f00ae13d1a7b4b680ecb6a5f2fea659d1815502137d25a1,100000,42,cuda,QUEUED,models/ALNRS/attempt_000/model.zip,checkpoints/ALNRS/attempt_000,validation/ALNRS/attempt_000.json,False
ALTN,Altern Energy Limited,eligible,eligible_trainable,canonical_mature_recurrent_contract,rl_recurrent_partition_v1,psx-4a-126450ec6355,single_symbol_env_v1,0d04922aae1ece31b300105b87f9f5b27cc7846f5f2f0ecaadd3f304d2a8a5ad,100000,42,cuda,QUEUED,models/ALTN/attempt_000/model.zip,checkpoints/ALTN/attempt_000,validation/ALTN/attempt_000.json,False
AMBL,Apna Microfinance Bank Limited,eligible,eligible_trainable,canonical_mature_recurrent_contract,rl_recurrent_partition_v1,psx-4a-126450ec6355,single_symbol_env_v1,41ddce443d778cd3e7b7b5df76695dc4e1be9745e3498370205d6d679e6bb259,100000,42,cuda,QUEUED,models/AMBL/attempt_000/model.zip,checkpoints/AMBL/attempt_000,validation/AMBL/attempt_000.json,False
AMSL,Al-Mal Securities & Services Limited,ineligible,unsupported,unsupported:not_active_recently_traded,,,,,100000,42,cuda,INELIGIBLE,models/AMSL/attempt_000/model.zip,checkpoints/AMSL/attempt_000,validation/AMSL/attempt_000.json,False
AMTEX,Amtex Limited,eligible,eligible_trainable,canonical_mature_recurrent_contract,rl_recurrent_partition_v1,psx-4a-126450ec6355,single_symbol_env_v1,b515845507d9602e0162d7674218ed5a5ee24a66cee236f654b8898b6be879d7,100000,42,cuda,QUEUED,models/AMTEX/attempt_000/model.zip,checkpoints/AMTEX/attempt_000,validation/AMTEX/attempt_000.json,False
ANL,Azgard Nine Limited,eligible,eligible_trainable,canonical_mature_recurrent_contract,rl_recurrent_partition_v1,psx-4a-126450ec6355,single_symbol_env_v1,ae8df4b147a0ae8c6703369f25a7d06972770e5718af95692d8ae50f04ebbd8e,100000,42,cuda,QUEUED,models/ANL/attempt_000/model.zip,checkpoints/ANL/attempt_000,validation/ANL/attempt_000.json,False
ANLNV,Azgard Nine Non-Voting Ordinary Shares,ineligible,insufficient_data,insufficient_data:insufficient_usable_history,,,,,100000,42,cuda,INELIGIBLE,models/ANLNV/attempt_000/model.zip,checkpoints/ANLNV/attempt_000,validation/ANLNV/attempt_000.json,False
ANNT,Annoor Textile Mills Limited,ineligible,unsupported,unsupported:not_active_recently_traded,,,,,100000,42,cuda,INELIGIBLE,models/ANNT/attempt_000/model.zip,checkpoints/ANNT/attempt_000,validation/ANNT/attempt_000.json,False
ANSM,Ansari Sugar Mills Limited,eligible,eligible_trainable,canonical_mature_recurrent_contract,rl_recurrent_partition_v1,psx-4a-126450ec6355,single_symbol_env_v1,ad4b819882d899a4aadf2a28b010067d4c9c7b2528dcc286d1fc87f766946006,100000,42,cuda,QUEUED,models/ANSM/attempt_000/model.zip,checkpoints/ANSM/attempt_000,validation/ANSM/attempt_000.json,False
ANTM,AN Textile Mills Limited,eligible,eligible_trainable,canonical_mature_recurrent_contract,rl_recurrent_partition_v1,psx-4a-126450ec6355,single_symbol_env_v1,a15eb1312669bd9c9c7d9e9b1b20e42264914b0f14dff74762b0f26b60cccada,100000,42,cuda,QUEUED,models/ANTM/attempt_000/model.zip,checkpoints/ANTM/attempt_000,validation/ANTM/attempt_000.json,False
APL,Attock Petroleum Limited,eligible,eligible_trainable,canonical_mature_recurrent_contract,rl_recurrent_partition_v1,psx-4a-126450ec6355,single_symbol_env_v1,02fd41c0a00cbd7bfbb53300d25c3b392a58b51f8792e14b44862425688a7954,100000,42,cuda,QUEUED,models/APL/attempt_000/model.zip,checkpoints/APL/attempt_000,validation/APL/attempt_000.json,False
APOT,Apollo Textile Mills Limited,ineligible,unsupported,unsupported:not_active_recently_traded,,,,,100000,42,cuda,INELIGIBLE,models/APOT/attempt_000/model.zip,checkpoints/APOT/attempt_000,validation/APOT/attempt_000.json,False
ARCTM,Arctic Textile Mills Limited,eligible,eligible_trainable,canonical_mature_recurrent_contract,rl_recurrent_partition_v1,psx-4a-126450ec6355,single_symbol_env_v1,216ed31e526d150aeb8af638828b14bd6132bbf31f6ad8b5bcd35a51774f5172,100000,42,cuda,QUEUED,models/ARCTM/attempt_000/model.zip,checkpoints/ARCTM/attempt_000,validation/ARCTM/attempt_000.json,False
ARMG,ARM Green Industries Limited,ineligible,insufficient_data,insufficient_data:insufficient_usable_history,,,,,100000,42,cuda,INELIGIBLE,models/ARMG/attempt_000/model.zip,checkpoints/ARMG/attempt_000,validation/ARMG/attempt_000.json,False
ARPAK,Arpak International Investments Ltd.,eligible,eligible_trainable,canonical_mature_recurrent_contract,rl_recurrent_partition_v1,psx-4a-126450ec6355,single_symbol_env_v1,f1f5ea4d837298c508131ad89156f60aa9f0d1daa9de3522d3d4710a278f0b17,100000,42,cuda,QUEUED,models/ARPAK/attempt_000/model.zip,checkpoints/ARPAK/attempt_000,validation/ARPAK/attempt_000.json,False
ARPL,Archroma Pakistan Limited,eligible,eligible_trainable,canonical_mature_recurrent_contract,rl_recurrent_partition_v1,psx-4a-126450ec6355,single_symbol_env_v1,df164d4835481340f93e93c788f30ababcd2a4f7e1bd58b7e5365d94d1da22a3,100000,42,cuda,QUEUED,models/ARPL/attempt_000/model.zip,checkpoints/ARPL/attempt_000,validation/ARPL/attempt_000.json,False
ARUJ,Aruj Industries Limited,eligible,eligible_trainable,canonical_mature_recurrent_contract,rl_recurrent_partition_v1,psx-4a-126450ec6355,single_symbol_env_v1,6e74326580c4f011c32f7f68a39b202afdf765e1b4841dc5323035fa0d4edb17,100000,42,cuda,QUEUED,models/ARUJ/attempt_000/model.zip,checkpoints/ARUJ/attempt_000,validation/ARUJ/attempt_000.json,False
ASC,Al Shaheer Corporation Limited,eligible,eligible_trainable,canonical_mature_recurrent_contract,rl_recurrent_partition_v1,psx-4a-126450ec6355,single_symbol_env_v1,4265b4a958dfc07a2a9102557d67987b482615fd2ba86806b015d55fd4298da3,100000,42,cuda,QUEUED,models/ASC/attempt_000/model.zip,checkpoints/ASC/attempt_000,validation/ASC/attempt_000.json,False
ASHT,Ashfaq Textile Mills Limited,eligible,eligible_trainable,canonical_mature_recurrent_contract,rl_recurrent_partition_v1,psx-4a-126450ec6355,single_symbol_env_v1,a72184d05af0f2afd5a4c4544274a9980195fb9c5c388ed33b6ce5dbee50b7b5,100000,42,cuda,QUEUED,models/ASHT/attempt_000/model.zip,checkpoints/ASHT/attempt_000,validation/ASHT/attempt_000.json,False
ASIC,Asia Insurance Company Limited,ineligible,insufficient_data,insufficient_data:insufficient_canonical_train_history_v2:97<126,,,,,100000,42,cuda,INELIGIBLE,models/ASIC/attempt_000/model.zip,checkpoints/ASIC/attempt_000,validation/ASIC/attempt_000.json,False
ASL,Aisha Steel Mills Limited,eligible,eligible_trainable,canonical_mature_recurrent_contract,rl_recurrent_partition_v1,psx-4a-126450ec6355,single_symbol_env_v1,bc912665ea891595762dbd50d6f409ba110ea315d783b4b7bceadd72670e5e18,100000,42,cuda,QUEUED,models/ASL/attempt_000/model.zip,checkpoints/ASL/attempt_000,validation/ASL/attempt_000.json,False
ASTL,Amreli Steels Limited,eligible,eligible_trainable,canonical_mature_recurrent_contract,rl_recurrent_partition_v1,psx-4a-126450ec6355,single_symbol_env_v1,cb763a829641ffd90299535f879c4057ec5d4363faae810d676fcca685db2cfe,100000,42,cuda,QUEUED,models/ASTL/attempt_000/model.zip,checkpoints/ASTL/attempt_000,validation/ASTL/attempt_000.json,False
ASTM,Asim Textile Mills Limited,eligible,eligible_trainable,canonical_mature_recurrent_contract,rl_recurrent_partition_v1,psx-4a-126450ec6355,single_symbol_env_v1,d4130b00ca178770ede67b52c944973e6117488f97995f92fee833568287392b,100000,42,cuda,QUEUED,models/ASTM/attempt_000/model.zip,checkpoints/ASTM/attempt_000,validation/ASTM/attempt_000.json,False
ATBA,Atlas Battery Limited,eligible,eligible_trainable,canonical_mature_recurrent_contract,rl_recurrent_partition_v1,psx-4a-126450ec6355,single_symbol_env_v1,cd6eecb375d505f529533727e0bfce7304157492b5a3f3c0cf22bb2df208a351,100000,42,cuda,QUEUED,models/ATBA/attempt_000/model.zip,checkpoints/ATBA/attempt_000,validation/ATBA/attempt_000.json,False
ATIL,Atlas Insurance Limited,eligible,eligible_trainable,canonical_mature_recurrent_contract,rl_recurrent_partition_v1,psx-4a-126450ec6355,single_symbol_env_v1,be775eb1f275d7c66ce02a70a67b9431d80aa24361b650b9b746e125b58acf1d,100000,42,cuda,QUEUED,models/ATIL/attempt_000/model.zip,checkpoints/ATIL/attempt_000,validation/ATIL/attempt_000.json,False
ATLH,Atlas Honda Limited,eligible,eligible_trainable,canonical_mature_recurrent_contract,rl_recurrent_partition_v1,psx-4a-126450ec6355,single_symbol_env_v1,84a503cfb5f88ac8cde715857f580ac1fc946e8bc96432f25b00af9d98ffd0ec,100000,42,cuda,QUEUED,models/ATLH/attempt_000/model.zip,checkpoints/ATLH/attempt_000,validation/ATLH/attempt_000.json,False
ATRL,Attock Refinery Limited,eligible,eligible_trainable,canonical_mature_recurrent_contract,rl_recurrent_partition_v1,psx-4a-126450ec6355,single_symbol_env_v1,e9a0a1a3e6c694cd7033174e99901f4e8e14fe316cf8dd0a2632297bd722c85e,100000,42,cuda,QUEUED,models/ATRL/attempt_000/model.zip,checkpoints/ATRL/attempt_000,validation/ATRL/attempt_000.json,False
AVN,Avanceon Limited,eligible,eligible_trainable,canonical_mature_recurrent_contract,rl_recurrent_partition_v1,psx-4a-126450ec6355,single_symbol_env_v1,056e830dc3b11afbb58278ffb37368c7792870cf80017b3a08cd2e1af2c78f8e,100000,42,cuda,QUEUED,models/AVN/attempt_000/model.zip,checkpoints/AVN/attempt_000,validation/AVN/attempt_000.json,False
AWTX,Allawasaya Tex. & Finishing Mills Ltd,ineligible,insufficient_data,insufficient_data:insufficient_usable_history,,,,,100000,42,cuda,INELIGIBLE,models/AWTX/attempt_000/model.zip,checkpoints/AWTX/attempt_000,validation/AWTX/attempt_000.json,False
AZMT,Azmat Textile Mills Limited,ineligible,unsupported,unsupported:not_active_recently_traded,,,,,100000,42,cuda,INELIGIBLE,models/AZMT/attempt_000/model.zip,checkpoints/AZMT/attempt_000,validation/AZMT/attempt_000.json,False
BAFL,Bank Alfalah Limited,eligible,eligible_trainable,canonical_mature_recurrent_contract,rl_recurrent_partition_v1,psx-4a-126450ec6355,single_symbol_env_v1,6cfb2cc0da4ca5d86f235bc50d9d693f7cdad88916b3896b9f3a76ed4631c15f,100000,42,cuda,QUEUED,models/BAFL/attempt_000/model.zip,checkpoints/BAFL/attempt_000,validation/BAFL/attempt_000.json,False
BAFS,Baba Farid Sugar Mills Limited,eligible,eligible_trainable,canonical_mature_recurrent_contract,rl_recurrent_partition_v1,psx-4a-126450ec6355,single_symbol_env_v1,57aa55082bdd5d887a3028666b693cfbfc8fd19c335444742dd3e281fb3a796a,100000,42,cuda,QUEUED,models/BAFS/attempt_000/model.zip,checkpoints/BAFS/attempt_000,validation/BAFS/attempt_000.json,False
BAHL,Bank AL Habib Limited,eligible,eligible_trainable,canonical_mature_recurrent_contract,rl_recurrent_partition_v1,psx-4a-126450ec6355,single_symbol_env_v1,f5780737e5c409d98c4a8dae2b02e20a5f5922f7daf1c4bbec5874b5c5789f3d,100000,42,cuda,QUEUED,models/BAHL/attempt_000/model.zip,checkpoints/BAHL/attempt_000,validation/BAHL/attempt_000.json,False
BAPL,Bawany Air Products Limited,eligible,eligible_trainable,canonical_mature_recurrent_contract,rl_recurrent_partition_v1,psx-4a-126450ec6355,single_symbol_env_v1,c249ebc1b1dfc141ea5c74b9eda87cba9426c2475ef0b6fd5085f82b6db92b4a,100000,42,cuda,QUEUED,models/BAPL/attempt_000/model.zip,checkpoints/BAPL/attempt_000,validation/BAPL/attempt_000.json,False
BATA,Bata Pakistan Limited,eligible,eligible_trainable,canonical_mature_recurrent_contract,rl_recurrent_partition_v1,psx-4a-126450ec6355,single_symbol_env_v1,d2df332b7e691a735296920d5891f7e98edcf4f77fdba98eea976931c7e4d119,100000,42,cuda,QUEUED,models/BATA/attempt_000/model.zip,checkpoints/BATA/attempt_000,validation/BATA/attempt_000.json,False
BBFL,Big Bird Foods Limited,eligible,eligible_trainable,canonical_mature_recurrent_contract,rl_recurrent_partition_v1,psx-4a-126450ec6355,single_symbol_env_v1,46937bc2f8babbed1250fe2404dc3a8b0cf5434c833258e4ac81cc42869b5082,100000,42,cuda,QUEUED,models/BBFL/attempt_000/model.zip,checkpoints/BBFL/attempt_000,validation/BBFL/attempt_000.json,False
BCL,Bolan Castings Limited,eligible,eligible_trainable,canonical_mature_recurrent_contract,rl_recurrent_partition_v1,psx-4a-126450ec6355,single_symbol_env_v1,909b28c591498d0be9c979150a4feb122c4b8488e841d5c29c3d08fc4cb6f61c,100000,42,cuda,QUEUED,models/BCL/attempt_000/model.zip,checkpoints/BCL/attempt_000,validation/BCL/attempt_000.json,False
BECO,Beco Steel Limited,eligible,eligible_trainable,canonical_mature_recurrent_contract,rl_recurrent_partition_v1,psx-4a-126450ec6355,single_symbol_env_v1,a3645b52b3234c45bf393171db886b2bad089ac2b9f873e8335fae737c923e50,100000,42,cuda,QUEUED,models/BECO/attempt_000/model.zip,checkpoints/BECO/attempt_000,validation/BECO/attempt_000.json,False
BELA,Bela Automotives Limited,eligible,eligible_trainable,canonical_mature_recurrent_contract,rl_recurrent_partition_v1,psx-4a-126450ec6355,single_symbol_env_v1,af506f6676fda6dd987e36d10d7bf9dbfe402f185868cfb08b1c674351468fe0,100000,42,cuda,QUEUED,models/BELA/attempt_000/model.zip,checkpoints/BELA/attempt_000,validation/BELA/attempt_000.json,False
BERG,Berger Paints Pakistan Limited,eligible,eligible_trainable,canonical_mature_recurrent_contract,rl_recurrent_partition_v1,psx-4a-126450ec6355,single_symbol_env_v1,15d4bc6551abada6414da926c6f6596bdb544dbce5b09262495df8bdcad95e8d,100000,42,cuda,QUEUED,models/BERG/attempt_000/model.zip,checkpoints/BERG/attempt_000,validation/BERG/attempt_000.json,False
BFAGRO,Barkat Frisian Agro Limited,eligible,eligible_trainable,canonical_mature_recurrent_contract,rl_recurrent_partition_v1,psx-4a-126450ec6355,single_symbol_env_v1,6b67e48f43d3e4db8387142d0bea058e505fea44e10636d62f3b4a8537e26e14,100000,42,cuda,QUEUED,models/BFAGRO/attempt_000/model.zip,checkpoints/BFAGRO/attempt_000,validation/BFAGRO/attempt_000.json,False
BFBIO,BF Biosciences Limited,eligible,eligible_trainable,canonical_mature_recurrent_contract,rl_recurrent_partition_v1,psx-4a-126450ec6355,single_symbol_env_v1,fc8b5e298d8487f1816651c9cabe1a3065922ce3060cb4043bc36e1cb417affb,100000,42,cuda,QUEUED,models/BFBIO/attempt_000/model.zip,checkpoints/BFBIO/attempt_000,validation/BFBIO/attempt_000.json,False
BGL,Baluchistan Glass Limited,eligible,eligible_trainable,canonical_mature_recurrent_contract,rl_recurrent_partition_v1,psx-4a-126450ec6355,single_symbol_env_v1,7abfb055d0ee78ff56cf1fabdfea936aeef457b7bf4cb92962dc8c2bffa95e3c,100000,42,cuda,QUEUED,models/BGL/attempt_000/model.zip,checkpoints/BGL/attempt_000,validation/BGL/attempt_000.json,False
BHAT,Bhanero Textile Mills Limited,eligible,eligible_trainable,canonical_mature_recurrent_contract,rl_recurrent_partition_v1,psx-4a-126450ec6355,single_symbol_env_v1,2e4da21a275e01caabc0b960761ab44b59c07b2cbe727d8a55e31536314b68d3,100000,42,cuda,QUEUED,models/BHAT/attempt_000/model.zip,checkpoints/BHAT/attempt_000,validation/BHAT/attempt_000.json,False
BIFO,Biafo Industries Limited,eligible,eligible_trainable,canonical_mature_recurrent_contract,rl_recurrent_partition_v1,psx-4a-126450ec6355,single_symbol_env_v1,13c14df79e20607d092183103e75efc6e8b6cc655c6328223fbd26a958ab875f,100000,42,cuda,QUEUED,models/BIFO/attempt_000/model.zip,checkpoints/BIFO/attempt_000,validation/BIFO/attempt_000.json,False
BIIC,Business & Industrial Insurance Company,ineligible,unsupported,unsupported:not_active_recently_traded,,,,,100000,42,cuda,INELIGIBLE,models/BIIC/attempt_000/model.zip,checkpoints/BIIC/attempt_000,validation/BIIC/attempt_000.json,False
BIPL,BankIslami Pakistan Limited,eligible,eligible_trainable,canonical_mature_recurrent_contract,rl_recurrent_partition_v1,psx-4a-126450ec6355,single_symbol_env_v1,77614225addfc4d6961eb15c5d9269c8e48acb5c344d8cabbd6bfb774f1f71e5,100000,42,cuda,QUEUED,models/BIPL/attempt_000/model.zip,checkpoints/BIPL/attempt_000,validation/BIPL/attempt_000.json,False
BLUEX,Blue-Ex Limited,ineligible,insufficient_data,insufficient_data:cold_start_not_independent_training,,,,,100000,42,cuda,INELIGIBLE,models/BLUEX/attempt_000/model.zip,checkpoints/BLUEX/attempt_000,validation/BLUEX/attempt_000.json,False
BML,Bank Makramah Limited,eligible,eligible_trainable,canonical_mature_recurrent_contract,rl_recurrent_partition_v1,psx-4a-126450ec6355,single_symbol_env_v1,451478703feea2804760fcd0291adeab915d6653825f962ca48216064308f171,100000,42,cuda,QUEUED,models/BML/attempt_000/model.zip,checkpoints/BML/attempt_000,validation/BML/attempt_000.json,False
BNL,Bunnys Limited,eligible,eligible_trainable,canonical_mature_recurrent_contract,rl_recurrent_partition_v1,psx-4a-126450ec6355,single_symbol_env_v1,8952d97c9330a34243167054dabe57cab79a6b76c25a8cee4a662bf1ef1ca01d,100000,42,cuda,QUEUED,models/BNL/attempt_000/model.zip,checkpoints/BNL/attempt_000,validation/BNL/attempt_000.json,False
BNWM,Bannu Woollen Mills Limited,eligible,eligible_trainable,canonical_mature_recurrent_contract,rl_recurrent_partition_v1,psx-4a-126450ec6355,single_symbol_env_v1,ca17dda9600c28b7e323c6456370e36b1f6ca39f1d7fde6892c2f7c24a35edd8,100000,42,cuda,QUEUED,models/BNWM/attempt_000/model.zip,checkpoints/BNWM/attempt_000,validation/BNWM/attempt_000.json,False
BOK,The Bank of Khyber,eligible,eligible_trainable,canonical_mature_recurrent_contract,rl_recurrent_partition_v1,psx-4a-126450ec6355,single_symbol_env_v1,085b327d6807780493819129c057404c3881abc7f40dd461ea00b0a9e9ad7ad6,100000,42,cuda,QUEUED,models/BOK/attempt_000/model.zip,checkpoints/BOK/attempt_000,validation/BOK/attempt_000.json,False
BOP,The Bank of Punjab,eligible,eligible_trainable,canonical_mature_recurrent_contract,rl_recurrent_partition_v1,psx-4a-126450ec6355,single_symbol_env_v1,b6a9ad8c4decc2856b87afd63cabb9db11f24a35e83f8f536b881b016c0161f9,100000,42,cuda,QUEUED,models/BOP/attempt_000/model.zip,checkpoints/BOP/attempt_000,validation/BOP/attempt_000.json,False
BPL,Burshane LPG (Pakistan) Limited,eligible,eligible_trainable,canonical_mature_recurrent_contract,rl_recurrent_partition_v1,psx-4a-126450ec6355,single_symbol_env_v1,8596c385df50ca16fa351fd5dfb7ebce68b4f28a8ddbd68db62bde5242c5c453,100000,42,cuda,QUEUED,models/BPL/attempt_000/model.zip,checkpoints/BPL/attempt_000,validation/BPL/attempt_000.json,False
BRRG,B.R.R Guardian Limited,eligible,eligible_trainable,canonical_mature_recurrent_contract,rl_recurrent_partition_v1,psx-4a-126450ec6355,single_symbol_env_v1,7886000f0a6c62ebe502f7412b90ceb0fe981447553eb3608948d20903cb3634,100000,42,cuda,QUEUED,models/BRRG/attempt_000/model.zip,checkpoints/BRRG/attempt_000,validation/BRRG/attempt_000.json,False
BTL,Blessed Textiles Limited,eligible,eligible_trainable,canonical_mature_recurrent_contract,rl_recurrent_partition_v1,psx-4a-126450ec6355,single_symbol_env_v1,404ac4d27b5cd0ee5891434241f0df3a98176bb4f88f77adeb570ce11460d11a,100000,42,cuda,QUEUED,models/BTL/attempt_000/model.zip,checkpoints/BTL/attempt_000,validation/BTL/attempt_000.json,False
BUXL,Buxly Paints Limited,eligible,eligible_trainable,canonical_mature_recurrent_contract,rl_recurrent_partition_v1,psx-4a-126450ec6355,single_symbol_env_v1,c454bef146d941dc43c22d360af848032b31b9caa9afede4a6c25a4a725e0fd0,100000,42,cuda,QUEUED,models/BUXL/attempt_000/model.zip,checkpoints/BUXL/attempt_000,validation/BUXL/attempt_000.json,False
BWCL,Bestway Cement Limited,eligible,eligible_trainable,canonical_mature_recurrent_contract,rl_recurrent_partition_v1,psx-4a-126450ec6355,single_symbol_env_v1,838375d90c2e247799b8e22b37ad649973eaccdeb4a33bd6b1ad7cfb8bcc1272,100000,42,cuda,QUEUED,models/BWCL/attempt_000/model.zip,checkpoints/BWCL/attempt_000,validation/BWCL/attempt_000.json,False
BWHL,Baluchistan Wheels Limited,eligible,eligible_trainable,canonical_mature_recurrent_contract,rl_recurrent_partition_v1,psx-4a-126450ec6355,single_symbol_env_v1,d9d9f53b5e369b7b5a83d8c28456deb180db50f6da338c78650eed77c3234bae,100000,42,cuda,QUEUED,models/BWHL/attempt_000/model.zip,checkpoints/BWHL/attempt_000,validation/BWHL/attempt_000.json,False
CCM,Crescent Cotton Mills Limited,eligible,eligible_trainable,canonical_mature_recurrent_contract,rl_recurrent_partition_v1,psx-4a-126450ec6355,single_symbol_env_v1,927c71b73473d3923ddcb9f6605dd46cbf5d905345a5dcda7a612f37989c037f,100000,42,cuda,QUEUED,models/CCM/attempt_000/model.zip,checkpoints/CCM/attempt_000,validation/CCM/attempt_000.json,False
CENI,Century Insurance Company Limited,eligible,eligible_trainable,canonical_mature_recurrent_contract,rl_recurrent_partition_v1,psx-4a-126450ec6355,single_symbol_env_v1,42545d05c8ce5389a59a3b332ccdd6a25cb324b74c7ddbd541dad612ed9bc143,100000,42,cuda,QUEUED,models/CENI/attempt_000/model.zip,checkpoints/CENI/attempt_000,validation/CENI/attempt_000.json,False
CEPB,Century Paper & Board Mills Limited,eligible,eligible_trainable,canonical_mature_recurrent_contract,rl_recurrent_partition_v1,psx-4a-126450ec6355,single_symbol_env_v1,72c37650c97d350f69ca8d1b6d81d776f9f5087f00de24ee3ef640086b28c619,100000,42,cuda,QUEUED,models/CEPB/attempt_000/model.zip,checkpoints/CEPB/attempt_000,validation/CEPB/attempt_000.json,False
CFL,Crescent Fibres Limited,eligible,eligible_trainable,canonical_mature_recurrent_contract,rl_recurrent_partition_v1,psx-4a-126450ec6355,single_symbol_env_v1,a1ce71e35378dd674422e9323fab619881eb2c54ca1cdf86cd239f77f3d8ccbd,100000,42,cuda,QUEUED,models/CFL/attempt_000/model.zip,checkpoints/CFL/attempt_000,validation/CFL/attempt_000.json,False
CHAS,Chashma Sugar Mills Limited,eligible,eligible_trainable,canonical_mature_recurrent_contract,rl_recurrent_partition_v1,psx-4a-126450ec6355,single_symbol_env_v1,cfb61feb5ce51311ba52eb91f93d8be1c328b2520db20a592f89f6fcfc6edb22,100000,42,cuda,QUEUED,models/CHAS/attempt_000/model.zip,checkpoints/CHAS/attempt_000,validation/CHAS/attempt_000.json,False
CHBL,Chenab Limited,eligible,eligible_trainable,canonical_mature_recurrent_contract,rl_recurrent_partition_v1,psx-4a-126450ec6355,single_symbol_env_v1,9c9eac27b48d42d6589262ffc46cfefd5e869ab42482838b71237688f142c684,100000,42,cuda,QUEUED,models/CHBL/attempt_000/model.zip,checkpoints/CHBL/attempt_000,validation/CHBL/attempt_000.json,False
CHCC,Cherat Cement Company Limited,eligible,eligible_trainable,canonical_mature_recurrent_contract,rl_recurrent_partition_v1,psx-4a-126450ec6355,single_symbol_env_v1,6dea3139a40e36191a7ffb70b25cadfa65ba4f7a84443506632241999c73d1a2,100000,42,cuda,QUEUED,models/CHCC/attempt_000/model.zip,checkpoints/CHCC/attempt_000,validation/CHCC/attempt_000.json,False
CJPL,Crescent Jute Products Limited,eligible,eligible_trainable,canonical_mature_recurrent_contract,rl_recurrent_partition_v1,psx-4a-126450ec6355,single_symbol_env_v1,d7cae05f72f69a21d2c959d20aafcd11a83168ca98e9195696066fba478516ae,100000,42,cuda,QUEUED,models/CJPL/attempt_000/model.zip,checkpoints/CJPL/attempt_000,validation/CJPL/attempt_000.json,False
CLOV,Clover Pakistan Limited,eligible,eligible_trainable,canonical_mature_recurrent_contract,rl_recurrent_partition_v1,psx-4a-126450ec6355,single_symbol_env_v1,93a18457955dfa3f4d24129b922b89ce8225ab3c8e7048a43311612e5f08db1f,100000,42,cuda,QUEUED,models/CLOV/attempt_000/model.zip,checkpoints/CLOV/attempt_000,validation/CLOV/attempt_000.json,False
CLVL,Cordoba Logistics & Ventures Limited,eligible,eligible_trainable,canonical_mature_recurrent_contract,rl_recurrent_partition_v1,psx-4a-126450ec6355,single_symbol_env_v1,d676669a37aa1c325bca554a0376d60c060ebdc35780f5df35fc9856aae70194,100000,42,cuda,QUEUED,models/CLVL/attempt_000/model.zip,checkpoints/CLVL/attempt_000,validation/CLVL/attempt_000.json,False
CNERGY,Cnergyico PK Limited,eligible,eligible_trainable,canonical_mature_recurrent_contract,rl_recurrent_partition_v1,psx-4a-126450ec6355,single_symbol_env_v1,ed2963fc925d3efe40f03e6eae5709166fb8708e62808e955ee3b2825ae26743,100000,42,cuda,QUEUED,models/CNERGY/attempt_000/model.zip,checkpoints/CNERGY/attempt_000,validation/CNERGY/attempt_000.json,False
COLG,Colgate-Palmolive (Pakistan) Limited,eligible,eligible_trainable,canonical_mature_recurrent_contract,rl_recurrent_partition_v1,psx-4a-126450ec6355,single_symbol_env_v1,2cab1119e448c603ce4e9946c80bbfb09755df826d22fa313c81158e9eafa14e,100000,42,cuda,QUEUED,models/COLG/attempt_000/model.zip,checkpoints/COLG/attempt_000,validation/COLG/attempt_000.json,False
CPHL,Citi Pharma Ltd.,eligible,eligible_trainable,canonical_mature_recurrent_contract,rl_recurrent_partition_v1,psx-4a-126450ec6355,single_symbol_env_v1,5d3ad8e59dffb57fa46d88775ef078f051c476a332bc43e9a53a3444ab348690,100000,42,cuda,QUEUED,models/CPHL/attempt_000/model.zip,checkpoints/CPHL/attempt_000,validation/CPHL/attempt_000.json,False
CPPL,Cherat Packaging Limited,eligible,eligible_trainable,canonical_mature_recurrent_contract,rl_recurrent_partition_v1,psx-4a-126450ec6355,single_symbol_env_v1,c2a333d0b0eec0992b53d2730534a0f0fd4aa0562557f2f77b9695d1ec6c8276,100000,42,cuda,QUEUED,models/CPPL/attempt_000/model.zip,checkpoints/CPPL/attempt_000,validation/CPPL/attempt_000.json,False
CRTM,The Crescent Textile Mills Limited,eligible,eligible_trainable,canonical_mature_recurrent_contract,rl_recurrent_partition_v1,psx-4a-126450ec6355,single_symbol_env_v1,1adcc7f6b4238c47247a046e20cd9885ce6c5df290ddbf768a8707a6dafabee1,100000,42,cuda,QUEUED,models/CRTM/attempt_000/model.zip,checkpoints/CRTM/attempt_000,validation/CRTM/attempt_000.json,False
CSAP,Crescent Steel & Allied Products Limited,eligible,eligible_trainable,canonical_mature_recurrent_contract,rl_recurrent_partition_v1,psx-4a-126450ec6355,single_symbol_env_v1,020f654c1fce3786c18d9d9f661a3a942d72648a1092215d12db95d5f6c308fb,100000,42,cuda,QUEUED,models/CSAP/attempt_000/model.zip,checkpoints/CSAP/attempt_000,validation/CSAP/attempt_000.json,False
CSIL,Crescent Star Insurance Limited,eligible,eligible_trainable,canonical_mature_recurrent_contract,rl_recurrent_partition_v1,psx-4a-126450ec6355,single_symbol_env_v1,91186d4e62edf8e2f6dcb6b941f19a6f6a315d078d283297d5410394d7ee147b,100000,42,cuda,QUEUED,models/CSIL/attempt_000/model.zip,checkpoints/CSIL/attempt_000,validation/CSIL/attempt_000.json,False
CTM,Colony Textile Mills Limited,eligible,eligible_trainable,canonical_mature_recurrent_contract,rl_recurrent_partition_v1,psx-4a-126450ec6355,single_symbol_env_v1,2ea893fc25a0e98ace58b75f4471d9e54c943dda17b22c0473d13fd0df13cafb,100000,42,cuda,QUEUED,models/CTM/attempt_000/model.zip,checkpoints/CTM/attempt_000,validation/CTM/attempt_000.json,False
DAAG,Data Agro Limited,eligible,eligible_trainable,canonical_mature_recurrent_contract,rl_recurrent_partition_v1,psx-4a-126450ec6355,single_symbol_env_v1,7ed482d47264e050601c1d41142ccbd6149c85f714289c663af3ba9dd24c6dad,100000,42,cuda,QUEUED,models/DAAG/attempt_000/model.zip,checkpoints/DAAG/attempt_000,validation/DAAG/attempt_000.json,False
DADX,Dadex Eternit Limited,eligible,eligible_trainable,canonical_mature_recurrent_contract,rl_recurrent_partition_v1,psx-4a-126450ec6355,single_symbol_env_v1,c3f76636d35ec8280e2f7aa8c06978b5c2658749858371cd8d28f932d52e3aea,100000,42,cuda,QUEUED,models/DADX/attempt_000/model.zip,checkpoints/DADX/attempt_000,validation/DADX/attempt_000.json,False
DBCI,Dadabhoy Cement Industries Limited,eligible,eligible_trainable,canonical_mature_recurrent_contract,rl_recurrent_partition_v1,psx-4a-126450ec6355,single_symbol_env_v1,48df7fc26f0f70c5da05db09b5f83f6310aa0233ad4bb5f184d7cb7df7856c03,100000,42,cuda,QUEUED,models/DBCI/attempt_000/model.zip,checkpoints/DBCI/attempt_000,validation/DBCI/attempt_000.json,False
DBSL,Dadabhoy Sack Limited,ineligible,unsupported,unsupported:not_active_recently_traded,,,,,100000,42,cuda,INELIGIBLE,models/DBSL/attempt_000/model.zip,checkpoints/DBSL/attempt_000,validation/DBSL/attempt_000.json,False
DCL,Dewan Cement Limited,eligible,eligible_trainable,canonical_mature_recurrent_contract,rl_recurrent_partition_v1,psx-4a-126450ec6355,single_symbol_env_v1,b5cd02ee7fd38af802190782a786bda23e3e86175aff757937af3a8fc0c62823,100000,42,cuda,QUEUED,models/DCL/attempt_000/model.zip,checkpoints/DCL/attempt_000,validation/DCL/attempt_000.json,False
DCTL,Dadabhoy Construction Technology Limited,ineligible,unsupported,unsupported:not_active_recently_traded,,,,,100000,42,cuda,INELIGIBLE,models/DCTL/attempt_000/model.zip,checkpoints/DCTL/attempt_000,validation/DCTL/attempt_000.json,False
DEL,Dawood Equities Limited,eligible,eligible_trainable,canonical_mature_recurrent_contract,rl_recurrent_partition_v1,psx-4a-126450ec6355,single_symbol_env_v1,ec97bd15e1b03fe686e52b50afc816465cf0999ba7e69ec0f904de1854d1da47,100000,42,cuda,QUEUED,models/DEL/attempt_000/model.zip,checkpoints/DEL/attempt_000,validation/DEL/attempt_000.json,False
DFML,Dewan Farooque Motors Limited,eligible,eligible_trainable,canonical_mature_recurrent_contract,rl_recurrent_partition_v1,psx-4a-126450ec6355,single_symbol_env_v1,c52b2b76d0103e062f7cb5aa8fcf620441c75b9148fb4a83efacc3e644bfee2a,100000,42,cuda,QUEUED,models/DFML/attempt_000/model.zip,checkpoints/DFML/attempt_000,validation/DFML/attempt_000.json,False
DFSM,Dewan Farooque Spinning Mills Limited,eligible,eligible_trainable,canonical_mature_recurrent_contract,rl_recurrent_partition_v1,psx-4a-126450ec6355,single_symbol_env_v1,b562f4a247d2d634d5672d14935cfb36931f10f5171a8f148180c111d1e65da5,100000,42,cuda,QUEUED,models/DFSM/attempt_000/model.zip,checkpoints/DFSM/attempt_000,validation/DFSM/attempt_000.json,False
DGKC,D.G. Khan Cement Company Limited,eligible,eligible_trainable,canonical_mature_recurrent_contract,rl_recurrent_partition_v1,psx-4a-126450ec6355,single_symbol_env_v1,ef7b339e8b9b7db6edf82d611bda1274edfe4901ae290efabcdd942133a4b624,100000,42,cuda,QUEUED,models/DGKC/attempt_000/model.zip,checkpoints/DGKC/attempt_000,validation/DGKC/attempt_000.json,False
DIIL,Diamond Industries Limited,eligible,eligible_trainable,canonical_mature_recurrent_contract,rl_recurrent_partition_v1,psx-4a-126450ec6355,single_symbol_env_v1,9ba10a5d95b32712e3e17d96f0aef10f859b271ee1994843c5f72a5c8f8115bc,100000,42,cuda,QUEUED,models/DIIL/attempt_000/model.zip,checkpoints/DIIL/attempt_000,validation/DIIL/attempt_000.json,False
DINT,Din Textile Mills Limited,eligible,eligible_trainable,canonical_mature_recurrent_contract,rl_recurrent_partition_v1,psx-4a-126450ec6355,single_symbol_env_v1,b500066aa79e0e6f84d5bc3a97b8f0da26d242946e14f7dccb52cf222917cc29,100000,42,cuda,QUEUED,models/DINT/attempt_000/model.zip,checkpoints/DINT/attempt_000,validation/DINT/attempt_000.json,False
DKTM,Dewan Khalid Textile Mills Limited,ineligible,unsupported,unsupported:not_active_recently_traded,,,,,100000,42,cuda,INELIGIBLE,models/DKTM/attempt_000/model.zip,checkpoints/DKTM/attempt_000,validation/DKTM/attempt_000.json,False
DLL,Dawood Lawrencepur Limited,eligible,eligible_trainable,canonical_mature_recurrent_contract,rl_recurrent_partition_v1,psx-4a-126450ec6355,single_symbol_env_v1,fb0ca5c05b9ff2157127ad5c547db8f847bccfbbabf2f050d1433e5126398379,100000,42,cuda,QUEUED,models/DLL/attempt_000/model.zip,checkpoints/DLL/attempt_000,validation/DLL/attempt_000.json,False
DMC,D.M. Corporation Limited.,eligible,eligible_trainable,canonical_mature_recurrent_contract,rl_recurrent_partition_v1,psx-4a-126450ec6355,single_symbol_env_v1,0b72ae4f89ee936f58d1633703d16660b2b83cb86e709fba9f5a5721d187f4b1,100000,42,cuda,QUEUED,models/DMC/attempt_000/model.zip,checkpoints/DMC/attempt_000,validation/DMC/attempt_000.json,False
DMTM,Dewan Mushtaq Textile Mills Limited,ineligible,unsupported,unsupported:not_active_recently_traded,,,,,100000,42,cuda,INELIGIBLE,models/DMTM/attempt_000/model.zip,checkpoints/DMTM/attempt_000,validation/DMTM/attempt_000.json,False
DNCC,Dandot Cement Company Limited,eligible,eligible_trainable,canonical_mature_recurrent_contract,rl_recurrent_partition_v1,psx-4a-126450ec6355,single_symbol_env_v1,9865f0c874dd9220cf6ef16fd94859c0d58779fc7fce96479da5ae07a21722c7,100000,42,cuda,QUEUED,models/DNCC/attempt_000/model.zip,checkpoints/DNCC/attempt_000,validation/DNCC/attempt_000.json,False
DOL,Descon Oxychem Limited,eligible,eligible_trainable,canonical_mature_recurrent_contract,rl_recurrent_partition_v1,psx-4a-126450ec6355,single_symbol_env_v1,95ba8e766eca9895c1d9d3fb5a24261a284120989b86f8f6db521e8832a14d77,100000,42,cuda,QUEUED,models/DOL/attempt_000/model.zip,checkpoints/DOL/attempt_000,validation/DOL/attempt_000.json,False
DSFL,Dewan Salman Fibre Limited,ineligible,unsupported,unsupported:not_active_recently_traded,,,,,100000,42,cuda,INELIGIBLE,models/DSFL/attempt_000/model.zip,checkpoints/DSFL/attempt_000,validation/DSFL/attempt_000.json,False
DSIL,D.S. Industries Limited,eligible,eligible_trainable,canonical_mature_recurrent_contract,rl_recurrent_partition_v1,psx-4a-126450ec6355,single_symbol_env_v1,b016e256dbde4f9079aaf02bfdc7d1728222483145b9911ad44152e134a5a8ee,100000,42,cuda,QUEUED,models/DSIL/attempt_000/model.zip,checkpoints/DSIL/attempt_000,validation/DSIL/attempt_000.json,False
DSL,Dost Steels Limited,eligible,eligible_trainable,canonical_mature_recurrent_contract,rl_recurrent_partition_v1,psx-4a-126450ec6355,single_symbol_env_v1,6061c0c53154c3f0e0ff50c0c20faff863a2593916e336c325b5c6441189c183,100000,42,cuda,QUEUED,models/DSL/attempt_000/model.zip,checkpoints/DSL/attempt_000,validation/DSL/attempt_000.json,False
DWAE,Dewan Automotive Engineering Limited,eligible,eligible_trainable,canonical_mature_recurrent_contract,rl_recurrent_partition_v1,psx-4a-126450ec6355,single_symbol_env_v1,78e783b45232691d04bbcf4eb898b75274a9899f272db566bb43c561ccd06493,100000,42,cuda,QUEUED,models/DWAE/attempt_000/model.zip,checkpoints/DWAE/attempt_000,validation/DWAE/attempt_000.json,False
DWSM,Dewan Sugar Mills Limited,eligible,eligible_trainable,canonical_mature_recurrent_contract,rl_recurrent_partition_v1,psx-4a-126450ec6355,single_symbol_env_v1,c117e14b4bcac7bd5b06886d378ab24d59fdb34bb3d82d942e4301eb286ab07f,100000,42,cuda,QUEUED,models/DWSM/attempt_000/model.zip,checkpoints/DWSM/attempt_000,validation/DWSM/attempt_000.json,False
DWTM,Dewan Textile Mills Limited,eligible,eligible_trainable,canonical_mature_recurrent_contract,rl_recurrent_partition_v1,psx-4a-126450ec6355,single_symbol_env_v1,3724aceaf1f3401b7f849809e7d8fdfab623b27acb0121b4ad0657848bec8df0,100000,42,cuda,QUEUED,models/DWTM/attempt_000/model.zip,checkpoints/DWTM/attempt_000,validation/DWTM/attempt_000.json,False
DYNO,Dynea Pakistan Limited,eligible,eligible_trainable,canonical_mature_recurrent_contract,rl_recurrent_partition_v1,psx-4a-126450ec6355,single_symbol_env_v1,9474b510abbcc0961dc4bef080855241cce6079d304ed832bf35060cb1adf087,100000,42,cuda,QUEUED,models/DYNO/attempt_000/model.zip,checkpoints/DYNO/attempt_000,validation/DYNO/attempt_000.json,False
ECOP,Ecopack Limited,eligible,eligible_trainable,canonical_mature_recurrent_contract,rl_recurrent_partition_v1,psx-4a-126450ec6355,single_symbol_env_v1,2bb034c3fb4832722af769fc68c035d6dacad19a2f93d608f28f505f02152da8,100000,42,cuda,QUEUED,models/ECOP/attempt_000/model.zip,checkpoints/ECOP/attempt_000,validation/ECOP/attempt_000.json,False
EFERT,Engro Fertilizers Limited,eligible,eligible_trainable,canonical_mature_recurrent_contract,rl_recurrent_partition_v1,psx-4a-126450ec6355,single_symbol_env_v1,bb75c6cfd3e160af73f72046fe0cf6a626f90ae79005ab6d1d20660805e48cef,100000,42,cuda,QUEUED,models/EFERT/attempt_000/model.zip,checkpoints/EFERT/attempt_000,validation/EFERT/attempt_000.json,False
EFUG,EFU General Insurance Limited,eligible,eligible_trainable,canonical_mature_recurrent_contract,rl_recurrent_partition_v1,psx-4a-126450ec6355,single_symbol_env_v1,1ca7245201f145a35dfb434563efb897ca876af324f21c7335109a54eaae70c7,100000,42,cuda,QUEUED,models/EFUG/attempt_000/model.zip,checkpoints/EFUG/attempt_000,validation/EFUG/attempt_000.json,False
EFUL,EFU Life Assurance Limited,eligible,eligible_trainable,canonical_mature_recurrent_contract,rl_recurrent_partition_v1,psx-4a-126450ec6355,single_symbol_env_v1,dae821e7a30808ef7ff63f9176e306705a16cedf93e2b18ca09a0b805d046741,100000,42,cuda,QUEUED,models/EFUL/attempt_000/model.zip,checkpoints/EFUL/attempt_000,validation/EFUL/attempt_000.json,False
ELCM,Elahi Cotton Mills Limited,eligible,eligible_trainable,canonical_mature_recurrent_contract,rl_recurrent_partition_v1,psx-4a-126450ec6355,single_symbol_env_v1,f84392d5511ee873245bd67bb5be8e2061f2c15d0718a5f13ce5042bbdcaffb4,100000,42,cuda,QUEUED,models/ELCM/attempt_000/model.zip,checkpoints/ELCM/attempt_000,validation/ELCM/attempt_000.json,False
ELSM,Ellcot Spinning Mills Limited,eligible,eligible_trainable,canonical_mature_recurrent_contract,rl_recurrent_partition_v1,psx-4a-126450ec6355,single_symbol_env_v1,a8609a493ac747fb2736f2192c91b25ed10dd4048d7d7589c1f8ebd816fa0b4d,100000,42,cuda,QUEUED,models/ELSM/attempt_000/model.zip,checkpoints/ELSM/attempt_000,validation/ELSM/attempt_000.json,False
EMCO,Emco Industries Limited,eligible,eligible_trainable,canonical_mature_recurrent_contract,rl_recurrent_partition_v1,psx-4a-126450ec6355,single_symbol_env_v1,39b6cec95306ff3789d8092341267848d5b0d1dc1d4f3dd38b486fafbe886546,100000,42,cuda,QUEUED,models/EMCO/attempt_000/model.zip,checkpoints/EMCO/attempt_000,validation/EMCO/attempt_000.json,False
ENGL,English Leasing Limited,ineligible,unsupported,unsupported:not_active_recently_traded,,,,,100000,42,cuda,INELIGIBLE,models/ENGL/attempt_000/model.zip,checkpoints/ENGL/attempt_000,validation/ENGL/attempt_000.json,False
ENGROH,Engro Holdings Limited,eligible,eligible_trainable,canonical_mature_recurrent_contract,rl_recurrent_partition_v1,psx-4a-126450ec6355,single_symbol_env_v1,5d71e010a03ff7f4ed598f5e7c3b79bf8e5402d044baa751181d84be1a51a14c,100000,42,cuda,QUEUED,models/ENGROH/attempt_000/model.zip,checkpoints/ENGROH/attempt_000,validation/ENGROH/attempt_000.json,False
EPCL,Engro Polymer & Chemicals Limited,eligible,eligible_trainable,canonical_mature_recurrent_contract,rl_recurrent_partition_v1,psx-4a-126450ec6355,single_symbol_env_v1,954aa165ce027f64dbb4859293fca74a4dd3b0454f8b59ab16693452a796fcbf,100000,42,cuda,QUEUED,models/EPCL/attempt_000/model.zip,checkpoints/EPCL/attempt_000,validation/EPCL/attempt_000.json,False
EPQL,Engro Powergen Qadirpur Limited,eligible,eligible_trainable,canonical_mature_recurrent_contract,rl_recurrent_partition_v1,psx-4a-126450ec6355,single_symbol_env_v1,f42b7134fa3accb2ac12c43369d183364f3c37c9e9e771d436c5f36894ffed17,100000,42,cuda,QUEUED,models/EPQL/attempt_000/model.zip,checkpoints/EPQL/attempt_000,validation/EPQL/attempt_000.json,False
ESBL,Escorts Investment Bank Limited,eligible,eligible_trainable,canonical_mature_recurrent_contract,rl_recurrent_partition_v1,psx-4a-126450ec6355,single_symbol_env_v1,dd4835bcbda924e3fd7d0def2333f5097f34a9219f8e5f546fbc5a765fc64b3e,100000,42,cuda,QUEUED,models/ESBL/attempt_000/model.zip,checkpoints/ESBL/attempt_000,validation/ESBL/attempt_000.json,False
EWIC,East West Insurance Company Limited,ineligible,insufficient_data,insufficient_data:insufficient_canonical_train_history_v2:95<126,,,,,100000,42,cuda,INELIGIBLE,models/EWIC/attempt_000/model.zip,checkpoints/EWIC/attempt_000,validation/EWIC/attempt_000.json,False
EXIDE,Exide Pakistan Limited,eligible,eligible_trainable,canonical_mature_recurrent_contract,rl_recurrent_partition_v1,psx-4a-126450ec6355,single_symbol_env_v1,ece972cea2c6da69d72b7c570709ef31679af3e67538b40426fecdf125c352f3,100000,42,cuda,QUEUED,models/EXIDE/attempt_000/model.zip,checkpoints/EXIDE/attempt_000,validation/EXIDE/attempt_000.json,False
FABL,Faysal Bank Limited,eligible,eligible_trainable,canonical_mature_recurrent_contract,rl_recurrent_partition_v1,psx-4a-126450ec6355,single_symbol_env_v1,2e002972b5ccd949d7c1765cb3eba1688dad7126d200bb3ccd3a92b8ee594432,100000,42,cuda,QUEUED,models/FABL/attempt_000/model.zip,checkpoints/FABL/attempt_000,validation/FABL/attempt_000.json,False
FAEL,Fatima Enterprises Limited,ineligible,unsupported,unsupported:not_active_recently_traded,,,,,100000,42,cuda,INELIGIBLE,models/FAEL/attempt_000/model.zip,checkpoints/FAEL/attempt_000,validation/FAEL/attempt_000.json,False
FASM,Faisal Spinning Mills Limited,eligible,eligible_trainable,canonical_mature_recurrent_contract,rl_recurrent_partition_v1,psx-4a-126450ec6355,single_symbol_env_v1,9aed2c8461e514b5764d84aa7963cea1ac6d42d1ee4472e324b4de679ff0dfb7,100000,42,cuda,QUEUED,models/FASM/attempt_000/model.zip,checkpoints/FASM/attempt_000,validation/FASM/attempt_000.json,False
FATIMA,Fatima Fertilizer Company Limited,eligible,eligible_trainable,canonical_mature_recurrent_contract,rl_recurrent_partition_v1,psx-4a-126450ec6355,single_symbol_env_v1,ac060dff910bb13fade88b4c704386365a08b071c575259c53756ac99b77c8ad,100000,42,cuda,QUEUED,models/FATIMA/attempt_000/model.zip,checkpoints/FATIMA/attempt_000,validation/FATIMA/attempt_000.json,False
FCCL,Fauji Cement Company Limited,eligible,eligible_trainable,canonical_mature_recurrent_contract,rl_recurrent_partition_v1,psx-4a-126450ec6355,single_symbol_env_v1,263722222d344278a2256ff04b7c7dec2c180009d7c9e525672a724a88b90dac,100000,42,cuda,QUEUED,models/FCCL/attempt_000/model.zip,checkpoints/FCCL/attempt_000,validation/FCCL/attempt_000.json,False
FCEL,First Capital Equities Limited,eligible,eligible_trainable,canonical_mature_recurrent_contract,rl_recurrent_partition_v1,psx-4a-126450ec6355,single_symbol_env_v1,9280f647ec82665de1d7ce01a73f11a777e1d31712d97aa6cad4c828837749c1,100000,42,cuda,QUEUED,models/FCEL/attempt_000/model.zip,checkpoints/FCEL/attempt_000,validation/FCEL/attempt_000.json,False
FCEPL,Frieslandcampina Engro Pakistan Limited,eligible,eligible_trainable,canonical_mature_recurrent_contract,rl_recurrent_partition_v1,psx-4a-126450ec6355,single_symbol_env_v1,6acb27561cc48ac816b39dc90fe4bb627ff444f4fdd17347a7c08c4fa92a9399,100000,42,cuda,QUEUED,models/FCEPL/attempt_000/model.zip,checkpoints/FCEPL/attempt_000,validation/FCEPL/attempt_000.json,False
FCIBL,First Credit and Investment Bank Limited,eligible,eligible_trainable,canonical_mature_recurrent_contract,rl_recurrent_partition_v1,psx-4a-126450ec6355,single_symbol_env_v1,02f4f261138b4d06395d7baaa9870452742651dae9c9e549c4341977cee6044a,100000,42,cuda,QUEUED,models/FCIBL/attempt_000/model.zip,checkpoints/FCIBL/attempt_000,validation/FCIBL/attempt_000.json,False
FCL,Fast Cables Limited,eligible,eligible_trainable,canonical_mature_recurrent_contract,rl_recurrent_partition_v1,psx-4a-126450ec6355,single_symbol_env_v1,0fdd9c59ce73daf95e5c9c8f1144bcb4204d31711af18b54b731e73365fa355b,100000,42,cuda,QUEUED,models/FCL/attempt_000/model.zip,checkpoints/FCL/attempt_000,validation/FCL/attempt_000.json,False
FCSC,First Capital Securities Corporation,eligible,eligible_trainable,canonical_mature_recurrent_contract,rl_recurrent_partition_v1,psx-4a-126450ec6355,single_symbol_env_v1,44e76f0be3360a649978ee5ecf48d8af60839dc7f910139174948a25cd0ab13c,100000,42,cuda,QUEUED,models/FCSC/attempt_000/model.zip,checkpoints/FCSC/attempt_000,validation/FCSC/attempt_000.json,False
FDPL,First Dawood Properties Limited,eligible,eligible_trainable,canonical_mature_recurrent_contract,rl_recurrent_partition_v1,psx-4a-126450ec6355,single_symbol_env_v1,becec77283da91bfd1904b5ad79cd0123afb7e988d03215de95e96833977f972,100000,42,cuda,QUEUED,models/FDPL/attempt_000/model.zip,checkpoints/FDPL/attempt_000,validation/FDPL/attempt_000.json,False
FECTC,Fecto Cement Limited,eligible,eligible_trainable,canonical_mature_recurrent_contract,rl_recurrent_partition_v1,psx-4a-126450ec6355,single_symbol_env_v1,c928dd855fbca861db1e4793c943274d0669573c6c0f2366e7ef9d2d9a9006b6,100000,42,cuda,QUEUED,models/FECTC/attempt_000/model.zip,checkpoints/FECTC/attempt_000,validation/FECTC/attempt_000.json,False
FEROZ,Ferozsons Laboratories Limited,eligible,eligible_trainable,canonical_mature_recurrent_contract,rl_recurrent_partition_v1,psx-4a-126450ec6355,single_symbol_env_v1,cfe8d0cf1a2afa58266d88a3b86e0e5baf10d27eca832fa03c17515bdfcd5954,100000,42,cuda,QUEUED,models/FEROZ/attempt_000/model.zip,checkpoints/FEROZ/attempt_000,validation/FEROZ/attempt_000.json,False
FFC,Fauji Fertilizer Company Limited,eligible,eligible_trainable,canonical_mature_recurrent_contract,rl_recurrent_partition_v1,psx-4a-126450ec6355,single_symbol_env_v1,56edad256fdfedb47561285d4423854424ae512d4b2ab0b8a9b4eaffbc30191b,100000,42,cuda,QUEUED,models/FFC/attempt_000/model.zip,checkpoints/FFC/attempt_000,validation/FFC/attempt_000.json,False
FFL,Fauji Foods Limited,eligible,eligible_trainable,canonical_mature_recurrent_contract,rl_recurrent_partition_v1,psx-4a-126450ec6355,single_symbol_env_v1,1faaed0d5d492ee450d56d5c7aec113d120b4bc417c24a6c6ff713a03c46607b,100000,42,cuda,QUEUED,models/FFL/attempt_000/model.zip,checkpoints/FFL/attempt_000,validation/FFL/attempt_000.json,False
FIL,Fateh Industries Limited,eligible,eligible_trainable,canonical_mature_recurrent_contract,rl_recurrent_partition_v1,psx-4a-126450ec6355,single_symbol_env_v1,4d294c6b9d03153d1fc5991cf151988ceeac9fc9fa00c0c0740ceffb9799d3f5,100000,42,cuda,QUEUED,models/FIL/attempt_000/model.zip,checkpoints/FIL/attempt_000,validation/FIL/attempt_000.json,False
FLYNG,Flying Cement Company Limited,eligible,eligible_trainable,canonical_mature_recurrent_contract,rl_recurrent_partition_v1,psx-4a-126450ec6355,single_symbol_env_v1,3225b707aa1f00cf657c29e9618efabad15bb2095f9075a208cb0ef3a3515e3e,100000,42,cuda,QUEUED,models/FLYNG/attempt_000/model.zip,checkpoints/FLYNG/attempt_000,validation/FLYNG/attempt_000.json,False
FML,Feroze1888 Mills Limited,eligible,eligible_trainable,canonical_mature_recurrent_contract,rl_recurrent_partition_v1,psx-4a-126450ec6355,single_symbol_env_v1,ed8495a26858706178a90fc32062d74180487a357b6bce6ff5bd4fd1abe22eee,100000,42,cuda,QUEUED,models/FML/attempt_000/model.zip,checkpoints/FML/attempt_000,validation/FML/attempt_000.json,False
FNEL,First National Equities Limited,eligible,eligible_trainable,canonical_mature_recurrent_contract,rl_recurrent_partition_v1,psx-4a-126450ec6355,single_symbol_env_v1,2ee4028da8949083818821334d9859f6e983569d23fbe42f6a225ff96de2a135,100000,42,cuda,QUEUED,models/FNEL/attempt_000/model.zip,checkpoints/FNEL/attempt_000,validation/FNEL/attempt_000.json,False
FRCL,Frontier Ceramics Limited,eligible,eligible_trainable,canonical_mature_recurrent_contract,rl_recurrent_partition_v1,psx-4a-126450ec6355,single_symbol_env_v1,4dcf114c193366f9e8cf0ac0dc2d70a7755ecd4bc53bd925132027b22daf8013,100000,42,cuda,QUEUED,models/FRCL/attempt_000/model.zip,checkpoints/FRCL/attempt_000,validation/FRCL/attempt_000.json,False
FRSM,Faran Sugar Mills Limited,eligible,eligible_trainable,canonical_mature_recurrent_contract,rl_recurrent_partition_v1,psx-4a-126450ec6355,single_symbol_env_v1,cd36c07836d16d242d367e56d162f78ed06f4f6f75615320b90ed3cdf5d57839,100000,42,cuda,QUEUED,models/FRSM/attempt_000/model.zip,checkpoints/FRSM/attempt_000,validation/FRSM/attempt_000.json,False
FSWL,Fateh Sports Wear Limited,eligible,eligible_trainable,canonical_mature_recurrent_contract,rl_recurrent_partition_v1,psx-4a-126450ec6355,single_symbol_env_v1,ba2b8c43d0d9cdc2b26ec9ef9222a0ee72057150b3e82699eae31b4fa5995fea,100000,42,cuda,QUEUED,models/FSWL/attempt_000/model.zip,checkpoints/FSWL/attempt_000,validation/FSWL/attempt_000.json,False
FTHM,Fateh Textile Mills Limited,ineligible,unsupported,unsupported:not_active_recently_traded,,,,,100000,42,cuda,INELIGIBLE,models/FTHM/attempt_000/model.zip,checkpoints/FTHM/attempt_000,validation/FTHM/attempt_000.json,False
FZCM,Fazal Cloth Mills Limited,eligible,eligible_trainable,canonical_mature_recurrent_contract,rl_recurrent_partition_v1,psx-4a-126450ec6355,single_symbol_env_v1,bd6a8d6258aa4b1cdb530340c569fa3becbf97c467214b8b69693b74536dabd4,100000,42,cuda,QUEUED,models/FZCM/attempt_000/model.zip,checkpoints/FZCM/attempt_000,validation/FZCM/attempt_000.json,False
GADT,Gadoon Textile Mills Limited,eligible,eligible_trainable,canonical_mature_recurrent_contract,rl_recurrent_partition_v1,psx-4a-126450ec6355,single_symbol_env_v1,a9509d4a7f122feb0c3227119111944d8a3ad87f53afc2ab9e5e9501a067cb93,100000,42,cuda,QUEUED,models/GADT/attempt_000/model.zip,checkpoints/GADT/attempt_000,validation/GADT/attempt_000.json,False
GAL,Ghandhara Automobiles Limited,eligible,eligible_trainable,canonical_mature_recurrent_contract,rl_recurrent_partition_v1,psx-4a-126450ec6355,single_symbol_env_v1,3df4b90a15732813e89ce73372c2b4f9dde20732ca6cbc916e038a0b38c77c5d,100000,42,cuda,QUEUED,models/GAL/attempt_000/model.zip,checkpoints/GAL/attempt_000,validation/GAL/attempt_000.json,False
GAMON,Gammon Pakistan Limited,eligible,eligible_trainable,canonical_mature_recurrent_contract,rl_recurrent_partition_v1,psx-4a-126450ec6355,single_symbol_env_v1,1b00e72c85eb52a91aec4f0f70325c23de76c6f35447d8cbc6f45ec997c7c0ab,100000,42,cuda,QUEUED,models/GAMON/attempt_000/model.zip,checkpoints/GAMON/attempt_000,validation/GAMON/attempt_000.json,False
GATI,Gatron (Industries) Limited,eligible,eligible_trainable,canonical_mature_recurrent_contract,rl_recurrent_partition_v1,psx-4a-126450ec6355,single_symbol_env_v1,bd35932eaeabf5ea6864c611fb2a8bd2a0a6b658e396da0cb2e87b24a748b0fd,100000,42,cuda,QUEUED,models/GATI/attempt_000/model.zip,checkpoints/GATI/attempt_000,validation/GATI/attempt_000.json,False
GATM,Gul Ahmed Textile Mills Limited,eligible,eligible_trainable,canonical_mature_recurrent_contract,rl_recurrent_partition_v1,psx-4a-126450ec6355,single_symbol_env_v1,62428f80e30089f21cc30df236a12f7872894f308eac6a6f7a56369a231f5e9a,100000,42,cuda,QUEUED,models/GATM/attempt_000/model.zip,checkpoints/GATM/attempt_000,validation/GATM/attempt_000.json,False
GCIL,Ghani Chemical Industries Limited,eligible,eligible_trainable,canonical_mature_recurrent_contract,rl_recurrent_partition_v1,psx-4a-126450ec6355,single_symbol_env_v1,6883a961b6559dfea8e342dad7e3a55cd2df940d3e6c692984c09970fcc0812b,100000,42,cuda,QUEUED,models/GCIL/attempt_000/model.zip,checkpoints/GCIL/attempt_000,validation/GCIL/attempt_000.json,False
GCWL,Ghani Chemworld Limited,eligible,eligible_trainable,canonical_mature_recurrent_contract,rl_recurrent_partition_v1,psx-4a-126450ec6355,single_symbol_env_v1,b06068d2afb27119fa6ea5dd20db344798cafcf857097f3879dbc34032c16668,100000,42,cuda,QUEUED,models/GCWL/attempt_000/model.zip,checkpoints/GCWL/attempt_000,validation/GCWL/attempt_000.json,False
GDL,Ghani Dairies Limited,ineligible,insufficient_data,insufficient_data:insufficient_usable_history,,,,,100000,42,cuda,INELIGIBLE,models/GDL/attempt_000/model.zip,checkpoints/GDL/attempt_000,validation/GDL/attempt_000.json,False
GEMMEL,Mughal Energy Limited(GEM),eligible,eligible_trainable,canonical_mature_recurrent_contract,rl_recurrent_train_partition_v2,canonical_symbol_features_v2,single_symbol_env_v1,a08d964ca836ed18aa1c460c01abfa805d66ca710cde9881bf6d6e03e1589d34,100000,42,cuda,QUEUED,models/GEMMEL/attempt_000/model.zip,checkpoints/GEMMEL/attempt_000,validation/GEMMEL/attempt_000.json,False
GEMNETS,Nets International Communication Limited,ineligible,insufficient_data,insufficient_data:insufficient_canonical_train_history_v2:90<126,,,,,100000,42,cuda,INELIGIBLE,models/GEMNETS/attempt_000/model.zip,checkpoints/GEMNETS/attempt_000,validation/GEMNETS/attempt_000.json,False
GEMPACRA,The Pakistan Credit Rating Agency Ltd,ineligible,insufficient_data,insufficient_data:insufficient_canonical_train_history_v2:80<126,,,,,100000,42,cuda,INELIGIBLE,models/GEMPACRA/attempt_000/model.zip,checkpoints/GEMPACRA/attempt_000,validation/GEMPACRA/attempt_000.json,False
GEMPAPL,Pak Agro Packaging Limited(GEM),eligible,eligible_trainable,canonical_mature_recurrent_contract,rl_recurrent_train_partition_v2,canonical_symbol_features_v2,single_symbol_env_v1,13229f247292c1cddd8ac18cc7e7c5b9e19e993171e3524b68ccf8a0c9e107d9,100000,42,cuda,QUEUED,models/GEMPAPL/attempt_000/model.zip,checkpoints/GEMPAPL/attempt_000,validation/GEMPAPL/attempt_000.json,False
GFIL,Ghazi Fabrics International Limited,eligible,eligible_trainable,canonical_mature_recurrent_contract,rl_recurrent_partition_v1,psx-4a-126450ec6355,single_symbol_env_v1,e878c1125bdd1e8161499e4add194177d2be1d35bdc0f46f65f2077dcc1d1122,100000,42,cuda,QUEUED,models/GFIL/attempt_000/model.zip,checkpoints/GFIL/attempt_000,validation/GFIL/attempt_000.json,False
GGGL,Ghani Global Glass Limited,eligible,eligible_trainable,canonical_mature_recurrent_contract,rl_recurrent_partition_v1,psx-4a-126450ec6355,single_symbol_env_v1,43711f17dd7eaa73f250bfa68954017e82e5adc51ecfd20b60951fea50ff3ef6,100000,42,cuda,QUEUED,models/GGGL/attempt_000/model.zip,checkpoints/GGGL/attempt_000,validation/GGGL/attempt_000.json,False
GGL,Ghani Global Holdings Limited,eligible,eligible_trainable,canonical_mature_recurrent_contract,rl_recurrent_partition_v1,psx-4a-126450ec6355,single_symbol_env_v1,71f8bbcd1af4e78d4714ee2de83558e566966b37abd874e138ab7435d7874fac,100000,42,cuda,QUEUED,models/GGL/attempt_000/model.zip,checkpoints/GGL/attempt_000,validation/GGL/attempt_000.json,False
GHGL,Ghani Glass Limited,eligible,eligible_trainable,canonical_mature_recurrent_contract,rl_recurrent_partition_v1,psx-4a-126450ec6355,single_symbol_env_v1,d70bcf33e97931fe4827b23aa16390cf19ab39836df30cf051ecd3ffa44ba6eb,100000,42,cuda,QUEUED,models/GHGL/attempt_000/model.zip,checkpoints/GHGL/attempt_000,validation/GHGL/attempt_000.json,False
GHNI,Ghandhara Industries Limited,eligible,eligible_trainable,canonical_mature_recurrent_contract,rl_recurrent_partition_v1,psx-4a-126450ec6355,single_symbol_env_v1,75208e881d772535928be7ef1b947a3fdfbba319e49c15eacb26887f4244af48,100000,42,cuda,QUEUED,models/GHNI/attempt_000/model.zip,checkpoints/GHNI/attempt_000,validation/GHNI/attempt_000.json,False
GIL,Good Luck Industries Ltd.,ineligible,unsupported,unsupported:not_active_recently_traded,,,,,100000,42,cuda,INELIGIBLE,models/GIL/attempt_000/model.zip,checkpoints/GIL/attempt_000,validation/GIL/attempt_000.json,False
GLAXO,GlaxoSmithKline Pakistan Limited,eligible,eligible_trainable,canonical_mature_recurrent_contract,rl_recurrent_partition_v1,psx-4a-126450ec6355,single_symbol_env_v1,98fb32316594be5f15de4d5b66fd0c750276ee3490367a1a0188e99e22dbc9dd,100000,42,cuda,QUEUED,models/GLAXO/attempt_000/model.zip,checkpoints/GLAXO/attempt_000,validation/GLAXO/attempt_000.json,False
GLOT,Globe Textile Mills Limited,ineligible,unsupported,unsupported:not_active_recently_traded,,,,,100000,42,cuda,INELIGIBLE,models/GLOT/attempt_000/model.zip,checkpoints/GLOT/attempt_000,validation/GLOT/attempt_000.json,False
GOC,GOC (Pak) Limited.,eligible,eligible_trainable,canonical_mature_recurrent_contract,rl_recurrent_partition_v1,psx-4a-126450ec6355,single_symbol_env_v1,623fd2a50a1bd95cccb22729a5592506b677200e834c1032246b9fe86d36f582,100000,42,cuda,QUEUED,models/GOC/attempt_000/model.zip,checkpoints/GOC/attempt_000,validation/GOC/attempt_000.json,False
GRYL,Grays Leasing Limited,eligible,eligible_trainable,canonical_mature_recurrent_contract,rl_recurrent_partition_v1,psx-4a-126450ec6355,single_symbol_env_v1,8ede4cdbf70a6b0432b217e9c4266e8a94761bf2cbdafccb3befc05d7f63bda8,100000,42,cuda,QUEUED,models/GRYL/attempt_000/model.zip,checkpoints/GRYL/attempt_000,validation/GRYL/attempt_000.json,False
GSPM,Gulshan Spinning Mills Limited,eligible,eligible_trainable,canonical_mature_recurrent_contract,rl_recurrent_partition_v1,psx-4a-126450ec6355,single_symbol_env_v1,69d489201ca271c629451c3acbc14d30a9e42be38f093b768790ee9a9cb6954a,100000,42,cuda,QUEUED,models/GSPM/attempt_000/model.zip,checkpoints/GSPM/attempt_000,validation/GSPM/attempt_000.json,False
GTYR,Ghandhara Tyre & Rubber Company Limited,eligible,eligible_trainable,canonical_mature_recurrent_contract,rl_recurrent_partition_v1,psx-4a-126450ec6355,single_symbol_env_v1,ec1a0ee406dfc327a16adb3131c899b9b27c9d6284a627df9ae85ab6ad7992cc,100000,42,cuda,QUEUED,models/GTYR/attempt_000/model.zip,checkpoints/GTYR/attempt_000,validation/GTYR/attempt_000.json,False
GUSM,Gulistan Spinning Mills Limited,eligible,eligible_trainable,canonical_mature_recurrent_contract,rl_recurrent_partition_v1,psx-4a-126450ec6355,single_symbol_env_v1,ca1f70ad16b8971f42d048dd8d74b77b31d25a5ea8ea8b0c224b0a2b65df2660,100000,42,cuda,QUEUED,models/GUSM/attempt_000/model.zip,checkpoints/GUSM/attempt_000,validation/GUSM/attempt_000.json,False
GUTM,Gulistan Textile Mills Limited,ineligible,unsupported,unsupported:not_active_recently_traded,,,,,100000,42,cuda,INELIGIBLE,models/GUTM/attempt_000/model.zip,checkpoints/GUTM/attempt_000,validation/GUTM/attempt_000.json,False
GVGL,Ghani Value Glass Limited,eligible,eligible_trainable,canonical_mature_recurrent_contract,rl_recurrent_partition_v1,psx-4a-126450ec6355,single_symbol_env_v1,c5f3c2c46252a67cb3ef426dfc78ef82b6eaf9040e4b42bfda40336c830aa29b,100000,42,cuda,QUEUED,models/GVGL/attempt_000/model.zip,checkpoints/GVGL/attempt_000,validation/GVGL/attempt_000.json,False
GWLC,Gharibwal Cement Limited,eligible,eligible_trainable,canonical_mature_recurrent_contract,rl_recurrent_partition_v1,psx-4a-126450ec6355,single_symbol_env_v1,46bff37969e86974ef04d66cf18361802534958c86524f0000098018b39e9c94,100000,42,cuda,QUEUED,models/GWLC/attempt_000/model.zip,checkpoints/GWLC/attempt_000,validation/GWLC/attempt_000.json,False
HABSM,Habib Sugar Mills Limited,eligible,eligible_trainable,canonical_mature_recurrent_contract,rl_recurrent_partition_v1,psx-4a-126450ec6355,single_symbol_env_v1,aaccc444dacdc322ce6bd2bf4e7e79af443c91771f11c32d15f7679cade0c10f,100000,42,cuda,QUEUED,models/HABSM/attempt_000/model.zip,checkpoints/HABSM/attempt_000,validation/HABSM/attempt_000.json,False
HADC,Haydari Construction Company Limited,ineligible,unsupported,unsupported:not_active_recently_traded,,,,,100000,42,cuda,INELIGIBLE,models/HADC/attempt_000/model.zip,checkpoints/HADC/attempt_000,validation/HADC/attempt_000.json,False
HAEL,Hala Enterprises Limited,eligible,eligible_trainable,canonical_mature_recurrent_contract,rl_recurrent_partition_v1,psx-4a-126450ec6355,single_symbol_env_v1,10fe10258fcd256322feb94f6c32d2b009e7bc5c6e4984cd2a47f2d9dbe42fa6,100000,42,cuda,QUEUED,models/HAEL/attempt_000/model.zip,checkpoints/HAEL/attempt_000,validation/HAEL/attempt_000.json,False
HAFL,Hafiz Limited,eligible,eligible_trainable,canonical_mature_recurrent_contract,rl_recurrent_partition_v1,psx-4a-126450ec6355,single_symbol_env_v1,2aa7fdf4f1e48e1b5e403dc03c303a03baaf523da66a181d1433506dc8fea74a,100000,42,cuda,QUEUED,models/HAFL/attempt_000/model.zip,checkpoints/HAFL/attempt_000,validation/HAFL/attempt_000.json,False
HAJT,Hajra Textile Mills Limited,ineligible,unsupported,unsupported:not_active_recently_traded,,,,,100000,42,cuda,INELIGIBLE,models/HAJT/attempt_000/model.zip,checkpoints/HAJT/attempt_000,validation/HAJT/attempt_000.json,False
HALEON,Haleon Pakistan Limited,eligible,eligible_trainable,canonical_mature_recurrent_contract,rl_recurrent_partition_v1,psx-4a-126450ec6355,single_symbol_env_v1,6feac84e8458cae30526938f75437735056c2ca423b04b6320718a478036b990,100000,42,cuda,QUEUED,models/HALEON/attempt_000/model.zip,checkpoints/HALEON/attempt_000,validation/HALEON/attempt_000.json,False
HASCOL,Hascol Petroleum Limited,eligible,eligible_trainable,canonical_mature_recurrent_contract,rl_recurrent_partition_v1,psx-4a-126450ec6355,single_symbol_env_v1,a815ae76b52b5998f763419428e9902429eb360a876aa469a82839bf2fdac752,100000,42,cuda,QUEUED,models/HASCOL/attempt_000/model.zip,checkpoints/HASCOL/attempt_000,validation/HASCOL/attempt_000.json,False
HATM,Hamid Textile Mills Limited,ineligible,unsupported,unsupported:not_active_recently_traded,,,,,100000,42,cuda,INELIGIBLE,models/HATM/attempt_000/model.zip,checkpoints/HATM/attempt_000,validation/HATM/attempt_000.json,False
HBL,Habib Bank Limited,eligible,eligible_trainable,canonical_mature_recurrent_contract,rl_recurrent_partition_v1,psx-4a-126450ec6355,single_symbol_env_v1,690681ae709ada10ffb0940412a6bd04e0d2a3a7e492d4dbbccb9dc5ec48f9f3,100000,42,cuda,QUEUED,models/HBL/attempt_000/model.zip,checkpoints/HBL/attempt_000,validation/HBL/attempt_000.json,False
HCAR,Honda Atlas Cars (Pakistan) Limited,eligible,eligible_trainable,canonical_mature_recurrent_contract,rl_recurrent_partition_v1,psx-4a-126450ec6355,single_symbol_env_v1,854e3a986fc6ba09d08c5ecd6747e4bfe85d18aea6b72048d0dd1ab899b37489,100000,42,cuda,QUEUED,models/HCAR/attempt_000/model.zip,checkpoints/HCAR/attempt_000,validation/HCAR/attempt_000.json,False
HICL,Habib Insurance Company Limited,eligible,eligible_trainable,canonical_mature_recurrent_contract,rl_recurrent_partition_v1,psx-4a-126450ec6355,single_symbol_env_v1,929e5a56b6a6172d1c32d3c7deecec432c230e65d0c6f8c4bb1630bf13d7669d,100000,42,cuda,QUEUED,models/HICL/attempt_000/model.zip,checkpoints/HICL/attempt_000,validation/HICL/attempt_000.json,False
HINO,Hinopak Motors Limited,eligible,eligible_trainable,canonical_mature_recurrent_contract,rl_recurrent_partition_v1,psx-4a-126450ec6355,single_symbol_env_v1,c503df7e862a5d1ecb46881a5e82699d5848a2e3249ef7d7aae6b43b4c1e9a05,100000,42,cuda,QUEUED,models/HINO/attempt_000/model.zip,checkpoints/HINO/attempt_000,validation/HINO/attempt_000.json,False
HINOON,Highnoon Laboratories Limited,eligible,eligible_trainable,canonical_mature_recurrent_contract,rl_recurrent_partition_v1,psx-4a-126450ec6355,single_symbol_env_v1,9de01b43d12bb8662a345c5f9a452bc60a9cec50694f46b3e0cb326b9a8674f6,100000,42,cuda,QUEUED,models/HINOON/attempt_000/model.zip,checkpoints/HINOON/attempt_000,validation/HINOON/attempt_000.json,False
HIRAT,Hira Textile Mills Limited,eligible,eligible_trainable,canonical_mature_recurrent_contract,rl_recurrent_partition_v1,psx-4a-126450ec6355,single_symbol_env_v1,d928076652d269c822cca0c35aaf5eea0676692cb39f2cad151aa687bd6465b1,100000,42,cuda,QUEUED,models/HIRAT/attempt_000/model.zip,checkpoints/HIRAT/attempt_000,validation/HIRAT/attempt_000.json,False
HKKT,Hakkim Textile Mills Limited,ineligible,unsupported,unsupported:not_active_recently_traded,,,,,100000,42,cuda,INELIGIBLE,models/HKKT/attempt_000/model.zip,checkpoints/HKKT/attempt_000,validation/HKKT/attempt_000.json,False
HMB,Habib Metropolitan Bank Limited,eligible,eligible_trainable,canonical_mature_recurrent_contract,rl_recurrent_partition_v1,psx-4a-126450ec6355,single_symbol_env_v1,aed07d465735392e77df5d66eb0ddbd4f8658ee0ba89038a696e15a8d4d4a53d,100000,42,cuda,QUEUED,models/HMB/attempt_000/model.zip,checkpoints/HMB/attempt_000,validation/HMB/attempt_000.json,False
HMIM,Haji Mohammad Ismail Mills Limited,ineligible,unsupported,unsupported:not_active_recently_traded,,,,,100000,42,cuda,INELIGIBLE,models/HMIM/attempt_000/model.zip,checkpoints/HMIM/attempt_000,validation/HMIM/attempt_000.json,False
HPL,Hoechst Pakistan Limited,eligible,eligible_trainable,canonical_mature_recurrent_contract,rl_recurrent_partition_v1,psx-4a-126450ec6355,single_symbol_env_v1,e2251e87cb24defe994abb6da291bcd64950755e42a272a0d4f9e0349ef31690,100000,42,cuda,QUEUED,models/HPL/attempt_000/model.zip,checkpoints/HPL/attempt_000,validation/HPL/attempt_000.json,False
HRPL,Habib Rice Product Limited.,eligible,eligible_trainable,canonical_mature_recurrent_contract,rl_recurrent_partition_v1,psx-4a-126450ec6355,single_symbol_env_v1,c05e6a6d9143b1a9a3cc4bfe568ee2902a0d7e4394df27fe61ee592cd1685865,100000,42,cuda,QUEUED,models/HRPL/attempt_000/model.zip,checkpoints/HRPL/attempt_000,validation/HRPL/attempt_000.json,False
HSPI,Huffaz Seamless Pipe Industries Limited,ineligible,unsupported,unsupported:not_active_recently_traded,,,,,100000,42,cuda,INELIGIBLE,models/HSPI/attempt_000/model.zip,checkpoints/HSPI/attempt_000,validation/HSPI/attempt_000.json,False
HTL,Hi-Tech Lubricants Limited,eligible,eligible_trainable,canonical_mature_recurrent_contract,rl_recurrent_partition_v1,psx-4a-126450ec6355,single_symbol_env_v1,123ad0d91e03fa719b786ded2403227b717552abf7753fdd08773a8814297c06,100000,42,cuda,QUEUED,models/HTL/attempt_000/model.zip,checkpoints/HTL/attempt_000,validation/HTL/attempt_000.json,False
HUBC,The Hub Power Company Limited,eligible,eligible_trainable,canonical_mature_recurrent_contract,rl_recurrent_partition_v1,psx-4a-126450ec6355,single_symbol_env_v1,8f3153eef3512e0f8ddb4b7e1578984b85196c76c8bdd6e3f7b82f23ebbb1998,100000,42,cuda,QUEUED,models/HUBC/attempt_000/model.zip,checkpoints/HUBC/attempt_000,validation/HUBC/attempt_000.json,False
HUMNL,Hum Network Limited,eligible,eligible_trainable,canonical_mature_recurrent_contract,rl_recurrent_partition_v1,psx-4a-126450ec6355,single_symbol_env_v1,8f92c733d89b4100373950e1d63de11f7490418f212fe74b082a5590de4489e5,100000,42,cuda,QUEUED,models/HUMNL/attempt_000/model.zip,checkpoints/HUMNL/attempt_000,validation/HUMNL/attempt_000.json,False
HUSI,Husein Industries Limited,eligible,eligible_trainable,canonical_mature_recurrent_contract,rl_recurrent_partition_v1,psx-4a-126450ec6355,single_symbol_env_v1,9966a4e4a82b3c54991e1b1e0d834a35ca8c310d157e74c30fcf38cd2ea7c490,100000,42,cuda,QUEUED,models/HUSI/attempt_000/model.zip,checkpoints/HUSI/attempt_000,validation/HUSI/attempt_000.json,False
HWQS,Haseeb Waqas Sugar Mills Limited,eligible,eligible_trainable,canonical_mature_recurrent_contract,rl_recurrent_partition_v1,psx-4a-126450ec6355,single_symbol_env_v1,4bf07cc7a27bf31639814901a4fd452fd99646f6c9087313a81829f1c576286c,100000,42,cuda,QUEUED,models/HWQS/attempt_000/model.zip,checkpoints/HWQS/attempt_000,validation/HWQS/attempt_000.json,False
IBFL,Ibrahim Fibres Limited,eligible,eligible_trainable,canonical_mature_recurrent_contract,rl_recurrent_partition_v1,psx-4a-126450ec6355,single_symbol_env_v1,67e7c0a2f0938afdd0745d325aeba7d6709fc35970b1059cf68be4a33dd24a2e,100000,42,cuda,QUEUED,models/IBFL/attempt_000/model.zip,checkpoints/IBFL/attempt_000,validation/IBFL/attempt_000.json,False
IBLHL,IBL HealthCare Limited,eligible,eligible_trainable,canonical_mature_recurrent_contract,rl_recurrent_partition_v1,psx-4a-126450ec6355,single_symbol_env_v1,ab66d0a3f3f62a12d1a39cd4dbe136ce9a5e48b7b259ee9c322cebc01e81970b,100000,42,cuda,QUEUED,models/IBLHL/attempt_000/model.zip,checkpoints/IBLHL/attempt_000,validation/IBLHL/attempt_000.json,False
ICCI,ICC Industries Limited,eligible,eligible_trainable,canonical_mature_recurrent_contract,rl_recurrent_partition_v1,psx-4a-126450ec6355,single_symbol_env_v1,43cc0bc8cba1aaab6719685f5fc113169b1af460d92161c4d8625702314b908d,100000,42,cuda,QUEUED,models/ICCI/attempt_000/model.zip,checkpoints/ICCI/attempt_000,validation/ICCI/attempt_000.json,False
ICIBL,Invest Capital Investment Bank Limited,eligible,eligible_trainable,canonical_mature_recurrent_contract,rl_recurrent_partition_v1,psx-4a-126450ec6355,single_symbol_env_v1,2bdaa2dbd2737fa4ac017c765f5264c0b8e68732239fd38ef47a93cfbc0944a1,100000,42,cuda,QUEUED,models/ICIBL/attempt_000/model.zip,checkpoints/ICIBL/attempt_000,validation/ICIBL/attempt_000.json,False
ICL,Ittehad Chemicals Limted,eligible,eligible_trainable,canonical_mature_recurrent_contract,rl_recurrent_partition_v1,psx-4a-126450ec6355,single_symbol_env_v1,7cee1fd1dc7ae41f5eb7bdcebba62208b271f76d7133cb8d0102892e3c25cb4c,100000,42,cuda,QUEUED,models/ICL/attempt_000/model.zip,checkpoints/ICL/attempt_000,validation/ICL/attempt_000.json,False
IDEAL,Ideal Dynamics Limited,eligible,eligible_trainable,canonical_mature_recurrent_contract,rl_recurrent_partition_v1,psx-4a-126450ec6355,single_symbol_env_v1,71ee9643761176e9faf32dd54f6272bdc645ae71177f7ab6f7f5d0233e54e011,100000,42,cuda,QUEUED,models/IDEAL/attempt_000/model.zip,checkpoints/IDEAL/attempt_000,validation/IDEAL/attempt_000.json,False
IDRT,Idrees Textile Mills Limited,eligible,eligible_trainable,canonical_mature_recurrent_contract,rl_recurrent_partition_v1,psx-4a-126450ec6355,single_symbol_env_v1,43e99fd33445ab314344d34ec787dbeca26fc2a660368c11ab9b282f7da0bb18,100000,42,cuda,QUEUED,models/IDRT/attempt_000/model.zip,checkpoints/IDRT/attempt_000,validation/IDRT/attempt_000.json,False
IDYM,Indus Dyeing & Manufacturing Co. Limited,eligible,eligible_trainable,canonical_mature_recurrent_contract,rl_recurrent_partition_v1,psx-4a-126450ec6355,single_symbol_env_v1,31bc700057e4b595afda5124ce4d83363e82ae503e82ee305eff1fa3224f177d,100000,42,cuda,QUEUED,models/IDYM/attempt_000/model.zip,checkpoints/IDYM/attempt_000,validation/IDYM/attempt_000.json,False
IGIHL,IGI Holdings Limited,eligible,eligible_trainable,canonical_mature_recurrent_contract,rl_recurrent_partition_v1,psx-4a-126450ec6355,single_symbol_env_v1,597e66ac2c8b25dcf2b9b168088093db76dff97042f60c5cf34ed1176c1c52db,100000,42,cuda,QUEUED,models/IGIHL/attempt_000/model.zip,checkpoints/IGIHL/attempt_000,validation/IGIHL/attempt_000.json,False
IGIL,IGI Life Insurance Limited,eligible,eligible_trainable,canonical_mature_recurrent_contract,rl_recurrent_partition_v1,psx-4a-126450ec6355,single_symbol_env_v1,04cb0e380d45b74514921584a3a90649859f4f9c42f4df408cabd796db1c6666,100000,42,cuda,QUEUED,models/IGIL/attempt_000/model.zip,checkpoints/IGIL/attempt_000,validation/IGIL/attempt_000.json,False
ILP,Interloop Limited,eligible,eligible_trainable,canonical_mature_recurrent_contract,rl_recurrent_partition_v1,psx-4a-126450ec6355,single_symbol_env_v1,da87954ebb71183a8082b1d7ce1a8d540f87a433cf6e55f2b24adbf5507da43b,100000,42,cuda,QUEUED,models/ILP/attempt_000/model.zip,checkpoints/ILP/attempt_000,validation/ILP/attempt_000.json,False
IMAGE,Image Pakistan Limited,eligible,eligible_trainable,canonical_mature_recurrent_contract,rl_recurrent_partition_v1,psx-4a-126450ec6355,single_symbol_env_v1,b08fef11f63d51dc520e654d35c6d5a9671b0d1afba4f7508a52c0d2ebb8452a,100000,42,cuda,QUEUED,models/IMAGE/attempt_000/model.zip,checkpoints/IMAGE/attempt_000,validation/IMAGE/attempt_000.json,False
IML,Imperial Limited,eligible,eligible_trainable,canonical_mature_recurrent_contract,rl_recurrent_partition_v1,psx-4a-126450ec6355,single_symbol_env_v1,f6358d6f82c9eaf07e2bf08b3402518f7f799257a9206af60e43522a3295f25c,100000,42,cuda,QUEUED,models/IML/attempt_000/model.zip,checkpoints/IML/attempt_000,validation/IML/attempt_000.json,False
IMS,Intermarket Securities Limited,eligible,eligible_trainable,canonical_mature_recurrent_contract,rl_recurrent_partition_v1,psx-4a-126450ec6355,single_symbol_env_v1,76153163ad562b625b4e13b50fb3084cd932a6d1cae1904dc6ccc947f267b62d,100000,42,cuda,QUEUED,models/IMS/attempt_000/model.zip,checkpoints/IMS/attempt_000,validation/IMS/attempt_000.json,False
INDU,Indus Motor Company Limited,eligible,eligible_trainable,canonical_mature_recurrent_contract,rl_recurrent_partition_v1,psx-4a-126450ec6355,single_symbol_env_v1,faacc240c17bc2bf7f156c457773d57b420260bc1067e7737ea32ff014e9dee4,100000,42,cuda,QUEUED,models/INDU/attempt_000/model.zip,checkpoints/INDU/attempt_000,validation/INDU/attempt_000.json,False
INIL,International Industries Limited,eligible,eligible_trainable,canonical_mature_recurrent_contract,rl_recurrent_partition_v1,psx-4a-126450ec6355,single_symbol_env_v1,a5c8e605b439851f0e49cf8f3c013f3e3f1a4132ecf09d6aca8fe603b32e8eec,100000,42,cuda,QUEUED,models/INIL/attempt_000/model.zip,checkpoints/INIL/attempt_000,validation/INIL/attempt_000.json,False
INKL,International Knitwear Limited,eligible,eligible_trainable,canonical_mature_recurrent_contract,rl_recurrent_partition_v1,psx-4a-126450ec6355,single_symbol_env_v1,b4594c1137b3e09e05dd7d6466224aa6c29722d62f9d8373d549b98ab7f1258a,100000,42,cuda,QUEUED,models/INKL/attempt_000/model.zip,checkpoints/INKL/attempt_000,validation/INKL/attempt_000.json,False
IPAK,International Packaging Films Limited,eligible,eligible_trainable,canonical_mature_recurrent_contract,rl_recurrent_partition_v1,psx-4a-126450ec6355,single_symbol_env_v1,bcf393b89e7c1fd1374d72f77677624f64841e54d912f8932f7749a7bcd68b3b,100000,42,cuda,QUEUED,models/IPAK/attempt_000/model.zip,checkpoints/IPAK/attempt_000,validation/IPAK/attempt_000.json,False
ISIL,Ismail Industries Limited,eligible,eligible_trainable,canonical_mature_recurrent_contract,rl_recurrent_partition_v1,psx-4a-126450ec6355,single_symbol_env_v1,ddace6fbad5c997fcffe617e8f2ab2a6b6ece5a96fe1cb64a2c9550e3b9b968e,100000,42,cuda,QUEUED,models/ISIL/attempt_000/model.zip,checkpoints/ISIL/attempt_000,validation/ISIL/attempt_000.json,False
ISL,International Steels Limited,eligible,eligible_trainable,canonical_mature_recurrent_contract,rl_recurrent_partition_v1,psx-4a-126450ec6355,single_symbol_env_v1,9541f4a8aa2c61a8d486189e36aac6dc8718e59b6fb8804a66f957ab8e50bc99,100000,42,cuda,QUEUED,models/ISL/attempt_000/model.zip,checkpoints/ISL/attempt_000,validation/ISL/attempt_000.json,False
ITANZ,Itanz Technologies Limited,ineligible,insufficient_data,insufficient_data:insufficient_usable_history,,,,,100000,42,cuda,INELIGIBLE,models/ITANZ/attempt_000/model.zip,checkpoints/ITANZ/attempt_000,validation/ITANZ/attempt_000.json,False
ITTEFAQ,Ittefaq Iron Industries Limited,eligible,eligible_trainable,canonical_mature_recurrent_contract,rl_recurrent_partition_v1,psx-4a-126450ec6355,single_symbol_env_v1,5a40de0408d9970fa8c5a8a14c108b257737173ce11c6c76a0eff79f42bfa3cb,100000,42,cuda,QUEUED,models/ITTEFAQ/attempt_000/model.zip,checkpoints/ITTEFAQ/attempt_000,validation/ITTEFAQ/attempt_000.json,False
JATM,J.A. Textile Mills Limited,eligible,eligible_trainable,canonical_mature_recurrent_contract,rl_recurrent_partition_v1,psx-4a-126450ec6355,single_symbol_env_v1,bce66bbed3676ee0f59628ae2908df16ec9723dd4e7e4372c1fb3652343b48d3,100000,42,cuda,QUEUED,models/JATM/attempt_000/model.zip,checkpoints/JATM/attempt_000,validation/JATM/attempt_000.json,False
JDMT,Janana De Malucho Textile Mills Limited,eligible,eligible_trainable,canonical_mature_recurrent_contract,rl_recurrent_partition_v1,psx-4a-126450ec6355,single_symbol_env_v1,aeba16189536955c22e6fe0cc857c2a54fc6f47231e3054a00afd16fe4f15240,100000,42,cuda,QUEUED,models/JDMT/attempt_000/model.zip,checkpoints/JDMT/attempt_000,validation/JDMT/attempt_000.json,False
JDWS,JDW Sugar Mills Limited,eligible,eligible_trainable,canonical_mature_recurrent_contract,rl_recurrent_partition_v1,psx-4a-126450ec6355,single_symbol_env_v1,76eff83657fa782b9ec3a3d8f6eb10e886ab2b43f4a48d3eb62c8c0ac10685ef,100000,42,cuda,QUEUED,models/JDWS/attempt_000/model.zip,checkpoints/JDWS/attempt_000,validation/JDWS/attempt_000.json,False
JGICL,Jubilee General Insurance Company Ltd.,eligible,eligible_trainable,canonical_mature_recurrent_contract,rl_recurrent_partition_v1,psx-4a-126450ec6355,single_symbol_env_v1,bb3857692bcc7410ea4eacf590b5134f23169d73db7a55d476863144a69ba002,100000,42,cuda,QUEUED,models/JGICL/attempt_000/model.zip,checkpoints/JGICL/attempt_000,validation/JGICL/attempt_000.json,False
JKSM,J.K. Spinning Mills Limited,eligible,eligible_trainable,canonical_mature_recurrent_contract,rl_recurrent_partition_v1,psx-4a-126450ec6355,single_symbol_env_v1,102966ecea88b6f49382f48f7145107a7e8e25b4fb8da794bbcaedde547d4b6e,100000,42,cuda,QUEUED,models/JKSM/attempt_000/model.zip,checkpoints/JKSM/attempt_000,validation/JKSM/attempt_000.json,False
JLICL,Jubilee Life Insurance Company Limited,eligible,eligible_trainable,canonical_mature_recurrent_contract,rl_recurrent_partition_v1,psx-4a-126450ec6355,single_symbol_env_v1,ed4869c2f847601305b03abb4b50410cc17bfd8c7c616fdb62afb547d0ebaebb,100000,42,cuda,QUEUED,models/JLICL/attempt_000/model.zip,checkpoints/JLICL/attempt_000,validation/JLICL/attempt_000.json,False
JSBL,JS Bank Limited,eligible,eligible_trainable,canonical_mature_recurrent_contract,rl_recurrent_partition_v1,psx-4a-126450ec6355,single_symbol_env_v1,fb4c86f208357308eea9698152a3b7dcea99e9dfc1690a350b15234c29026b87,100000,42,cuda,QUEUED,models/JSBL/attempt_000/model.zip,checkpoints/JSBL/attempt_000,validation/JSBL/attempt_000.json,False
JSCL,Jahangir Siddiqui & Co. Ltd.,eligible,eligible_trainable,canonical_mature_recurrent_contract,rl_recurrent_partition_v1,psx-4a-126450ec6355,single_symbol_env_v1,281757aabf46ca57b6afe11c17634e473d3b03030fbf5ac1b25b3633c03fb249,100000,42,cuda,QUEUED,models/JSCL/attempt_000/model.zip,checkpoints/JSCL/attempt_000,validation/JSCL/attempt_000.json,False
JSGCL,JS Global Capital Limited,eligible,eligible_trainable,canonical_mature_recurrent_contract,rl_recurrent_partition_v1,psx-4a-126450ec6355,single_symbol_env_v1,13d4984ddabb3d220d7febac583c17b56c95ac573f3c678b5ac309f303e46fa6,100000,42,cuda,QUEUED,models/JSGCL/attempt_000/model.zip,checkpoints/JSGCL/attempt_000,validation/JSGCL/attempt_000.json,False
JSIL,JS Investments Limited,eligible,eligible_trainable,canonical_mature_recurrent_contract,rl_recurrent_partition_v1,psx-4a-126450ec6355,single_symbol_env_v1,873eeccef21b792008567bac1bf2a5c933adfe89c7206b61655a8914ab44dee4,100000,42,cuda,QUEUED,models/JSIL/attempt_000/model.zip,checkpoints/JSIL/attempt_000,validation/JSIL/attempt_000.json,False
JSML,Jauharabad Sugar Mills Limited,eligible,eligible_trainable,canonical_mature_recurrent_contract,rl_recurrent_partition_v1,psx-4a-126450ec6355,single_symbol_env_v1,845fe8a75f810870f66e84efce45e09e1ff186dc27ebe3c797b568a7ed0e5ac1,100000,42,cuda,QUEUED,models/JSML/attempt_000/model.zip,checkpoints/JSML/attempt_000,validation/JSML/attempt_000.json,False
JUBS,Jubilee Spinning & Weaving Mills Ltd.,eligible,eligible_trainable,canonical_mature_recurrent_contract,rl_recurrent_partition_v1,psx-4a-126450ec6355,single_symbol_env_v1,d50bbe88dc2d605fb03379f7f5a773e778388f55b0a2f1e50a00a2ed8abc784b,100000,42,cuda,QUEUED,models/JUBS/attempt_000/model.zip,checkpoints/JUBS/attempt_000,validation/JUBS/attempt_000.json,False
JVDC,Javedan Corporation Limited,eligible,eligible_trainable,canonical_mature_recurrent_contract,rl_recurrent_partition_v1,psx-4a-126450ec6355,single_symbol_env_v1,80ff29617d57668d9e45d99edae0bd7cac94c02cdb804909e77f88ce8a864ed8,100000,42,cuda,QUEUED,models/JVDC/attempt_000/model.zip,checkpoints/JVDC/attempt_000,validation/JVDC/attempt_000.json,False
KAKL,Kaiser Arts & Krafts Limited,ineligible,unsupported,unsupported:not_active_recently_traded,,,,,100000,42,cuda,INELIGIBLE,models/KAKL/attempt_000/model.zip,checkpoints/KAKL/attempt_000,validation/KAKL/attempt_000.json,False
KAPCO,Kot Addu Power Company Limited,eligible,eligible_trainable,canonical_mature_recurrent_contract,rl_recurrent_partition_v1,psx-4a-126450ec6355,single_symbol_env_v1,915f782261dc453951a5f13f70d2488a9be1535fea7986f9e92bf2aef1e66823,100000,42,cuda,QUEUED,models/KAPCO/attempt_000/model.zip,checkpoints/KAPCO/attempt_000,validation/KAPCO/attempt_000.json,False
KCL,Karam Ceramics Limited,eligible,eligible_trainable,canonical_mature_recurrent_contract,rl_recurrent_partition_v1,psx-4a-126450ec6355,single_symbol_env_v1,622167e892a595282be008106b12a511446169f5ef11faab22b9b27c3a6f33c8,100000,42,cuda,QUEUED,models/KCL/attempt_000/model.zip,checkpoints/KCL/attempt_000,validation/KCL/attempt_000.json,False
KEL,K-Electric Limited,eligible,eligible_trainable,canonical_mature_recurrent_contract,rl_recurrent_partition_v1,psx-4a-126450ec6355,single_symbol_env_v1,2586899aa18731bc114688887dd060d3213975e895d061b4490fc308b3be0cf6,100000,42,cuda,QUEUED,models/KEL/attempt_000/model.zip,checkpoints/KEL/attempt_000,validation/KEL/attempt_000.json,False
KHTC,Khyber Tobacco Company Limited,eligible,eligible_trainable,canonical_mature_recurrent_contract,rl_recurrent_partition_v1,psx-4a-126450ec6355,single_symbol_env_v1,04c5a88e86f57b03b372011fc5ff3b1bc7e65ec5e4a347380d745525d3213682,100000,42,cuda,QUEUED,models/KHTC/attempt_000/model.zip,checkpoints/KHTC/attempt_000,validation/KHTC/attempt_000.json,False
KHYT,Khyber Textile Mills Limited,eligible,eligible_trainable,canonical_mature_recurrent_contract,rl_recurrent_partition_v1,psx-4a-126450ec6355,single_symbol_env_v1,dc8fcd15f2c42e2a12419365ff705d3d298f8206ee67b8371965986e2177ace9,100000,42,cuda,QUEUED,models/KHYT/attempt_000/model.zip,checkpoints/KHYT/attempt_000,validation/KHYT/attempt_000.json,False
KML,Kohinoor Mills Limited,eligible,eligible_trainable,canonical_mature_recurrent_contract,rl_recurrent_partition_v1,psx-4a-126450ec6355,single_symbol_env_v1,64346e2586beef23252679a95ea6dbb39f764dfe32c25633276244654aedd9fa,100000,42,cuda,QUEUED,models/KML/attempt_000/model.zip,checkpoints/KML/attempt_000,validation/KML/attempt_000.json,False
KOHC,Kohat Cement Company Limited,eligible,eligible_trainable,canonical_mature_recurrent_contract,rl_recurrent_partition_v1,psx-4a-126450ec6355,single_symbol_env_v1,d1512d2b9d760032b1d95364916856919aae04a4e97bcdcea5cd3264eb61f515,100000,42,cuda,QUEUED,models/KOHC/attempt_000/model.zip,checkpoints/KOHC/attempt_000,validation/KOHC/attempt_000.json,False
KOHE,Kohinoor Energy Limited,eligible,eligible_trainable,canonical_mature_recurrent_contract,rl_recurrent_partition_v1,psx-4a-126450ec6355,single_symbol_env_v1,769a47a1f2803b327c501004c515ee97c2b53f7e6703b5e9d0fdbd416f2b9591,100000,42,cuda,QUEUED,models/KOHE/attempt_000/model.zip,checkpoints/KOHE/attempt_000,validation/KOHE/attempt_000.json,False
KOHP,Kohinoor Power Company Limited,eligible,eligible_trainable,canonical_mature_recurrent_contract,rl_recurrent_partition_v1,psx-4a-126450ec6355,single_symbol_env_v1,fa0247f600c6eb70eee891f49d10d7690bbeb93e0db8a7fb3ffd9f1505e60a3b,100000,42,cuda,QUEUED,models/KOHP/attempt_000/model.zip,checkpoints/KOHP/attempt_000,validation/KOHP/attempt_000.json,False
KOHTM,Kohat Textile Mills Limited,eligible,eligible_trainable,canonical_mature_recurrent_contract,rl_recurrent_partition_v1,psx-4a-126450ec6355,single_symbol_env_v1,b6e65824cd79b859943e196ed3fbc892bf5d560db41c8178f9e7712678fcf5d3,100000,42,cuda,QUEUED,models/KOHTM/attempt_000/model.zip,checkpoints/KOHTM/attempt_000,validation/KOHTM/attempt_000.json,False
KOIL,Kohinoor Industries Limited,eligible,eligible_trainable,canonical_mature_recurrent_contract,rl_recurrent_partition_v1,psx-4a-126450ec6355,single_symbol_env_v1,0e731f7b8dac44101e35d4fad9d3f9e9f0f2314abcc8d4eb80856bccf5105258,100000,42,cuda,QUEUED,models/KOIL/attempt_000/model.zip,checkpoints/KOIL/attempt_000,validation/KOIL/attempt_000.json,False
KOSM,Kohinoor Spinning Mills Limited,eligible,eligible_trainable,canonical_mature_recurrent_contract,rl_recurrent_partition_v1,psx-4a-126450ec6355,single_symbol_env_v1,852598dff218868ac609ff241fe66f3f5b745ac93ef2a7c3204a008a73f39ec8,100000,42,cuda,QUEUED,models/KOSM/attempt_000/model.zip,checkpoints/KOSM/attempt_000,validation/KOSM/attempt_000.json,False
KPUS,Khairpur Sugar Mills Limited,eligible,eligible_trainable,canonical_mature_recurrent_contract,rl_recurrent_partition_v1,psx-4a-126450ec6355,single_symbol_env_v1,9647381be7dc43f1bc2fd01512a9935c55e958d5a7b1f762f69a538f5047e042,100000,42,cuda,QUEUED,models/KPUS/attempt_000/model.zip,checkpoints/KPUS/attempt_000,validation/KPUS/attempt_000.json,False
KSBP,KSB Pumps Company Limited,eligible,eligible_trainable,canonical_mature_recurrent_contract,rl_recurrent_partition_v1,psx-4a-126450ec6355,single_symbol_env_v1,2c9546a244b0bca12d3479d87fcc59339886c0971c00d606598112c7270425d3,100000,42,cuda,QUEUED,models/KSBP/attempt_000/model.zip,checkpoints/KSBP/attempt_000,validation/KSBP/attempt_000.json,False
KSTM,Khalid Siraj Textile Mills Limited,eligible,eligible_trainable,canonical_mature_recurrent_contract,rl_recurrent_partition_v1,psx-4a-126450ec6355,single_symbol_env_v1,35bce33e3a372f565085b4f48aa5a6ba5499e873292e6dc6cbf1a4b604b62f79,100000,42,cuda,QUEUED,models/KSTM/attempt_000/model.zip,checkpoints/KSTM/attempt_000,validation/KSTM/attempt_000.json,False
KTML,Kohinoor Textile Mills Limited,eligible,eligible_trainable,canonical_mature_recurrent_contract,rl_recurrent_partition_v1,psx-4a-126450ec6355,single_symbol_env_v1,5ee7472492aa008c2c62c1e915c8de6dc70c15ea907a29af84dfc31748a63916,100000,42,cuda,QUEUED,models/KTML/attempt_000/model.zip,checkpoints/KTML/attempt_000,validation/KTML/attempt_000.json,False
LCI,Lucky Core Industries Limited,eligible,eligible_trainable,canonical_mature_recurrent_contract,rl_recurrent_partition_v1,psx-4a-126450ec6355,single_symbol_env_v1,5986b290ffaf1b6abccd31a98872f9e8b68fc47d6b5dd58816b17e6dea7789bb,100000,42,cuda,QUEUED,models/LCI/attempt_000/model.zip,checkpoints/LCI/attempt_000,validation/LCI/attempt_000.json,False
LEUL,Leather Up Limited,eligible,eligible_trainable,canonical_mature_recurrent_contract,rl_recurrent_partition_v1,psx-4a-126450ec6355,single_symbol_env_v1,0c89c8d88928383bfbbf144ac45db9a91065ab37b200e045cea6faf59181eea8,100000,42,cuda,QUEUED,models/LEUL/attempt_000/model.zip,checkpoints/LEUL/attempt_000,validation/LEUL/attempt_000.json,False
LIVEN,Liven Pharma Limited,eligible,eligible_trainable,canonical_mature_recurrent_contract,rl_recurrent_partition_v1,psx-4a-126450ec6355,single_symbol_env_v1,571b2adcf253215db076c3638e0221d720542d2ad4f395804f4fae67c15e95c8,100000,42,cuda,QUEUED,models/LIVEN/attempt_000/model.zip,checkpoints/LIVEN/attempt_000,validation/LIVEN/attempt_000.json,False
LOADS,Loads Limited,eligible,eligible_trainable,canonical_mature_recurrent_contract,rl_recurrent_partition_v1,psx-4a-126450ec6355,single_symbol_env_v1,900e43b58292d65f158bcc3cfcf4f0d6e9f45b8b9e102689e1de3e14e5ce3167,100000,42,cuda,QUEUED,models/LOADS/attempt_000/model.zip,checkpoints/LOADS/attempt_000,validation/LOADS/attempt_000.json,False
LOTCHEM,Lotte Chemical Pakistan Limited,eligible,eligible_trainable,canonical_mature_recurrent_contract,rl_recurrent_partition_v1,psx-4a-126450ec6355,single_symbol_env_v1,1dad206002b1bc61c2c7d5088e403ede2115966295dfca9475c4a692bcf507c1,100000,42,cuda,QUEUED,models/LOTCHEM/attempt_000/model.zip,checkpoints/LOTCHEM/attempt_000,validation/LOTCHEM/attempt_000.json,False
LPGL,Leiner Pak Gelatine Limited,eligible,eligible_trainable,canonical_mature_recurrent_contract,rl_recurrent_partition_v1,psx-4a-126450ec6355,single_symbol_env_v1,02768e52d74401ffef5fb8d5a0db5bd6231ce8f9c1f707756caa78af17aed4dc,100000,42,cuda,QUEUED,models/LPGL/attempt_000/model.zip,checkpoints/LPGL/attempt_000,validation/LPGL/attempt_000.json,False
LPL,Lalpir Power Limited,eligible,eligible_trainable,canonical_mature_recurrent_contract,rl_recurrent_partition_v1,psx-4a-126450ec6355,single_symbol_env_v1,36fab92557365faee859ac94c7d89063af5c57b2de6c34869553daa62beee88f,100000,42,cuda,QUEUED,models/LPL/attempt_000/model.zip,checkpoints/LPL/attempt_000,validation/LPL/attempt_000.json,False
LSECL,LSE Capital Limited.,eligible,eligible_trainable,canonical_mature_recurrent_contract,rl_recurrent_partition_v1,psx-4a-126450ec6355,single_symbol_env_v1,0f7d922b0e17a5db8feb50dabe6c8cd985b803ce679a948582611f86a25a2fc7,100000,42,cuda,QUEUED,models/LSECL/attempt_000/model.zip,checkpoints/LSECL/attempt_000,validation/LSECL/attempt_000.json,False
LSEFSL,LSE Financial Services Limited.,eligible,eligible_trainable,canonical_mature_recurrent_contract,rl_recurrent_partition_v1,psx-4a-126450ec6355,single_symbol_env_v1,6b44632a9140cec1bd74b54c33d33efd25cfb68684b6bb3aac61bad593ec9ddf,100000,42,cuda,QUEUED,models/LSEFSL/attempt_000/model.zip,checkpoints/LSEFSL/attempt_000,validation/LSEFSL/attempt_000.json,False
LSEVL,LSE Ventures Limited,eligible,eligible_trainable,canonical_mature_recurrent_contract,rl_recurrent_partition_v1,psx-4a-126450ec6355,single_symbol_env_v1,e206954ca3bd4c8a31c00c1eb8525f782a0465223e78607d0e503c9d29211a17,100000,42,cuda,QUEUED,models/LSEVL/attempt_000/model.zip,checkpoints/LSEVL/attempt_000,validation/LSEVL/attempt_000.json,False
LUCK,Lucky Cement Limited,eligible,eligible_trainable,canonical_mature_recurrent_contract,rl_recurrent_partition_v1,psx-4a-126450ec6355,single_symbol_env_v1,9d085aedbd024bd0301ba6ad6f328cb06f69dd14789fc833917c4464c7f7e69b,100000,42,cuda,QUEUED,models/LUCK/attempt_000/model.zip,checkpoints/LUCK/attempt_000,validation/LUCK/attempt_000.json,False
MACFL,MACPAC Films Limited,eligible,eligible_trainable,canonical_mature_recurrent_contract,rl_recurrent_partition_v1,psx-4a-126450ec6355,single_symbol_env_v1,787dc4b84b194234ac159468e9b41b13d84cfaff6698a1347825a244a6bb5cf8,100000,42,cuda,QUEUED,models/MACFL/attempt_000/model.zip,checkpoints/MACFL/attempt_000,validation/MACFL/attempt_000.json,False
MACTER,Macter International Limited,eligible,eligible_trainable,canonical_mature_recurrent_contract,rl_recurrent_partition_v1,psx-4a-126450ec6355,single_symbol_env_v1,b15c67f62ef68bbff76bbfebf58a60c949ce4a42372481da27e6e98ac4a5ba72,100000,42,cuda,QUEUED,models/MACTER/attempt_000/model.zip,checkpoints/MACTER/attempt_000,validation/MACTER/attempt_000.json,False
MARI,Mari Energies Limited,eligible,eligible_trainable,canonical_mature_recurrent_contract,rl_recurrent_partition_v1,psx-4a-126450ec6355,single_symbol_env_v1,e9958576e821e85302687bc577688020f1adf7b16d2c856dd4cd6e2e4d35f6c2,100000,42,cuda,QUEUED,models/MARI/attempt_000/model.zip,checkpoints/MARI/attempt_000,validation/MARI/attempt_000.json,False
MCB,MCB Bank Limited,eligible,eligible_trainable,canonical_mature_recurrent_contract,rl_recurrent_partition_v1,psx-4a-126450ec6355,single_symbol_env_v1,c4b281ee6d627c5a2c5fbc70dd9f9512f3a5f00734a5f2569ef978ae0b16f0b0,100000,42,cuda,QUEUED,models/MCB/attempt_000/model.zip,checkpoints/MCB/attempt_000,validation/MCB/attempt_000.json,False
MCBIM,MCB Investment Management Limited.,eligible,eligible_trainable,canonical_mature_recurrent_contract,rl_recurrent_partition_v1,psx-4a-126450ec6355,single_symbol_env_v1,9b0b8c85e9bce49c633b9ba4d4fa6377a995ecd8eaf383bcb426f51b78fac142,100000,42,cuda,QUEUED,models/MCBIM/attempt_000/model.zip,checkpoints/MCBIM/attempt_000,validation/MCBIM/attempt_000.json,False
MDTL,Media Times Limited,eligible,eligible_trainable,canonical_mature_recurrent_contract,rl_recurrent_partition_v1,psx-4a-126450ec6355,single_symbol_env_v1,64698020faf7c326bb33b7c47463209c04c73b42b67e8341d80d86645e00ded7,100000,42,cuda,QUEUED,models/MDTL/attempt_000/model.zip,checkpoints/MDTL/attempt_000,validation/MDTL/attempt_000.json,False
MEBL,Meezan Bank Limited,eligible,eligible_trainable,canonical_mature_recurrent_contract,rl_recurrent_partition_v1,psx-4a-126450ec6355,single_symbol_env_v1,7209ea5e6b8c4230bb98d50b2da59de33d7521ee708540badd700272b3c4e3f7,100000,42,cuda,QUEUED,models/MEBL/attempt_000/model.zip,checkpoints/MEBL/attempt_000,validation/MEBL/attempt_000.json,False
MEHT,Mehmood Textile Mills Limited,eligible,eligible_trainable,canonical_mature_recurrent_contract,rl_recurrent_partition_v1,psx-4a-126450ec6355,single_symbol_env_v1,8bfe4a68f2e6b3f92b7273b53747341a54488217e0d1deaff9966e0dd9f94611,100000,42,cuda,QUEUED,models/MEHT/attempt_000/model.zip,checkpoints/MEHT/attempt_000,validation/MEHT/attempt_000.json,False
MERIT,Merit Packaging Limited,eligible,eligible_trainable,canonical_mature_recurrent_contract,rl_recurrent_partition_v1,psx-4a-126450ec6355,single_symbol_env_v1,ddb5ddbb6aa1c96c76e7ee41f3dc5e9a4dba42f29dacfce1cf4b7f4f4ca4a925,100000,42,cuda,QUEUED,models/MERIT/attempt_000/model.zip,checkpoints/MERIT/attempt_000,validation/MERIT/attempt_000.json,False
MFFL,Mitchells Fruit Farms Limited,eligible,eligible_trainable,canonical_mature_recurrent_contract,rl_recurrent_partition_v1,psx-4a-126450ec6355,single_symbol_env_v1,47555b176c1fa9977cef443d6cb75923f9da376d0d2cb9be8d2f6ac18adf2201,100000,42,cuda,QUEUED,models/MFFL/attempt_000/model.zip,checkpoints/MFFL/attempt_000,validation/MFFL/attempt_000.json,False
MFL,Matco Foods Limited,eligible,eligible_trainable,canonical_mature_recurrent_contract,rl_recurrent_partition_v1,psx-4a-126450ec6355,single_symbol_env_v1,6f8995b440e4151479e51b07cbb11aac06fea864a9bee60485ca45156a16372a,100000,42,cuda,QUEUED,models/MFL/attempt_000/model.zip,checkpoints/MFL/attempt_000,validation/MFL/attempt_000.json,False
MFTM,Mohammad Farooq Textile Mills Limited,ineligible,unsupported,unsupported:not_active_recently_traded,,,,,100000,42,cuda,INELIGIBLE,models/MFTM/attempt_000/model.zip,checkpoints/MFTM/attempt_000,validation/MFTM/attempt_000.json,False
MIRKS,Mirpurkhas Sugar Mills Limited,eligible,eligible_trainable,canonical_mature_recurrent_contract,rl_recurrent_partition_v1,psx-4a-126450ec6355,single_symbol_env_v1,a33304df62be00db1ca757f6a359d75d78600a1ed2a9bb884a2f8ee163b781e2,100000,42,cuda,QUEUED,models/MIRKS/attempt_000/model.zip,checkpoints/MIRKS/attempt_000,validation/MIRKS/attempt_000.json,False
MLCF,Maple Leaf Cement Factory Limited,eligible,eligible_trainable,canonical_mature_recurrent_contract,rl_recurrent_partition_v1,psx-4a-126450ec6355,single_symbol_env_v1,1c442e714fcf2594d440d4d0bcd3993ef7e5ee5300fb013ff436dba8989015d1,100000,42,cuda,QUEUED,models/MLCF/attempt_000/model.zip,checkpoints/MLCF/attempt_000,validation/MLCF/attempt_000.json,False
MOHE,Mohib Exports Limited,ineligible,unsupported,unsupported:not_active_recently_traded,,,,,100000,42,cuda,INELIGIBLE,models/MOHE/attempt_000/model.zip,checkpoints/MOHE/attempt_000,validation/MOHE/attempt_000.json,False
MQTM,Maqbool Textile Mills Limited,eligible,eligible_trainable,canonical_mature_recurrent_contract,rl_recurrent_partition_v1,psx-4a-126450ec6355,single_symbol_env_v1,f2262b8c26aa3f3645ab0276a5f4ccf695fb65e94dfa84effafa317f7752db2e,100000,42,cuda,QUEUED,models/MQTM/attempt_000/model.zip,checkpoints/MQTM/attempt_000,validation/MQTM/attempt_000.json,False
MRNS,Mehran Sugar Mills Limited,eligible,eligible_trainable,canonical_mature_recurrent_contract,rl_recurrent_partition_v1,psx-4a-126450ec6355,single_symbol_env_v1,d1c9e9a09564d00f2c67485ac662117b260c18f78a1cf4071091ead82359d272,100000,42,cuda,QUEUED,models/MRNS/attempt_000/model.zip,checkpoints/MRNS/attempt_000,validation/MRNS/attempt_000.json,False
MSCL,Metropolitan Steel Corporation Limited,eligible,eligible_trainable,canonical_mature_recurrent_contract,rl_recurrent_partition_v1,psx-4a-126450ec6355,single_symbol_env_v1,3ece3f7ad88c1a6c92c949d3cf9ef5ec3f3f7d76fdb112cfc1335bd6c5658533,100000,42,cuda,QUEUED,models/MSCL/attempt_000/model.zip,checkpoints/MSCL/attempt_000,validation/MSCL/attempt_000.json,False
MSOT,Masood Textile Mills Limited,eligible,eligible_trainable,canonical_mature_recurrent_contract,rl_recurrent_partition_v1,psx-4a-126450ec6355,single_symbol_env_v1,69018420b98a9b261cf28ebe9586b33cdad9b3c0924c49968f7a4b8c9f915fd0,100000,42,cuda,QUEUED,models/MSOT/attempt_000/model.zip,checkpoints/MSOT/attempt_000,validation/MSOT/attempt_000.json,False
MTL,Millat Tractors Limited,eligible,eligible_trainable,canonical_mature_recurrent_contract,rl_recurrent_partition_v1,psx-4a-126450ec6355,single_symbol_env_v1,1ce81f6232a2f780db7d86f2d44a1e8aa8aed49f5ab9e32fe7d60232abfca83f,100000,42,cuda,QUEUED,models/MTL/attempt_000/model.zip,checkpoints/MTL/attempt_000,validation/MTL/attempt_000.json,False
MUBT,Mubarak Textile Mills Limited,ineligible,unsupported,unsupported:not_active_recently_traded,,,,,100000,42,cuda,INELIGIBLE,models/MUBT/attempt_000/model.zip,checkpoints/MUBT/attempt_000,validation/MUBT/attempt_000.json,False
MUGHAL,Mughal Iron & Steel Industries Limited,eligible,eligible_trainable,canonical_mature_recurrent_contract,rl_recurrent_partition_v1,psx-4a-126450ec6355,single_symbol_env_v1,1d0cc6d3e74e178c9403279bc05c090c035756395494f65154e036fe65c6b0d1,100000,42,cuda,QUEUED,models/MUGHAL/attempt_000/model.zip,checkpoints/MUGHAL/attempt_000,validation/MUGHAL/attempt_000.json,False
MUGHALC,Mughal Iron & Steel Industries Ltd(C),eligible,eligible_trainable,canonical_mature_recurrent_contract,rl_recurrent_train_partition_v2,canonical_symbol_features_v2,single_symbol_env_v1,98071899b3a6660db70a52cc295a03dff68661421e766fe16bcb432ee4ec5e27,100000,42,cuda,QUEUED,models/MUGHALC/attempt_000/model.zip,checkpoints/MUGHALC/attempt_000,validation/MUGHALC/attempt_000.json,False
MUREB,Murree Brewery Company Limited,eligible,eligible_trainable,canonical_mature_recurrent_contract,rl_recurrent_partition_v1,psx-4a-126450ec6355,single_symbol_env_v1,8d938b2a6d507f026e5445f4eaca17c72adb8a8b20400ed4ad4c659a1f6bb87e,100000,42,cuda,QUEUED,models/MUREB/attempt_000/model.zip,checkpoints/MUREB/attempt_000,validation/MUREB/attempt_000.json,False
MWMP,Mandviwala Mauser Plastic Industries,eligible,eligible_trainable,canonical_mature_recurrent_contract,rl_recurrent_partition_v1,psx-4a-126450ec6355,single_symbol_env_v1,bc7fc582041e1790604eb03b9782ebbd3a32cc85a628ed149a53b5f785a891bd,100000,42,cuda,QUEUED,models/MWMP/attempt_000/model.zip,checkpoints/MWMP/attempt_000,validation/MWMP/attempt_000.json,False
NAFL,National Fibres Limited,ineligible,unsupported,unsupported:not_active_recently_traded,,,,,100000,42,cuda,INELIGIBLE,models/NAFL/attempt_000/model.zip,checkpoints/NAFL/attempt_000,validation/NAFL/attempt_000.json,False
NAGC,Nagina Cotton Mills Limited,eligible,eligible_trainable,canonical_mature_recurrent_contract,rl_recurrent_partition_v1,psx-4a-126450ec6355,single_symbol_env_v1,e82af59d83f72a8fb2ada0e8fa9d0f73bdfaea164b98afcfd43b7c97a1cb855c,100000,42,cuda,QUEUED,models/NAGC/attempt_000/model.zip,checkpoints/NAGC/attempt_000,validation/NAGC/attempt_000.json,False
NATF,National Foods Limited,eligible,eligible_trainable,canonical_mature_recurrent_contract,rl_recurrent_partition_v1,psx-4a-126450ec6355,single_symbol_env_v1,02ac8a45cdeb98e0fb98fff2c92585b8e0dc25cb47203aa683826992677e683e,100000,42,cuda,QUEUED,models/NATF/attempt_000/model.zip,checkpoints/NATF/attempt_000,validation/NATF/attempt_000.json,False
NATM,Nadeem Textile Mills Limited,ineligible,insufficient_data,insufficient_data:insufficient_usable_history,,,,,100000,42,cuda,INELIGIBLE,models/NATM/attempt_000/model.zip,checkpoints/NATM/attempt_000,validation/NATM/attempt_000.json,False
NBP,National Bank of Pakistan,eligible,eligible_trainable,canonical_mature_recurrent_contract,rl_recurrent_partition_v1,psx-4a-126450ec6355,single_symbol_env_v1,035a4d4646ef86d78173b5631371952c604150f46d3b14af5d87aaf2d47db60a,100000,42,cuda,QUEUED,models/NBP/attempt_000/model.zip,checkpoints/NBP/attempt_000,validation/NBP/attempt_000.json,False
NCL,Nishat Chunian Limited,eligible,eligible_trainable,canonical_mature_recurrent_contract,rl_recurrent_partition_v1,psx-4a-126450ec6355,single_symbol_env_v1,8fb6b45632394ae86cb60bdbe430628a7c7c231237adcbd473ff64e98a2dede2,100000,42,cuda,QUEUED,models/NCL/attempt_000/model.zip,checkpoints/NCL/attempt_000,validation/NCL/attempt_000.json,False
NCML,Nazir Cotton Mills Limited,eligible,eligible_trainable,canonical_mature_recurrent_contract,rl_recurrent_partition_v1,psx-4a-126450ec6355,single_symbol_env_v1,15cfcdc93b6ba70a602c745d1b4b1c72ab250503d2b2a4956b2625dc9d3516c3,100000,42,cuda,QUEUED,models/NCML/attempt_000/model.zip,checkpoints/NCML/attempt_000,validation/NCML/attempt_000.json,False
NCPL,Nishat Chunian Power Limited,eligible,eligible_trainable,canonical_mature_recurrent_contract,rl_recurrent_partition_v1,psx-4a-126450ec6355,single_symbol_env_v1,32b319abe99bb6c62cde086e552181e62f30130f838fcc086399213f77ad79dd,100000,42,cuda,QUEUED,models/NCPL/attempt_000/model.zip,checkpoints/NCPL/attempt_000,validation/NCPL/attempt_000.json,False
NESTLE,Nestle Pakistan Limited,eligible,eligible_trainable,canonical_mature_recurrent_contract,rl_recurrent_partition_v1,psx-4a-126450ec6355,single_symbol_env_v1,195298f1e2f711f4d24cce99e9670bca442d723064905ff538b175d764659efb,100000,42,cuda,QUEUED,models/NESTLE/attempt_000/model.zip,checkpoints/NESTLE/attempt_000,validation/NESTLE/attempt_000.json,False
NETSOL,NetSol Technologies Limited,eligible,eligible_trainable,canonical_mature_recurrent_contract,rl_recurrent_partition_v1,psx-4a-126450ec6355,single_symbol_env_v1,4937dce3041f523623283e2c4b8c70d352803a05c82483844df9a3f1740e9bee,100000,42,cuda,QUEUED,models/NETSOL/attempt_000/model.zip,checkpoints/NETSOL/attempt_000,validation/NETSOL/attempt_000.json,False
NEXT,Next Capital Limited,eligible,eligible_trainable,canonical_mature_recurrent_contract,rl_recurrent_partition_v1,psx-4a-126450ec6355,single_symbol_env_v1,75dd2da60867c62da0effd28d8684da221504d04f28d0a49b98492c20d206ac2,100000,42,cuda,QUEUED,models/NEXT/attempt_000/model.zip,checkpoints/NEXT/attempt_000,validation/NEXT/attempt_000.json,False
NICL,Nimir Industrial Chemicals Limited,eligible,eligible_trainable,canonical_mature_recurrent_contract,rl_recurrent_partition_v1,psx-4a-126450ec6355,single_symbol_env_v1,42341d4b9cc0332921f6ba5765d4fd25c1187c06502f50ccd53eab3cb6bc2773,100000,42,cuda,QUEUED,models/NICL/attempt_000/model.zip,checkpoints/NICL/attempt_000,validation/NICL/attempt_000.json,False
NINA,Nina Industries Limited,ineligible,unsupported,unsupported:not_active_recently_traded,,,,,100000,42,cuda,INELIGIBLE,models/NINA/attempt_000/model.zip,checkpoints/NINA/attempt_000,validation/NINA/attempt_000.json,False
NMFL,Nirala MSR Foods Limited,ineligible,unsupported,unsupported:not_active_recently_traded,,,,,100000,42,cuda,INELIGIBLE,models/NMFL/attempt_000/model.zip,checkpoints/NMFL/attempt_000,validation/NMFL/attempt_000.json,False
NML,Nishat Mills Limited,eligible,eligible_trainable,canonical_mature_recurrent_contract,rl_recurrent_partition_v1,psx-4a-126450ec6355,single_symbol_env_v1,58e7d694447c5005bf5c83f194dba94add53f41a4cb14601e918da5798719ecd,100000,42,cuda,QUEUED,models/NML/attempt_000/model.zip,checkpoints/NML/attempt_000,validation/NML/attempt_000.json,False
NONS,Noon Sugar Mills Limited,eligible,eligible_trainable,canonical_mature_recurrent_contract,rl_recurrent_partition_v1,psx-4a-126450ec6355,single_symbol_env_v1,7e26ccb9c40c40a2198a45406ad6f75ad301df476c67a68b91f725fedb4dc121,100000,42,cuda,QUEUED,models/NONS/attempt_000/model.zip,checkpoints/NONS/attempt_000,validation/NONS/attempt_000.json,False
NPL,Nishat Power Limited,eligible,eligible_trainable,canonical_mature_recurrent_contract,rl_recurrent_partition_v1,psx-4a-126450ec6355,single_symbol_env_v1,d3cb8e4683a9f8b9ef0ef5ec12086b78c92737800cd274eac62dd5a53df70bdf,100000,42,cuda,QUEUED,models/NPL/attempt_000/model.zip,checkpoints/NPL/attempt_000,validation/NPL/attempt_000.json,False
NRL,National Refinery Limited,eligible,eligible_trainable,canonical_mature_recurrent_contract,rl_recurrent_partition_v1,psx-4a-126450ec6355,single_symbol_env_v1,6592966c068af5c87757102f4ad9ceaa33c24cfc0aff16ef646bc7533a60fa9f,100000,42,cuda,QUEUED,models/NRL/attempt_000/model.zip,checkpoints/NRL/attempt_000,validation/NRL/attempt_000.json,False
NRSL,Nimir Resins Limited,eligible,eligible_trainable,canonical_mature_recurrent_contract,rl_recurrent_partition_v1,psx-4a-126450ec6355,single_symbol_env_v1,6f35024ff5127fc47ef0eeca437f5f34400c107b640bcc4769e33eaf24e9735e,100000,42,cuda,QUEUED,models/NRSL/attempt_000/model.zip,checkpoints/NRSL/attempt_000,validation/NRSL/attempt_000.json,False
NSRM,The National Silk & Rayon Mills Limited,eligible,eligible_trainable,canonical_mature_recurrent_contract,rl_recurrent_partition_v1,psx-4a-126450ec6355,single_symbol_env_v1,cbf7b674a48f8e736aee369444529e5616ba81fc46a0a2f4f1201bda47a4f9d1,100000,42,cuda,QUEUED,models/NSRM/attempt_000/model.zip,checkpoints/NSRM/attempt_000,validation/NSRM/attempt_000.json,False
OBOY,Oilboy Energy Limited,eligible,eligible_trainable,canonical_mature_recurrent_contract,rl_recurrent_partition_v1,psx-4a-126450ec6355,single_symbol_env_v1,752a3a291f92222a6cda28499b54564fb801fbc32c4f19096151f68a9b65f2e9,100000,42,cuda,QUEUED,models/OBOY/attempt_000/model.zip,checkpoints/OBOY/attempt_000,validation/OBOY/attempt_000.json,False
OCTOPUS,Octopus Digital Limited,eligible,eligible_trainable,canonical_mature_recurrent_contract,rl_recurrent_partition_v1,psx-4a-126450ec6355,single_symbol_env_v1,725c50451478214d3330b5e3a2f091d5f74f7b69f5f7557d4f7a4a7773f0c81d,100000,42,cuda,QUEUED,models/OCTOPUS/attempt_000/model.zip,checkpoints/OCTOPUS/attempt_000,validation/OCTOPUS/attempt_000.json,False
OGDC,Oil & Gas Development Company Limited,eligible,eligible_trainable,canonical_mature_recurrent_contract,rl_recurrent_partition_v1,psx-4a-126450ec6355,single_symbol_env_v1,7c964762209bf75651511b27e758977d44d062529121a2a25f4a6aecd76beb86,100000,42,cuda,QUEUED,models/OGDC/attempt_000/model.zip,checkpoints/OGDC/attempt_000,validation/OGDC/attempt_000.json,False
OLPL,OLP Financial Services Pakistan Limited,eligible,eligible_trainable,canonical_mature_recurrent_contract,rl_recurrent_partition_v1,psx-4a-126450ec6355,single_symbol_env_v1,340107ed989ce0909bda2efac353372eec4dd55da3022c7a2ec049fd044eaa0f,100000,42,cuda,QUEUED,models/OLPL/attempt_000/model.zip,checkpoints/OLPL/attempt_000,validation/OLPL/attempt_000.json,False
OML,Olympia Mills Limited,eligible,eligible_trainable,canonical_mature_recurrent_contract,rl_recurrent_partition_v1,psx-4a-126450ec6355,single_symbol_env_v1,bc7ba035c1e1e654ad57f392ca327f81f8b63b0f7e392eb00189da316660cc05,100000,42,cuda,QUEUED,models/OML/attempt_000/model.zip,checkpoints/OML/attempt_000,validation/OML/attempt_000.json,False
OTSU,Otsuka Pakistan Limited,eligible,eligible_trainable,canonical_mature_recurrent_contract,rl_recurrent_partition_v1,psx-4a-126450ec6355,single_symbol_env_v1,2ebc4dbba7cf550d0ace5d25eb0f835d33a2320924b6207f541b19e58424557c,100000,42,cuda,QUEUED,models/OTSU/attempt_000/model.zip,checkpoints/OTSU/attempt_000,validation/OTSU/attempt_000.json,False
PABC,Pakistan Aluminium Beverage Cans Limited,eligible,eligible_trainable,canonical_mature_recurrent_contract,rl_recurrent_partition_v1,psx-4a-126450ec6355,single_symbol_env_v1,811b491ded68433d06af146b79bd3a2442c2edf63e177252b4d8ddf3295d7924,100000,42,cuda,QUEUED,models/PABC/attempt_000/model.zip,checkpoints/PABC/attempt_000,validation/PABC/attempt_000.json,False
PACE,Pace (Pakistan) Limited,eligible,eligible_trainable,canonical_mature_recurrent_contract,rl_recurrent_partition_v1,psx-4a-126450ec6355,single_symbol_env_v1,5a1f9645769e9eaa7628d165152ccf0bd69a13026f7b5090cbf4f28cef68b61d,100000,42,cuda,QUEUED,models/PACE/attempt_000/model.zip,checkpoints/PACE/attempt_000,validation/PACE/attempt_000.json,False
PAEL,Pak Elektron Limited,eligible,eligible_trainable,canonical_mature_recurrent_contract,rl_recurrent_partition_v1,psx-4a-126450ec6355,single_symbol_env_v1,95361f2fd10af5db84035566244fba3163dc4c176a0c1ccf5699f46cbb8969e6,100000,42,cuda,QUEUED,models/PAEL/attempt_000/model.zip,checkpoints/PAEL/attempt_000,validation/PAEL/attempt_000.json,False
PAKD,Pak Datacom Limited,eligible,eligible_trainable,canonical_mature_recurrent_contract,rl_recurrent_partition_v1,psx-4a-126450ec6355,single_symbol_env_v1,9117ffca817f4bc029dd8b5b1e2c7074e212b9036849dbb63bdbbd1d9425797d,100000,42,cuda,QUEUED,models/PAKD/attempt_000/model.zip,checkpoints/PAKD/attempt_000,validation/PAKD/attempt_000.json,False
PAKL,Pak Leather Crafts Limited,eligible,eligible_trainable,canonical_mature_recurrent_contract,rl_recurrent_partition_v1,psx-4a-126450ec6355,single_symbol_env_v1,e6de013e37325809197c62558d5e52409fca732bda3383e93f65ad51ee4d0987,100000,42,cuda,QUEUED,models/PAKL/attempt_000/model.zip,checkpoints/PAKL/attempt_000,validation/PAKL/attempt_000.json,False
PAKOXY,Pakistan Oxygen Limited,eligible,eligible_trainable,canonical_mature_recurrent_contract,rl_recurrent_partition_v1,psx-4a-126450ec6355,single_symbol_env_v1,f428f0b26716209521724892fcdd2eebcac295b831b90c6f107dfd0e239652b4,100000,42,cuda,QUEUED,models/PAKOXY/attempt_000/model.zip,checkpoints/PAKOXY/attempt_000,validation/PAKOXY/attempt_000.json,False
PAKQATAR,Pak Qatar Family Takaful Limited,ineligible,insufficient_data,insufficient_data:cold_start_not_independent_training,,,,,100000,42,cuda,INELIGIBLE,models/PAKQATAR/attempt_000/model.zip,checkpoints/PAKQATAR/attempt_000,validation/PAKQATAR/attempt_000.json,False
PAKRI,Pakistan Reinsurance Company Limited,eligible,eligible_trainable,canonical_mature_recurrent_contract,rl_recurrent_partition_v1,psx-4a-126450ec6355,single_symbol_env_v1,b9f3dbfc1c2db8ce16c225c8afdd6e883a0533a5c66a449f3fe46f47c89d29ef,100000,42,cuda,QUEUED,models/PAKRI/attempt_000/model.zip,checkpoints/PAKRI/attempt_000,validation/PAKRI/attempt_000.json,False
PAKT,Pakistan Tobacco Company Limited,eligible,eligible_trainable,canonical_mature_recurrent_contract,rl_recurrent_partition_v1,psx-4a-126450ec6355,single_symbol_env_v1,1f9a81b52bce200f2904d20b5396c120ec2a17a44f0c45486c142b391e696ce8,100000,42,cuda,QUEUED,models/PAKT/attempt_000/model.zip,checkpoints/PAKT/attempt_000,validation/PAKT/attempt_000.json,False
PASL,Pervez Ahmed Consultancy Services Ltd.,eligible,eligible_trainable,canonical_mature_recurrent_contract,rl_recurrent_partition_v1,psx-4a-126450ec6355,single_symbol_env_v1,bbdce58caf00cedf9b751b44045b46ad608ada9ca17e1a6cac64b5e30d9f1ec1,100000,42,cuda,QUEUED,models/PASL/attempt_000/model.zip,checkpoints/PASL/attempt_000,validation/PASL/attempt_000.json,False
PASM,Paramount Spinning Mills Limited,eligible,eligible_trainable,canonical_mature_recurrent_contract,rl_recurrent_partition_v1,psx-4a-126450ec6355,single_symbol_env_v1,7ee4699ac7e5fedc00bd32a8be4d172bbeb1a9f4b136738b85690db4c0882ef1,100000,42,cuda,QUEUED,models/PASM/attempt_000/model.zip,checkpoints/PASM/attempt_000,validation/PASM/attempt_000.json,False
PCAL,Pakistan Cables Limited,eligible,eligible_trainable,canonical_mature_recurrent_contract,rl_recurrent_partition_v1,psx-4a-126450ec6355,single_symbol_env_v1,431f7da6ccc3b13ce4b7d9aa8b5af4e680861858bef7ea596fd936e20f03a251,100000,42,cuda,QUEUED,models/PCAL/attempt_000/model.zip,checkpoints/PCAL/attempt_000,validation/PCAL/attempt_000.json,False
PECO,Pakistan Engineering Company Limited,eligible,eligible_trainable,canonical_mature_recurrent_contract,rl_recurrent_partition_v1,psx-4a-126450ec6355,single_symbol_env_v1,9780b7adf5fe1d2d664491c596c7d1c9a30db454473f6229b503ded9119c0b9f,100000,42,cuda,QUEUED,models/PECO/attempt_000/model.zip,checkpoints/PECO/attempt_000,validation/PECO/attempt_000.json,False
PGLC,Pak-Gulf Leasing Company Limited,eligible,eligible_trainable,canonical_mature_recurrent_contract,rl_recurrent_partition_v1,psx-4a-126450ec6355,single_symbol_env_v1,88fe24176660054004feb0668354ddbcb4bef966547a7ce65fecea9ae217055c,100000,42,cuda,QUEUED,models/PGLC/attempt_000/model.zip,checkpoints/PGLC/attempt_000,validation/PGLC/attempt_000.json,False
PHDL,Pakistan Hotels Developers Limited,ineligible,unsupported,unsupported:not_active_recently_traded,,,,,100000,42,cuda,INELIGIBLE,models/PHDL/attempt_000/model.zip,checkpoints/PHDL/attempt_000,validation/PHDL/attempt_000.json,False
PIAHCLA,PIA Holding Company Limited,eligible,eligible_trainable,canonical_mature_recurrent_contract,rl_recurrent_partition_v1,psx-4a-126450ec6355,single_symbol_env_v1,180f7b787a300d12cb1fbed15956d667e0e1bf87ebedd83c8960bd7a0565d7bb,100000,42,cuda,QUEUED,models/PIAHCLA/attempt_000/model.zip,checkpoints/PIAHCLA/attempt_000,validation/PIAHCLA/attempt_000.json,False
PIAHCLB,PIA Holding Company LimitedB,eligible,eligible_trainable,canonical_mature_recurrent_contract,rl_recurrent_partition_v1,psx-4a-126450ec6355,single_symbol_env_v1,466a9b209382319c2f164d767e481a079d393ec7cd3eeb51160bf7ba06aff8c5,100000,42,cuda,QUEUED,models/PIAHCLB/attempt_000/model.zip,checkpoints/PIAHCLB/attempt_000,validation/PIAHCLB/attempt_000.json,False
PIBTL,Pakistan International Bulk Terminal,eligible,eligible_trainable,canonical_mature_recurrent_contract,rl_recurrent_partition_v1,psx-4a-126450ec6355,single_symbol_env_v1,010af63dbf8ebc470f5e4701959267ebc4f6f67146a26a925c7251046de670de,100000,42,cuda,QUEUED,models/PIBTL/attempt_000/model.zip,checkpoints/PIBTL/attempt_000,validation/PIBTL/attempt_000.json,False
PICL,Pakistan Industrial & Commercial Leasing,ineligible,unsupported,unsupported:not_active_recently_traded,,,,,100000,42,cuda,INELIGIBLE,models/PICL/attempt_000/model.zip,checkpoints/PICL/attempt_000,validation/PICL/attempt_000.json,False
PICT,Pakistan International Container,eligible,eligible_trainable,canonical_mature_recurrent_contract,rl_recurrent_partition_v1,psx-4a-126450ec6355,single_symbol_env_v1,16b2e7430f6ec4adea0999110329c0253a22d97fd89b17dc6ed643cd84bd3dcc,100000,42,cuda,QUEUED,models/PICT/attempt_000/model.zip,checkpoints/PICT/attempt_000,validation/PICT/attempt_000.json,False
PIL,PICIC Insurance Limited,eligible,eligible_trainable,canonical_mature_recurrent_contract,rl_recurrent_partition_v1,psx-4a-126450ec6355,single_symbol_env_v1,386df8213957bd9d86a656933fb3e584b1dcdf074a4d5378137548bde2eac41d,100000,42,cuda,QUEUED,models/PIL/attempt_000/model.zip,checkpoints/PIL/attempt_000,validation/PIL/attempt_000.json,False
PINL,Premier Insurance Limited,eligible,eligible_trainable,canonical_mature_recurrent_contract,rl_recurrent_partition_v1,psx-4a-126450ec6355,single_symbol_env_v1,da037bf3664891a0910d02de47a577f3c3d7f1af124ed4c237ba6f0de0ffa50f,100000,42,cuda,QUEUED,models/PINL/attempt_000/model.zip,checkpoints/PINL/attempt_000,validation/PINL/attempt_000.json,False
PIOC,Pioneer Cement Limited,eligible,eligible_trainable,canonical_mature_recurrent_contract,rl_recurrent_partition_v1,psx-4a-126450ec6355,single_symbol_env_v1,480c2e5f3151c1cc6ad48585ee95da52dcbf6698f78ef579033c2f4ec9c58b75,100000,42,cuda,QUEUED,models/PIOC/attempt_000/model.zip,checkpoints/PIOC/attempt_000,validation/PIOC/attempt_000.json,False
PKGI,The Pakistan General Insurance Co. Ltd.,eligible,eligible_trainable,canonical_mature_recurrent_contract,rl_recurrent_partition_v1,psx-4a-126450ec6355,single_symbol_env_v1,a3ba8670778a08023ab6c4e4c945d7964a4c60ac62c5030d71c333b128ca9a6d,100000,42,cuda,QUEUED,models/PKGI/attempt_000/model.zip,checkpoints/PKGI/attempt_000,validation/PKGI/attempt_000.json,False
PKGP,Pakgen Power Limited,eligible,eligible_trainable,canonical_mature_recurrent_contract,rl_recurrent_partition_v1,psx-4a-126450ec6355,single_symbol_env_v1,e41bd06c8206217884aa6ce21147f45192251296bcc1333986ef488bad0b5480,100000,42,cuda,QUEUED,models/PKGP/attempt_000/model.zip,checkpoints/PKGP/attempt_000,validation/PKGP/attempt_000.json,False
PKGS,Packages Limited,eligible,eligible_trainable,canonical_mature_recurrent_contract,rl_recurrent_partition_v1,psx-4a-126450ec6355,single_symbol_env_v1,e4cef5964712fc08af67d4976a0a680a6227f02e2168e7818ebc8b1633d17b14,100000,42,cuda,QUEUED,models/PKGS/attempt_000/model.zip,checkpoints/PKGS/attempt_000,validation/PKGS/attempt_000.json,False
PMRS,The Premier Sugar Mills,eligible,eligible_trainable,canonical_mature_recurrent_contract,rl_recurrent_partition_v1,psx-4a-126450ec6355,single_symbol_env_v1,ed7d1f62d4b40adedde6fe6e305875b59637b21ea2c4cb4b32e777f4aebfe64a,100000,42,cuda,QUEUED,models/PMRS/attempt_000/model.zip,checkpoints/PMRS/attempt_000,validation/PMRS/attempt_000.json,False
PNSC,Pakistan National Shipping Corporation,eligible,eligible_trainable,canonical_mature_recurrent_contract,rl_recurrent_partition_v1,psx-4a-126450ec6355,single_symbol_env_v1,ab660ac3084a7ea027b01ce00bfb05a6f8f4743120a28eb87492fca2c830aaed,100000,42,cuda,QUEUED,models/PNSC/attempt_000/model.zip,checkpoints/PNSC/attempt_000,validation/PNSC/attempt_000.json,False
POL,Pakistan Oilfields Limited,eligible,eligible_trainable,canonical_mature_recurrent_contract,rl_recurrent_partition_v1,psx-4a-126450ec6355,single_symbol_env_v1,b4e07b66237e04cd54122689c24cb45ab738097500a375a7522a6d9e4c9673ff,100000,42,cuda,QUEUED,models/POL/attempt_000/model.zip,checkpoints/POL/attempt_000,validation/POL/attempt_000.json,False
POML,Punjab Oil Mills Limited,eligible,eligible_trainable,canonical_mature_recurrent_contract,rl_recurrent_partition_v1,psx-4a-126450ec6355,single_symbol_env_v1,9e590f6b0c332b347fa15e9efaeec0786c46f20e89360e66d93c3382a143d830,100000,42,cuda,QUEUED,models/POML/attempt_000/model.zip,checkpoints/POML/attempt_000,validation/POML/attempt_000.json,False
POWER,Power Cement Limited,eligible,eligible_trainable,canonical_mature_recurrent_contract,rl_recurrent_partition_v1,psx-4a-126450ec6355,single_symbol_env_v1,a266f292dbfdd09e7975325592814d398390cd8234eac0bef35b27b34d3295de,100000,42,cuda,QUEUED,models/POWER/attempt_000/model.zip,checkpoints/POWER/attempt_000,validation/POWER/attempt_000.json,False
PPL,Pakistan Petroleum Limited,eligible,eligible_trainable,canonical_mature_recurrent_contract,rl_recurrent_partition_v1,psx-4a-126450ec6355,single_symbol_env_v1,5ee2619ca7e5d4ef1efcb19a8c5780bd7bdd401da024a689ba1cf09324322210,100000,42,cuda,QUEUED,models/PPL/attempt_000/model.zip,checkpoints/PPL/attempt_000,validation/PPL/attempt_000.json,False
PPP,Pakistan Paper Products Limited,eligible,eligible_trainable,canonical_mature_recurrent_contract,rl_recurrent_partition_v1,psx-4a-126450ec6355,single_symbol_env_v1,a583b12d4f5146da766ba8c089d6e740488ee4dd24950effc4851e93340f8a0f,100000,42,cuda,QUEUED,models/PPP/attempt_000/model.zip,checkpoints/PPP/attempt_000,validation/PPP/attempt_000.json,False
PPVC,Pakistan PVC Limited,eligible,eligible_trainable,canonical_mature_recurrent_contract,rl_recurrent_partition_v1,psx-4a-126450ec6355,single_symbol_env_v1,104bcdc28c871a94c2641458807da5ef8a763df112efbdb5d7c5b452429c431e,100000,42,cuda,QUEUED,models/PPVC/attempt_000/model.zip,checkpoints/PPVC/attempt_000,validation/PPVC/attempt_000.json,False
PQGTL,Pak Qatar General Takaful Limited,ineligible,insufficient_data,insufficient_data:insufficient_usable_history,,,,,100000,42,cuda,INELIGIBLE,models/PQGTL/attempt_000/model.zip,checkpoints/PQGTL/attempt_000,validation/PQGTL/attempt_000.json,False
PREMA,At-Tahur Limited,eligible,eligible_trainable,canonical_mature_recurrent_contract,rl_recurrent_partition_v1,psx-4a-126450ec6355,single_symbol_env_v1,58cb1908267a3eed116187f229e096436e0a907efc62935f5df472fd846bab2e,100000,42,cuda,QUEUED,models/PREMA/attempt_000/model.zip,checkpoints/PREMA/attempt_000,validation/PREMA/attempt_000.json,False
PRET,Premium Textile Mills Limited,eligible,eligible_trainable,canonical_mature_recurrent_contract,rl_recurrent_partition_v1,psx-4a-126450ec6355,single_symbol_env_v1,846609394d17aba599658d9ba33b485766697e4fedb2798c288742d01c5f4e13,100000,42,cuda,QUEUED,models/PRET/attempt_000/model.zip,checkpoints/PRET/attempt_000,validation/PRET/attempt_000.json,False
PRIB,Prudential Investment Bank Limited,ineligible,unsupported,unsupported:not_active_recently_traded,,,,,100000,42,cuda,INELIGIBLE,models/PRIB/attempt_000/model.zip,checkpoints/PRIB/attempt_000,validation/PRIB/attempt_000.json,False
PRIC,Progressive Insurance Company Limited,ineligible,unsupported,unsupported:not_active_recently_traded,,,,,100000,42,cuda,INELIGIBLE,models/PRIC/attempt_000/model.zip,checkpoints/PRIC/attempt_000,validation/PRIC/attempt_000.json,False
PRL,Pakistan Refinery Limited,eligible,eligible_trainable,canonical_mature_recurrent_contract,rl_recurrent_partition_v1,psx-4a-126450ec6355,single_symbol_env_v1,c12591c0b2b6825889358d3b313fe22ccd94f7daa734d0cdb6c94f930107acd8,100000,42,cuda,QUEUED,models/PRL/attempt_000/model.zip,checkpoints/PRL/attempt_000,validation/PRL/attempt_000.json,False
PRWM,Prosperity Weaving Mills Limited,eligible,eligible_trainable,canonical_mature_recurrent_contract,rl_recurrent_partition_v1,psx-4a-126450ec6355,single_symbol_env_v1,8ed2a66a4f3cde85f010966db32d2a170fb8b0697eb51e39ca75b3367a9c3599,100000,42,cuda,QUEUED,models/PRWM/attempt_000/model.zip,checkpoints/PRWM/attempt_000,validation/PRWM/attempt_000.json,False
PSEL,Pakistan Services Limited,eligible,eligible_trainable,canonical_mature_recurrent_contract,rl_recurrent_partition_v1,psx-4a-126450ec6355,single_symbol_env_v1,216b7d130d379b3419e57bf064c5b0755542029dd8166382c1540baa8993dbf9,100000,42,cuda,QUEUED,models/PSEL/attempt_000/model.zip,checkpoints/PSEL/attempt_000,validation/PSEL/attempt_000.json,False
PSO,Pakistan State Oil Company Limited,eligible,eligible_trainable,canonical_mature_recurrent_contract,rl_recurrent_partition_v1,psx-4a-126450ec6355,single_symbol_env_v1,ff30ad64faf3ccb6c1ee37027e972c67d1bf164f6e6ebd7f620e0f61098ace1b,100000,42,cuda,QUEUED,models/PSO/attempt_000/model.zip,checkpoints/PSO/attempt_000,validation/PSO/attempt_000.json,False
PSX,Pakistan Stock Exchange Limited,eligible,eligible_trainable,canonical_mature_recurrent_contract,rl_recurrent_partition_v1,psx-4a-126450ec6355,single_symbol_env_v1,1fbc9acc0541a5a6d179751c956aae968b2c9b9d91ddcaa0f8e9a4979b230913,100000,42,cuda,QUEUED,models/PSX/attempt_000/model.zip,checkpoints/PSX/attempt_000,validation/PSX/attempt_000.json,False
PSYL,Pakistan Synthetics Limited,eligible,eligible_trainable,canonical_mature_recurrent_contract,rl_recurrent_partition_v1,psx-4a-126450ec6355,single_symbol_env_v1,b98240b3bef22967335665dd51c6e6fa3db9775ab2fed57f8f2098bcc412f744,100000,42,cuda,QUEUED,models/PSYL/attempt_000/model.zip,checkpoints/PSYL/attempt_000,validation/PSYL/attempt_000.json,False
PTC,Pakistan Telecommunication Company Ltd,eligible,eligible_trainable,canonical_mature_recurrent_contract,rl_recurrent_partition_v1,psx-4a-126450ec6355,single_symbol_env_v1,2e0fd5b499f9354651fb368b2e145d12026d495a30890975122870135e951fdf,100000,42,cuda,QUEUED,models/PTC/attempt_000/model.zip,checkpoints/PTC/attempt_000,validation/PTC/attempt_000.json,False
PTL,Panther Tyres Ltd.,eligible,eligible_trainable,canonical_mature_recurrent_contract,rl_recurrent_partition_v1,psx-4a-126450ec6355,single_symbol_env_v1,9e506d4e4970acde7ff613d27d5dd68bfe891942ef1219c12c4f65f42ffdeb60,100000,42,cuda,QUEUED,models/PTL/attempt_000/model.zip,checkpoints/PTL/attempt_000,validation/PTL/attempt_000.json,False
QTECH,Quantum Data Technologies Limited,eligible,eligible_trainable,canonical_mature_recurrent_contract,rl_recurrent_partition_v1,psx-4a-126450ec6355,single_symbol_env_v1,ea2fc6ef92774d0a69e713853a8f4e132ad8ff44188a7991c415952fed6a6b21,100000,42,cuda,QUEUED,models/QTECH/attempt_000/model.zip,checkpoints/QTECH/attempt_000,validation/QTECH/attempt_000.json,False
QUET,Quetta Textile Mills Limited,eligible,eligible_trainable,canonical_mature_recurrent_contract,rl_recurrent_partition_v1,psx-4a-126450ec6355,single_symbol_env_v1,b094f615819b3be5e2798b24104e080a905bd08ed81cb0afb69321f7c9b7a894,100000,42,cuda,QUEUED,models/QUET/attempt_000/model.zip,checkpoints/QUET/attempt_000,validation/QUET/attempt_000.json,False
QUICE,Quice Food Industries Limited,eligible,eligible_trainable,canonical_mature_recurrent_contract,rl_recurrent_partition_v1,psx-4a-126450ec6355,single_symbol_env_v1,7f5d3132fb1b16359668d589a41c8bfd772fb68090d37de5eda46e25dc4a6955,100000,42,cuda,QUEUED,models/QUICE/attempt_000/model.zip,checkpoints/QUICE/attempt_000,validation/QUICE/attempt_000.json,False
REDCO,Redco Textiles Limited,eligible,eligible_trainable,canonical_mature_recurrent_contract,rl_recurrent_partition_v1,psx-4a-126450ec6355,single_symbol_env_v1,e67f94e9fa0b2ea815b98e15406dbbdfe698c1f7f238fca2a75471ee5f2ecd0a,100000,42,cuda,QUEUED,models/REDCO/attempt_000/model.zip,checkpoints/REDCO/attempt_000,validation/REDCO/attempt_000.json,False
REGAL,Regal Ceramics Limited,ineligible,unsupported,unsupported:not_active_recently_traded,,,,,100000,42,cuda,INELIGIBLE,models/REGAL/attempt_000/model.zip,checkpoints/REGAL/attempt_000,validation/REGAL/attempt_000.json,False
REWM,Reliance Weaving Mills Limited,eligible,eligible_trainable,canonical_mature_recurrent_contract,rl_recurrent_partition_v1,psx-4a-126450ec6355,single_symbol_env_v1,473a74f65e70064ef7929e9e9436b74eda1a07d8a776a3a69c8911754707b8ca,100000,42,cuda,QUEUED,models/REWM/attempt_000/model.zip,checkpoints/REWM/attempt_000,validation/REWM/attempt_000.json,False
RICL,Reliance Insurance Company Limited,eligible,eligible_trainable,canonical_mature_recurrent_contract,rl_recurrent_partition_v1,psx-4a-126450ec6355,single_symbol_env_v1,d8edfef9c56ed8e0707ffddf0b291c41e0d6054382737e29c85ade25c648c764,100000,42,cuda,QUEUED,models/RICL/attempt_000/model.zip,checkpoints/RICL/attempt_000,validation/RICL/attempt_000.json,False
RMPL,Rafhan Maize Products Company Limited,eligible,eligible_trainable,canonical_mature_recurrent_contract,rl_recurrent_partition_v1,psx-4a-126450ec6355,single_symbol_env_v1,517005600c64da4268227dee58d26e861d734065accec6e06d5c3b5fe23fa624,100000,42,cuda,QUEUED,models/RMPL/attempt_000/model.zip,checkpoints/RMPL/attempt_000,validation/RMPL/attempt_000.json,False
RPL,Roshan Packages Limited,eligible,eligible_trainable,canonical_mature_recurrent_contract,rl_recurrent_partition_v1,psx-4a-126450ec6355,single_symbol_env_v1,321e5dad23fed4ee777e137e1dbf84c3cb2b5199b79448a655bb7cfcf5df38cd,100000,42,cuda,QUEUED,models/RPL/attempt_000/model.zip,checkpoints/RPL/attempt_000,validation/RPL/attempt_000.json,False
RUBY,Ruby Textile Mills Limited,eligible,eligible_trainable,canonical_mature_recurrent_contract,rl_recurrent_partition_v1,psx-4a-126450ec6355,single_symbol_env_v1,66ca0ae731b7dd89a8856a1ffee3c286512f4d40119a747fab382f93c49a9302,100000,42,cuda,QUEUED,models/RUBY/attempt_000/model.zip,checkpoints/RUBY/attempt_000,validation/RUBY/attempt_000.json,False
RUPL,Rupali Polyester Limited,eligible,eligible_trainable,canonical_mature_recurrent_contract,rl_recurrent_partition_v1,psx-4a-126450ec6355,single_symbol_env_v1,7cb85f02e207e71db766852445dca27cb56b1ff448418262acf3e7160fb89360,100000,42,cuda,QUEUED,models/RUPL/attempt_000/model.zip,checkpoints/RUPL/attempt_000,validation/RUPL/attempt_000.json,False
SAIF,Saif Textile Mills Limited,eligible,eligible_trainable,canonical_mature_recurrent_contract,rl_recurrent_partition_v1,psx-4a-126450ec6355,single_symbol_env_v1,029954fb030305131505510dd9cfdc91654c3a63846873759060f2be9d9572f1,100000,42,cuda,QUEUED,models/SAIF/attempt_000/model.zip,checkpoints/SAIF/attempt_000,validation/SAIF/attempt_000.json,False
SANE,Salman Noman Enterprises Limited,ineligible,unsupported,unsupported:not_active_recently_traded,,,,,100000,42,cuda,INELIGIBLE,models/SANE/attempt_000/model.zip,checkpoints/SANE/attempt_000,validation/SANE/attempt_000.json,False
SANSM,Sanghar Sugar Mills Limited,eligible,eligible_trainable,canonical_mature_recurrent_contract,rl_recurrent_partition_v1,psx-4a-126450ec6355,single_symbol_env_v1,7328b009df50d182122e40af180347c3c49a0a0974f89f8be0889d6b36a766c8,100000,42,cuda,QUEUED,models/SANSM/attempt_000/model.zip,checkpoints/SANSM/attempt_000,validation/SANSM/attempt_000.json,False
SAPT,Sapphire Textile Mills Limited,eligible,eligible_trainable,canonical_mature_recurrent_contract,rl_recurrent_partition_v1,psx-4a-126450ec6355,single_symbol_env_v1,65dccbb5c217dbd8063742d9d949d4294fc625a939cbfc4fd138e1ee49fd49a8,100000,42,cuda,QUEUED,models/SAPT/attempt_000/model.zip,checkpoints/SAPT/attempt_000,validation/SAPT/attempt_000.json,False
SARC,Sardar Chemical Industries Limited,eligible,eligible_trainable,canonical_mature_recurrent_contract,rl_recurrent_partition_v1,psx-4a-126450ec6355,single_symbol_env_v1,cd7709acf8b40dcc26b91cd7d383afe63399887d3b22da787c876651c4be12dc,100000,42,cuda,QUEUED,models/SARC/attempt_000/model.zip,checkpoints/SARC/attempt_000,validation/SARC/attempt_000.json,False
SASML,Sindh Abadgars Sugar Mills Limited,eligible,eligible_trainable,canonical_mature_recurrent_contract,rl_recurrent_partition_v1,psx-4a-126450ec6355,single_symbol_env_v1,c0a25fcbed0a05212e468c2f351042ae68a275c2e21ce6637cc9b9122cc1f744,100000,42,cuda,QUEUED,models/SASML/attempt_000/model.zip,checkpoints/SASML/attempt_000,validation/SASML/attempt_000.json,False
SAZEW,Sazgar Engineering Works Limited,eligible,eligible_trainable,canonical_mature_recurrent_contract,rl_recurrent_partition_v1,psx-4a-126450ec6355,single_symbol_env_v1,1fe91cd1976ff8a51ba8e8b532e040a3192e5efebb2fbdc2f236b551fca21365,100000,42,cuda,QUEUED,models/SAZEW/attempt_000/model.zip,checkpoints/SAZEW/attempt_000,validation/SAZEW/attempt_000.json,False
SBL,Samba Bank Limited,eligible,eligible_trainable,canonical_mature_recurrent_contract,rl_recurrent_partition_v1,psx-4a-126450ec6355,single_symbol_env_v1,be452e9d0a9d38c2d4d8883d650aa1e7cfd267d6173f551e99cc032594747009,100000,42,cuda,QUEUED,models/SBL/attempt_000/model.zip,checkpoints/SBL/attempt_000,validation/SBL/attempt_000.json,False
SCBPL,Standard Chartered Bank (Pak) Ltd,eligible,eligible_trainable,canonical_mature_recurrent_contract,rl_recurrent_partition_v1,psx-4a-126450ec6355,single_symbol_env_v1,335ae0b3cb2608518865434a9d7d8687e6085b29455affee9d563983325882d8,100000,42,cuda,QUEUED,models/SCBPL/attempt_000/model.zip,checkpoints/SCBPL/attempt_000,validation/SCBPL/attempt_000.json,False
SCHT,Schon Textiles Limited,ineligible,unsupported,unsupported:not_active_recently_traded,,,,,100000,42,cuda,INELIGIBLE,models/SCHT/attempt_000/model.zip,checkpoints/SCHT/attempt_000,validation/SCHT/attempt_000.json,False
SDOT,Sadoon Textile Industries Limited,ineligible,unsupported,unsupported:not_active_recently_traded,,,,,100000,42,cuda,INELIGIBLE,models/SDOT/attempt_000/model.zip,checkpoints/SDOT/attempt_000,validation/SDOT/attempt_000.json,False
SEARL,The Searle Company Limited,eligible,eligible_trainable,canonical_mature_recurrent_contract,rl_recurrent_partition_v1,psx-4a-126450ec6355,single_symbol_env_v1,c69170c29af0595f382486d09dbbefdbc23c886cd90d5535e0c65c546c91f2c6,100000,42,cuda,QUEUED,models/SEARL/attempt_000/model.zip,checkpoints/SEARL/attempt_000,validation/SEARL/attempt_000.json,False
SEL,Sitara Energy Limited,eligible,eligible_trainable,canonical_mature_recurrent_contract,rl_recurrent_partition_v1,psx-4a-126450ec6355,single_symbol_env_v1,41aadf026edaeaf578e8e68e9fd97a2c465eb59069c8b80ba203966d2b76919c,100000,42,cuda,QUEUED,models/SEL/attempt_000/model.zip,checkpoints/SEL/attempt_000,validation/SEL/attempt_000.json,False
SELECT,Select Technologies Limited,ineligible,insufficient_data,insufficient_data:insufficient_usable_history,,,,,100000,42,cuda,INELIGIBLE,models/SELECT/attempt_000/model.zip,checkpoints/SELECT/attempt_000,validation/SELECT/attempt_000.json,False
SEPL,Security Papers Limited,eligible,eligible_trainable,canonical_mature_recurrent_contract,rl_recurrent_partition_v1,psx-4a-126450ec6355,single_symbol_env_v1,bcedbd0daa3e661ded65c58ad5fe1317624d278c19290045759352c0be2ee605,100000,42,cuda,QUEUED,models/SEPL/attempt_000/model.zip,checkpoints/SEPL/attempt_000,validation/SEPL/attempt_000.json,False
SERT,Service Industries Textiles Limited,eligible,eligible_trainable,canonical_mature_recurrent_contract,rl_recurrent_partition_v1,psx-4a-126450ec6355,single_symbol_env_v1,83766f088f5c08e7c5b80bf2ee2f15ce58c395b4838a2087bb68df56d7b138a9,100000,42,cuda,QUEUED,models/SERT/attempt_000/model.zip,checkpoints/SERT/attempt_000,validation/SERT/attempt_000.json,False
SFAT,Safa Textiles Limited,ineligible,unsupported,unsupported:not_active_recently_traded,,,,,100000,42,cuda,INELIGIBLE,models/SFAT/attempt_000/model.zip,checkpoints/SFAT/attempt_000,validation/SFAT/attempt_000.json,False
SFL,Sapphire Fibres Limited,eligible,eligible_trainable,canonical_mature_recurrent_contract,rl_recurrent_partition_v1,psx-4a-126450ec6355,single_symbol_env_v1,4e1a796478968ffc21163d82825424d2901c0ffa8be86e124b0bcb185c2d9bfc,100000,42,cuda,QUEUED,models/SFL/attempt_000/model.zip,checkpoints/SFL/attempt_000,validation/SFL/attempt_000.json,False
SGABL,SG.Allied Businesses Limited,ineligible,unsupported,unsupported:not_active_recently_traded,,,,,100000,42,cuda,INELIGIBLE,models/SGABL/attempt_000/model.zip,checkpoints/SGABL/attempt_000,validation/SGABL/attempt_000.json,False
SGF,Service GlobalFootwear Limited,eligible,eligible_trainable,canonical_mature_recurrent_contract,rl_recurrent_partition_v1,psx-4a-126450ec6355,single_symbol_env_v1,6e0a65ec5db68fdf60e1138e6b2dbe970661b205fde3abbb9242114b03578a17,100000,42,cuda,QUEUED,models/SGF/attempt_000/model.zip,checkpoints/SGF/attempt_000,validation/SGF/attempt_000.json,False
SGPL,S.G. Power Limited,eligible,eligible_trainable,canonical_mature_recurrent_contract,rl_recurrent_partition_v1,psx-4a-126450ec6355,single_symbol_env_v1,0744d7c1a57e1309823a3a80112df324f9eaf585a8e6db2ed7652e0fbcae107d,100000,42,cuda,QUEUED,models/SGPL/attempt_000/model.zip,checkpoints/SGPL/attempt_000,validation/SGPL/attempt_000.json,False
SHCI,Shaffi Chemical Industries Limited,ineligible,unsupported,unsupported:not_active_recently_traded,,,,,100000,42,cuda,INELIGIBLE,models/SHCI/attempt_000/model.zip,checkpoints/SHCI/attempt_000,validation/SHCI/attempt_000.json,False
SHCM,Shadman Cotton Mills Limited,eligible,eligible_trainable,canonical_mature_recurrent_contract,rl_recurrent_partition_v1,psx-4a-126450ec6355,single_symbol_env_v1,8c619ba9c628d9c0e7f85b3e11bbbd253a69de871d04bc97b77d42d8c5260778,100000,42,cuda,QUEUED,models/SHCM/attempt_000/model.zip,checkpoints/SHCM/attempt_000,validation/SHCM/attempt_000.json,False
SHDT,Shadab Textile Mills Limited,eligible,eligible_trainable,canonical_mature_recurrent_contract,rl_recurrent_partition_v1,psx-4a-126450ec6355,single_symbol_env_v1,dd66109d9f51d1beed24e3695d3501014fb08a49da43680ee483114efab1f532,100000,42,cuda,QUEUED,models/SHDT/attempt_000/model.zip,checkpoints/SHDT/attempt_000,validation/SHDT/attempt_000.json,False
SHEZ,Shezan International Limited,eligible,eligible_trainable,canonical_mature_recurrent_contract,rl_recurrent_partition_v1,psx-4a-126450ec6355,single_symbol_env_v1,c91b818b4c46b83339b164998fa93a009eb375734d0809653d781ba85ccf0c12,100000,42,cuda,QUEUED,models/SHEZ/attempt_000/model.zip,checkpoints/SHEZ/attempt_000,validation/SHEZ/attempt_000.json,False
SHFA,Shifa International Hospitals Limited,eligible,eligible_trainable,canonical_mature_recurrent_contract,rl_recurrent_partition_v1,psx-4a-126450ec6355,single_symbol_env_v1,605832a54d1cb1d2d0a69b5d4b7f070804d1948ef554839161fe9e564edb9f5a,100000,42,cuda,QUEUED,models/SHFA/attempt_000/model.zip,checkpoints/SHFA/attempt_000,validation/SHFA/attempt_000.json,False
SHJS,Shahtaj Sugar Mills Limited,eligible,eligible_trainable,canonical_mature_recurrent_contract,rl_recurrent_partition_v1,psx-4a-126450ec6355,single_symbol_env_v1,67ad2cff5a3b3efcefa2a203785f43c5a4b7ad8beffbd8455429229e1b15520e,100000,42,cuda,QUEUED,models/SHJS/attempt_000/model.zip,checkpoints/SHJS/attempt_000,validation/SHJS/attempt_000.json,False
SHNI,Shaheen Insurance Company Limited,eligible,eligible_trainable,canonical_mature_recurrent_contract,rl_recurrent_partition_v1,psx-4a-126450ec6355,single_symbol_env_v1,6455e96fc252107531e3363ed8caaaf71c7deed8301810c6b7cc31356a17d05b,100000,42,cuda,QUEUED,models/SHNI/attempt_000/model.zip,checkpoints/SHNI/attempt_000,validation/SHNI/attempt_000.json,False
SHSML,Shahmurad Sugar Mills Limited,eligible,eligible_trainable,canonical_mature_recurrent_contract,rl_recurrent_partition_v1,psx-4a-126450ec6355,single_symbol_env_v1,fa1dfb185bbb49bfded7dd7166d5cc3bafff62c65fc84c6131161c35cc65bd56,100000,42,cuda,QUEUED,models/SHSML/attempt_000/model.zip,checkpoints/SHSML/attempt_000,validation/SHSML/attempt_000.json,False
SIBL,Security Investment Bank Limited,eligible,eligible_trainable,canonical_mature_recurrent_contract,rl_recurrent_partition_v1,psx-4a-126450ec6355,single_symbol_env_v1,7302e1d76a32c838974a105f8c016583d6527755eacd360aea0b1ed2fa2837b6,100000,42,cuda,QUEUED,models/SIBL/attempt_000/model.zip,checkpoints/SIBL/attempt_000,validation/SIBL/attempt_000.json,False
SIEM,Siemens (Pakistan) Engineering,eligible,eligible_trainable,canonical_mature_recurrent_contract,rl_recurrent_partition_v1,psx-4a-126450ec6355,single_symbol_env_v1,306f7b0c5f4c266c654c210b5977d7da802850e6dd78bc98a1678993b2a0f987,100000,42,cuda,QUEUED,models/SIEM/attempt_000/model.zip,checkpoints/SIEM/attempt_000,validation/SIEM/attempt_000.json,False
SITC,Sitara Chemical Industries Limited,eligible,eligible_trainable,canonical_mature_recurrent_contract,rl_recurrent_partition_v1,psx-4a-126450ec6355,single_symbol_env_v1,48662a1b916df29aef5b85097845de8e5d449cee00c722b34713e200071b0607,100000,42,cuda,QUEUED,models/SITC/attempt_000/model.zip,checkpoints/SITC/attempt_000,validation/SITC/attempt_000.json,False
SKRS,Sakrand Sugar Mills Limited,eligible,eligible_trainable,canonical_mature_recurrent_contract,rl_recurrent_partition_v1,psx-4a-126450ec6355,single_symbol_env_v1,66e8e87ce430a14a7c9968c85d8b1cdf69cb8705ffb5bb455e90f56d61129d0b,100000,42,cuda,QUEUED,models/SKRS/attempt_000/model.zip,checkpoints/SKRS/attempt_000,validation/SKRS/attempt_000.json,False
SLCL,Security Leasing Corporation Limited,ineligible,unsupported,unsupported:not_active_recently_traded,,,,,100000,42,cuda,INELIGIBLE,models/SLCL/attempt_000/model.zip,checkpoints/SLCL/attempt_000,validation/SLCL/attempt_000.json,False
SLGL,Secure Logistics-Trax Group Limited,eligible,eligible_trainable,canonical_mature_recurrent_contract,rl_recurrent_partition_v1,psx-4a-126450ec6355,single_symbol_env_v1,1a05665e8185f600cf7c36ea304db18019954c91f2089d0f900749f9c3ff1ad9,100000,42,cuda,QUEUED,models/SLGL/attempt_000/model.zip,checkpoints/SLGL/attempt_000,validation/SLGL/attempt_000.json,False
SLL,SME Leasing Limited,ineligible,unsupported,unsupported:not_active_recently_traded,,,,,100000,42,cuda,INELIGIBLE,models/SLL/attempt_000/model.zip,checkpoints/SLL/attempt_000,validation/SLL/attempt_000.json,False
SLM,Service Long March Tyres Limited,ineligible,insufficient_data,insufficient_data:insufficient_usable_history,,,,,100000,42,cuda,INELIGIBLE,models/SLM/attempt_000/model.zip,checkpoints/SLM/attempt_000,validation/SLM/attempt_000.json,False
SLYT,Sally Textile Mills Limited,eligible,eligible_trainable,canonical_mature_recurrent_contract,rl_recurrent_partition_v1,psx-4a-126450ec6355,single_symbol_env_v1,0e70a17a2f8f65e8a1fa78e30c3112f9d5d4ffca6cb70959926fb7da870d1d7a,100000,42,cuda,QUEUED,models/SLYT/attempt_000/model.zip,checkpoints/SLYT/attempt_000,validation/SLYT/attempt_000.json,False
SMCPL,Safe Mix Concrete Limited,eligible,eligible_trainable,canonical_mature_recurrent_contract,rl_recurrent_partition_v1,psx-4a-126450ec6355,single_symbol_env_v1,8d1e83f73f79deaa946b0b84ef2226be5ca23ed84e922179ba8cc92520f0d1a8,100000,42,cuda,QUEUED,models/SMCPL/attempt_000/model.zip,checkpoints/SMCPL/attempt_000,validation/SMCPL/attempt_000.json,False
SML,Shakarganj Limited,eligible,eligible_trainable,canonical_mature_recurrent_contract,rl_recurrent_partition_v1,psx-4a-126450ec6355,single_symbol_env_v1,3e2d9b0025c0d83fdf11a91d92571157e32c6fc21a6d52212b880532214062e3,100000,42,cuda,QUEUED,models/SML/attempt_000/model.zip,checkpoints/SML/attempt_000,validation/SML/attempt_000.json,False
SNAI,Sana Industries Limited,eligible,eligible_trainable,canonical_mature_recurrent_contract,rl_recurrent_partition_v1,psx-4a-126450ec6355,single_symbol_env_v1,24a859e9e90d1a901bcf1c4867f57df1f176a316da77b839203f4c2e0a997984,100000,42,cuda,QUEUED,models/SNAI/attempt_000/model.zip,checkpoints/SNAI/attempt_000,validation/SNAI/attempt_000.json,False
SNBL,Soneri Bank Limited,eligible,eligible_trainable,canonical_mature_recurrent_contract,rl_recurrent_partition_v1,psx-4a-126450ec6355,single_symbol_env_v1,a82b2d73d90edd8e413001ae85a09a7aa763c0f996aa25ad92502d0322fc30c9,100000,42,cuda,QUEUED,models/SNBL/attempt_000/model.zip,checkpoints/SNBL/attempt_000,validation/SNBL/attempt_000.json,False
SNGP,Sui Northern Gas Pipelines Limited,eligible,eligible_trainable,canonical_mature_recurrent_contract,rl_recurrent_partition_v1,psx-4a-126450ec6355,single_symbol_env_v1,73298d8737e885509642ea6ea531e25131e5587af60d6c3c57a717c589165343,100000,42,cuda,QUEUED,models/SNGP/attempt_000/model.zip,checkpoints/SNGP/attempt_000,validation/SNGP/attempt_000.json,False
SPAC1,LSE SPAC-I Limited,ineligible,insufficient_data,insufficient_data:insufficient_usable_history,,,,,100000,42,cuda,INELIGIBLE,models/SPAC1/attempt_000/model.zip,checkpoints/SPAC1/attempt_000,validation/SPAC1/attempt_000.json,False
SPAC2,LSE SPAC-II Limited,ineligible,insufficient_data,insufficient_data:insufficient_usable_history,,,,,100000,42,cuda,INELIGIBLE,models/SPAC2/attempt_000/model.zip,checkpoints/SPAC2/attempt_000,validation/SPAC2/attempt_000.json,False
SPCL,Saudi Pak Consultancy Company Limited,ineligible,unsupported,unsupported:not_active_recently_traded,,,,,100000,42,cuda,INELIGIBLE,models/SPCL/attempt_000/model.zip,checkpoints/SPCL/attempt_000,validation/SPCL/attempt_000.json,False
SPEL,SPEL Limited,eligible,eligible_trainable,canonical_mature_recurrent_contract,rl_recurrent_partition_v1,psx-4a-126450ec6355,single_symbol_env_v1,ea8f69ce46392980c547554105436614d9c338fad4658972da93b5efa0c4656e,100000,42,cuda,QUEUED,models/SPEL/attempt_000/model.zip,checkpoints/SPEL/attempt_000,validation/SPEL/attempt_000.json,False
SPL,Sitara Peroxide Limited,eligible,eligible_trainable,canonical_mature_recurrent_contract,rl_recurrent_partition_v1,psx-4a-126450ec6355,single_symbol_env_v1,d260aea3aa1b16948a1e29a50967ac272d3612ba1ec8d24183c688faf98e955e,100000,42,cuda,QUEUED,models/SPL/attempt_000/model.zip,checkpoints/SPL/attempt_000,validation/SPL/attempt_000.json,False
SPSL,Sitara Petroleum Service Limited,ineligible,insufficient_data,insufficient_data:insufficient_usable_history,,,,,100000,42,cuda,INELIGIBLE,models/SPSL/attempt_000/model.zip,checkpoints/SPSL/attempt_000,validation/SPSL/attempt_000.json,False
SPWL,Saif Power Limited,eligible,eligible_trainable,canonical_mature_recurrent_contract,rl_recurrent_partition_v1,psx-4a-126450ec6355,single_symbol_env_v1,a7c15c67d19d700ec38bacf40b552804cfa077df60755f116f86f88bbf7a9da0,100000,42,cuda,QUEUED,models/SPWL/attempt_000/model.zip,checkpoints/SPWL/attempt_000,validation/SPWL/attempt_000.json,False
SRVI,Service Industries Limited,eligible,eligible_trainable,canonical_mature_recurrent_contract,rl_recurrent_partition_v1,psx-4a-126450ec6355,single_symbol_env_v1,1b2c5081261a476f0b7e7c1af7a3394b872de1bc188263f57c2d33df33650bba,100000,42,cuda,QUEUED,models/SRVI/attempt_000/model.zip,checkpoints/SRVI/attempt_000,validation/SRVI/attempt_000.json,False
SSGC,Sui Southern Gas Company Limited,eligible,eligible_trainable,canonical_mature_recurrent_contract,rl_recurrent_partition_v1,psx-4a-126450ec6355,single_symbol_env_v1,e1152232439215a27d8fbf4faa82c37d58f1fca75f3a9358254dec0981e8e85f,100000,42,cuda,QUEUED,models/SSGC/attempt_000/model.zip,checkpoints/SSGC/attempt_000,validation/SSGC/attempt_000.json,False
SSIC,Silver Star Insurance Company Limited,ineligible,unsupported,unsupported:not_active_recently_traded,,,,,100000,42,cuda,INELIGIBLE,models/SSIC/attempt_000/model.zip,checkpoints/SSIC/attempt_000,validation/SSIC/attempt_000.json,False
SSML,Saritow Spinning Mills Limited,eligible,eligible_trainable,canonical_mature_recurrent_contract,rl_recurrent_partition_v1,psx-4a-126450ec6355,single_symbol_env_v1,df5e007a07d5664374eb4e7f9127f2df80c38288e123a87327016902a686fac3,100000,42,cuda,QUEUED,models/SSML/attempt_000/model.zip,checkpoints/SSML/attempt_000,validation/SSML/attempt_000.json,False
SSOM,S.S.Oil Mills Limited,eligible,eligible_trainable,canonical_mature_recurrent_contract,rl_recurrent_partition_v1,psx-4a-126450ec6355,single_symbol_env_v1,b27d1ab0b52edb015a31fb6b18d353181b17eb018e6c90308e8042e4169e7304,100000,42,cuda,QUEUED,models/SSOM/attempt_000/model.zip,checkpoints/SSOM/attempt_000,validation/SSOM/attempt_000.json,False
STCL,Shabbir Tiles & Ceramics Limited,eligible,eligible_trainable,canonical_mature_recurrent_contract,rl_recurrent_partition_v1,psx-4a-126450ec6355,single_symbol_env_v1,927bb2d0ec52dd09d126bbc5678938197e5931255fb307cec30edad08e78f68e,100000,42,cuda,QUEUED,models/STCL/attempt_000/model.zip,checkpoints/STCL/attempt_000,validation/STCL/attempt_000.json,False
STJT,Shahtaj Textile Limited,eligible,eligible_trainable,canonical_mature_recurrent_contract,rl_recurrent_partition_v1,psx-4a-126450ec6355,single_symbol_env_v1,6b0a7f52023d39622cd84417349e0185cdfb24807011ff834240b4e40bc040bb,100000,42,cuda,QUEUED,models/STJT/attempt_000/model.zip,checkpoints/STJT/attempt_000,validation/STJT/attempt_000.json,False
STL,Supernet Technologies Limited,eligible,eligible_trainable,canonical_mature_recurrent_contract,rl_recurrent_partition_v1,psx-4a-126450ec6355,single_symbol_env_v1,02eae0cf5f9b1ed81786b505a9e005e42b62f698e2d454f92f3ec87a6593f3c9,100000,42,cuda,QUEUED,models/STL/attempt_000/model.zip,checkpoints/STL/attempt_000,validation/STL/attempt_000.json,False
STML,Shams Textile Mills Limited,eligible,eligible_trainable,canonical_mature_recurrent_contract,rl_recurrent_partition_v1,psx-4a-126450ec6355,single_symbol_env_v1,24f6c717366c96c87f1a2712fd78a5c746677c748ea328f3cc3c21327a7fcd7a,100000,42,cuda,QUEUED,models/STML/attempt_000/model.zip,checkpoints/STML/attempt_000,validation/STML/attempt_000.json,False
STPL,Siddiqsons Tin Plate Limited,eligible,eligible_trainable,canonical_mature_recurrent_contract,rl_recurrent_partition_v1,psx-4a-126450ec6355,single_symbol_env_v1,f39c70a18a615f3017730c81ae8230290a1d49a4001810eb7a5a5f2334b22858,100000,42,cuda,QUEUED,models/STPL/attempt_000/model.zip,checkpoints/STPL/attempt_000,validation/STPL/attempt_000.json,False
STYLERS,Stylers International Limited,eligible,eligible_trainable,canonical_mature_recurrent_contract,rl_recurrent_partition_v1,psx-4a-126450ec6355,single_symbol_env_v1,8882d1a6428c5625faab44f20474962705a306b24d549d61d141e0ae4e82aa90,100000,42,cuda,QUEUED,models/STYLERS/attempt_000/model.zip,checkpoints/STYLERS/attempt_000,validation/STYLERS/attempt_000.json,False
SUHJ,Suhail Jute Mills Limited,eligible,eligible_trainable,canonical_mature_recurrent_contract,rl_recurrent_partition_v1,psx-4a-126450ec6355,single_symbol_env_v1,70250b10f56f3e4e8dfa30cb9d0bf7397dc86ed8da945d08daa35b3ed33c04ce,100000,42,cuda,QUEUED,models/SUHJ/attempt_000/model.zip,checkpoints/SUHJ/attempt_000,validation/SUHJ/attempt_000.json,False
SURAJ,Suraj Ghee Industries Limited,ineligible,unsupported,unsupported:not_active_recently_traded,,,,,100000,42,cuda,INELIGIBLE,models/SURAJ/attempt_000/model.zip,checkpoints/SURAJ/attempt_000,validation/SURAJ/attempt_000.json,False
SURC,Suraj Cotton Mills Limited,eligible,eligible_trainable,canonical_mature_recurrent_contract,rl_recurrent_partition_v1,psx-4a-126450ec6355,single_symbol_env_v1,4a93899c3cc736110c292faebc31458d463c084ab16c93170bad257f64968b27,100000,42,cuda,QUEUED,models/SURC/attempt_000/model.zip,checkpoints/SURC/attempt_000,validation/SURC/attempt_000.json,False
SUTM,Sunrays Textile Mills Limited,eligible,eligible_trainable,canonical_mature_recurrent_contract,rl_recurrent_partition_v1,psx-4a-126450ec6355,single_symbol_env_v1,97229b409d65bddcc6eddd2881f8c6a601257e1b07313fa3ee5ea5692365d4a5,100000,42,cuda,QUEUED,models/SUTM/attempt_000/model.zip,checkpoints/SUTM/attempt_000,validation/SUTM/attempt_000.json,False
SWL,Standard Worldwide Limited,ineligible,unsupported,unsupported:not_active_recently_traded,,,,,100000,42,cuda,INELIGIBLE,models/SWL/attempt_000/model.zip,checkpoints/SWL/attempt_000,validation/SWL/attempt_000.json,False
SYM,Symmetry Group Limited,eligible,eligible_trainable,canonical_mature_recurrent_contract,rl_recurrent_partition_v1,psx-4a-126450ec6355,single_symbol_env_v1,c07c39ac748240e938fa26f592e0a97a88a56b0a86d1d5d8c6f25672be9d1481,100000,42,cuda,QUEUED,models/SYM/attempt_000/model.zip,checkpoints/SYM/attempt_000,validation/SYM/attempt_000.json,False
SYS,Systems Limited,eligible,eligible_trainable,canonical_mature_recurrent_contract,rl_recurrent_partition_v1,psx-4a-126450ec6355,single_symbol_env_v1,e8819d0097c7810fbe8147ec9c5abcfaa07a28740207754c3a6618e200330dfd,100000,42,cuda,QUEUED,models/SYS/attempt_000/model.zip,checkpoints/SYS/attempt_000,validation/SYS/attempt_000.json,False
SZTM,Shahzad Textile Mills Limited,eligible,eligible_trainable,canonical_mature_recurrent_contract,rl_recurrent_partition_v1,psx-4a-126450ec6355,single_symbol_env_v1,e28675f59b634b499b9472b744faa98b570fe672cbfc1864e22a64d3bd1b2c89,100000,42,cuda,QUEUED,models/SZTM/attempt_000/model.zip,checkpoints/SZTM/attempt_000,validation/SZTM/attempt_000.json,False
TAJT,Taj Textile Mills Limited,ineligible,unsupported,unsupported:not_active_recently_traded,,,,,100000,42,cuda,INELIGIBLE,models/TAJT/attempt_000/model.zip,checkpoints/TAJT/attempt_000,validation/TAJT/attempt_000.json,False
TATM,Tata Textile Mills Limited,eligible,eligible_trainable,canonical_mature_recurrent_contract,rl_recurrent_partition_v1,psx-4a-126450ec6355,single_symbol_env_v1,e0bb50ec8e0c184efb45cb67ee44e9eaf5f1ea55d534df5eb663130e23af0da7,100000,42,cuda,QUEUED,models/TATM/attempt_000/model.zip,checkpoints/TATM/attempt_000,validation/TATM/attempt_000.json,False
TBL,Treet Battery Limited.,eligible,eligible_trainable,canonical_mature_recurrent_contract,rl_recurrent_partition_v1,psx-4a-126450ec6355,single_symbol_env_v1,61419121f6f9f5d2b43b7d13f704378a679fc450c67a624f172af387bcf411fb,100000,42,cuda,QUEUED,models/TBL/attempt_000/model.zip,checkpoints/TBL/attempt_000,validation/TBL/attempt_000.json,False
TCORP,Tariq Corporation Limited,eligible,eligible_trainable,canonical_mature_recurrent_contract,rl_recurrent_partition_v1,psx-4a-126450ec6355,single_symbol_env_v1,fd27f4baa3270f78d2b94f3751d95ffa57a0a87b34a2713c6f66ff892fca6c46,100000,42,cuda,QUEUED,models/TCORP/attempt_000/model.zip,checkpoints/TCORP/attempt_000,validation/TCORP/attempt_000.json,False
TELE,Telecard Limited,eligible,eligible_trainable,canonical_mature_recurrent_contract,rl_recurrent_partition_v1,psx-4a-126450ec6355,single_symbol_env_v1,cbae9bd6ab5049d7df9e95ab1b21848a65aae15db3661ab2ed4373dd4eafc527,100000,42,cuda,QUEUED,models/TELE/attempt_000/model.zip,checkpoints/TELE/attempt_000,validation/TELE/attempt_000.json,False
TGL,Tariq Glass Industries Limited,eligible,eligible_trainable,canonical_mature_recurrent_contract,rl_recurrent_partition_v1,psx-4a-126450ec6355,single_symbol_env_v1,84526bffd2deac0209c29107945a7eff52ee1b77cb4651556006722684fa82c3,100000,42,cuda,QUEUED,models/TGL/attempt_000/model.zip,checkpoints/TGL/attempt_000,validation/TGL/attempt_000.json,False
THALL,Thal Limited,eligible,eligible_trainable,canonical_mature_recurrent_contract,rl_recurrent_partition_v1,psx-4a-126450ec6355,single_symbol_env_v1,b3e9e23f9d7a1cb70bd25b5032d7d42b6b2999fd51b1769f16eb22af7c64821e,100000,42,cuda,QUEUED,models/THALL/attempt_000/model.zip,checkpoints/THALL/attempt_000,validation/THALL/attempt_000.json,False
THCCL,Thatta Cement Company Limited,eligible,eligible_trainable,canonical_mature_recurrent_contract,rl_recurrent_partition_v1,psx-4a-126450ec6355,single_symbol_env_v1,0887e4a825396b3a7642b39374e42ebd88bf1ffebbeede6d8ef73e4bdb73706d,100000,42,cuda,QUEUED,models/THCCL/attempt_000/model.zip,checkpoints/THCCL/attempt_000,validation/THCCL/attempt_000.json,False
TICL,The Thal Industries Corporation Limited,eligible,eligible_trainable,canonical_mature_recurrent_contract,rl_recurrent_partition_v1,psx-4a-126450ec6355,single_symbol_env_v1,aa533bab4f4df61ac7a60012e20cca1fb52e5a16b4aa8795dd548d074308a947,100000,42,cuda,QUEUED,models/TICL/attempt_000/model.zip,checkpoints/TICL/attempt_000,validation/TICL/attempt_000.json,False
TOMCL,The Organic Meat Company Limited,eligible,eligible_trainable,canonical_mature_recurrent_contract,rl_recurrent_partition_v1,psx-4a-126450ec6355,single_symbol_env_v1,11884cbbc32f7aa40791f8d9dce5e90aa08200aa156b8caf96253c5ab9f48073,100000,42,cuda,QUEUED,models/TOMCL/attempt_000/model.zip,checkpoints/TOMCL/attempt_000,validation/TOMCL/attempt_000.json,False
TOWL,Towellers Limited,eligible,eligible_trainable,canonical_mature_recurrent_contract,rl_recurrent_partition_v1,psx-4a-126450ec6355,single_symbol_env_v1,5eb5fd78b72c8c38f25ad4d1174166ad2cb476593aaf78bf81caa6f7b80082e0,100000,42,cuda,QUEUED,models/TOWL/attempt_000/model.zip,checkpoints/TOWL/attempt_000,validation/TOWL/attempt_000.json,False
TPL,TPL Corp Limited,eligible,eligible_trainable,canonical_mature_recurrent_contract,rl_recurrent_partition_v1,psx-4a-126450ec6355,single_symbol_env_v1,2c42f9c4988f69cfa959812f7946ac2e5ab935e3d8c142ba34bc0bb8eb93d8b8,100000,42,cuda,QUEUED,models/TPL/attempt_000/model.zip,checkpoints/TPL/attempt_000,validation/TPL/attempt_000.json,False
TPLI,TPL Insurance Limited,eligible,eligible_trainable,canonical_mature_recurrent_contract,rl_recurrent_partition_v1,psx-4a-126450ec6355,single_symbol_env_v1,e2215aa3d791cff785bb3f8bc17c362c75b9be2225d7c81092b077f754ec57b2,100000,42,cuda,QUEUED,models/TPLI/attempt_000/model.zip,checkpoints/TPLI/attempt_000,validation/TPLI/attempt_000.json,False
TPLL,TPL Life Insurance Limited,eligible,eligible_trainable,canonical_mature_recurrent_contract,rl_recurrent_partition_v1,psx-4a-126450ec6355,single_symbol_env_v1,dcbce7532b6ad99e3c3ba5c9afb92247aa76faa7099067e35869acc0cdac7786,100000,42,cuda,QUEUED,models/TPLL/attempt_000/model.zip,checkpoints/TPLL/attempt_000,validation/TPLL/attempt_000.json,False
TPLP,TPL Properties Limited,eligible,eligible_trainable,canonical_mature_recurrent_contract,rl_recurrent_partition_v1,psx-4a-126450ec6355,single_symbol_env_v1,694a5ecb2b2afcaeb22360a09323ccd5ea146b2b24631e26382ec5dbe604a923,100000,42,cuda,QUEUED,models/TPLP/attempt_000/model.zip,checkpoints/TPLP/attempt_000,validation/TPLP/attempt_000.json,False
TPLT,TPL Trakker Limited,eligible,eligible_trainable,canonical_mature_recurrent_contract,rl_recurrent_partition_v1,psx-4a-126450ec6355,single_symbol_env_v1,b0c7cf3ccae32afa5b306578645f3524fe3370c872e32e2d9b91a6225220e2d8,100000,42,cuda,QUEUED,models/TPLT/attempt_000/model.zip,checkpoints/TPLT/attempt_000,validation/TPLT/attempt_000.json,False
TREET,Treet Corporation Limited,eligible,eligible_trainable,canonical_mature_recurrent_contract,rl_recurrent_partition_v1,psx-4a-126450ec6355,single_symbol_env_v1,f8bccb407c0d113e4f39740a6349cd77f9d6e149a826d921dfd569a3f6354f8e,100000,42,cuda,QUEUED,models/TREET/attempt_000/model.zip,checkpoints/TREET/attempt_000,validation/TREET/attempt_000.json,False
TRG,TRG Pakistan Limited,eligible,eligible_trainable,canonical_mature_recurrent_contract,rl_recurrent_partition_v1,psx-4a-126450ec6355,single_symbol_env_v1,9ffc7f55e9830fc52c1ba6e699a721b443def533b0b3aba380bfff25f51e9f33,100000,42,cuda,QUEUED,models/TRG/attempt_000/model.zip,checkpoints/TRG/attempt_000,validation/TRG/attempt_000.json,False
TRIBL,Trust Investment Bank Limited,ineligible,unsupported,unsupported:not_active_recently_traded,,,,,100000,42,cuda,INELIGIBLE,models/TRIBL/attempt_000/model.zip,checkpoints/TRIBL/attempt_000,validation/TRIBL/attempt_000.json,False
TRIPF,Tri-Pack Films Limited,eligible,eligible_trainable,canonical_mature_recurrent_contract,rl_recurrent_partition_v1,psx-4a-126450ec6355,single_symbol_env_v1,96d53f3688b9328f11997bd3a1c9a861e68fd0902dc4bebe98477469390c6998,100000,42,cuda,QUEUED,models/TRIPF/attempt_000/model.zip,checkpoints/TRIPF/attempt_000,validation/TRIPF/attempt_000.json,False
TSBL,Trust Securities & Brokerage Limited,eligible,eligible_trainable,canonical_mature_recurrent_contract,rl_recurrent_partition_v1,psx-4a-126450ec6355,single_symbol_env_v1,2823523705f1ea51254beff6b9abcc0ced01d8f0f2012495ba707c6b88051d6c,100000,42,cuda,QUEUED,models/TSBL/attempt_000/model.zip,checkpoints/TSBL/attempt_000,validation/TSBL/attempt_000.json,False
TSML,Tandlianwala Sugar Mills Limited,eligible,eligible_trainable,canonical_mature_recurrent_contract,rl_recurrent_partition_v1,psx-4a-126450ec6355,single_symbol_env_v1,10dc0cb069fde5e2be122ac34381015f721c1e9456e7c9d4baa4ace33ad5a256,100000,42,cuda,QUEUED,models/TSML/attempt_000/model.zip,checkpoints/TSML/attempt_000,validation/TSML/attempt_000.json,False
TSPL,Tri-Star Power Limited,eligible,eligible_trainable,canonical_mature_recurrent_contract,rl_recurrent_partition_v1,psx-4a-126450ec6355,single_symbol_env_v1,3dc6fb9cc5b78298718e32e3b7297cc9dfc073ce96cad02f09de4f2e478bf3df,100000,42,cuda,QUEUED,models/TSPL/attempt_000/model.zip,checkpoints/TSPL/attempt_000,validation/TSPL/attempt_000.json,False
UBDL,United Brands Limited,eligible,eligible_trainable,canonical_mature_recurrent_contract,rl_recurrent_partition_v1,psx-4a-126450ec6355,single_symbol_env_v1,a5547ebfe8716581f674a44d0c21b5d4ebf24f8f03f9c7faddd331af13624cb7,100000,42,cuda,QUEUED,models/UBDL/attempt_000/model.zip,checkpoints/UBDL/attempt_000,validation/UBDL/attempt_000.json,False
UBL,United Bank Limited,eligible,eligible_trainable,canonical_mature_recurrent_contract,rl_recurrent_partition_v1,psx-4a-126450ec6355,single_symbol_env_v1,71afe1ad6dd3e4bb3920944175c16d63b1c0a72027f3ae70957523a4e3fe9dfc,100000,42,cuda,QUEUED,models/UBL/attempt_000/model.zip,checkpoints/UBL/attempt_000,validation/UBL/attempt_000.json,False
UDLI,UDL International Limited,eligible,eligible_trainable,canonical_mature_recurrent_contract,rl_recurrent_partition_v1,psx-4a-126450ec6355,single_symbol_env_v1,25d21922b22a4a95caf0c26d78ff302df39c47a7b5e567b4caa1609f096c1cad,100000,42,cuda,QUEUED,models/UDLI/attempt_000/model.zip,checkpoints/UDLI/attempt_000,validation/UDLI/attempt_000.json,False
UDPL,United Distributors Pakistan Limited,eligible,eligible_trainable,canonical_mature_recurrent_contract,rl_recurrent_partition_v1,psx-4a-126450ec6355,single_symbol_env_v1,e966ee13468a034bccd21d924385d64fb07e34dae391e831d1ea2c7d4a4245a8,100000,42,cuda,QUEUED,models/UDPL/attempt_000/model.zip,checkpoints/UDPL/attempt_000,validation/UDPL/attempt_000.json,False
UNIC,The United Insurance Company,eligible,eligible_trainable,canonical_mature_recurrent_contract,rl_recurrent_partition_v1,psx-4a-126450ec6355,single_symbol_env_v1,d3da41ee761b8b949ca4b4eddd3840271845fc0aeec34b0d806133d9ed8bce4f,100000,42,cuda,QUEUED,models/UNIC/attempt_000/model.zip,checkpoints/UNIC/attempt_000,validation/UNIC/attempt_000.json,False
UNITY,Unity Foods Limited,eligible,eligible_trainable,canonical_mature_recurrent_contract,rl_recurrent_partition_v1,psx-4a-126450ec6355,single_symbol_env_v1,46a12e52cf1e97f0e982910c1a5ec621e905dcf811ea0f945d386b21ba13424b,100000,42,cuda,QUEUED,models/UNITY/attempt_000/model.zip,checkpoints/UNITY/attempt_000,validation/UNITY/attempt_000.json,False
UPFL,Unilever Pakistan Foods Limited,eligible,eligible_trainable,canonical_mature_recurrent_contract,rl_recurrent_partition_v1,psx-4a-126450ec6355,single_symbol_env_v1,5bf8622df6fb0b5286602d58f4321103283d08312d0438d29b93e6215cde61da,100000,42,cuda,QUEUED,models/UPFL/attempt_000/model.zip,checkpoints/UPFL/attempt_000,validation/UPFL/attempt_000.json,False
USMT,Usman Textile Mills Limited,ineligible,unsupported,unsupported:not_active_recently_traded,,,,,100000,42,cuda,INELIGIBLE,models/USMT/attempt_000/model.zip,checkpoints/USMT/attempt_000,validation/USMT/attempt_000.json,False
UVIC,The Universal Insurance Company Limited,eligible,eligible_trainable,canonical_mature_recurrent_contract,rl_recurrent_partition_v1,psx-4a-126450ec6355,single_symbol_env_v1,f66a71917b8aa14d3f3ceb94eb9ed5546f049863abe46eef626b2fe6c2976f7a,100000,42,cuda,QUEUED,models/UVIC/attempt_000/model.zip,checkpoints/UVIC/attempt_000,validation/UVIC/attempt_000.json,False
WAFI,Wafi Energy Pakistan Limited,eligible,eligible_trainable,canonical_mature_recurrent_contract,rl_recurrent_partition_v1,psx-4a-126450ec6355,single_symbol_env_v1,834be1b8abe0418027516a619691f8bbf280d8d0c3485669ca50fb7c89769d0f,100000,42,cuda,QUEUED,models/WAFI/attempt_000/model.zip,checkpoints/WAFI/attempt_000,validation/WAFI/attempt_000.json,False
WAHDAT,Wahdat Poultry Farm Limited,ineligible,insufficient_data,insufficient_data:insufficient_usable_history,,,,,100000,42,cuda,INELIGIBLE,models/WAHDAT/attempt_000/model.zip,checkpoints/WAHDAT/attempt_000,validation/WAHDAT/attempt_000.json,False
WAHN,Wah Noble Chemicals Limited,eligible,eligible_trainable,canonical_mature_recurrent_contract,rl_recurrent_partition_v1,psx-4a-126450ec6355,single_symbol_env_v1,cff43bc4b27c3e01d5d9aa0d0093ea43de45ae2dd09ec1d5cfc5f7119d04eefb,100000,42,cuda,QUEUED,models/WAHN/attempt_000/model.zip,checkpoints/WAHN/attempt_000,validation/WAHN/attempt_000.json,False
WAVES,Waves Corporation Limited,eligible,eligible_trainable,canonical_mature_recurrent_contract,rl_recurrent_partition_v1,psx-4a-126450ec6355,single_symbol_env_v1,1626f7730dbf0d2aa2d1fac6b74d4ba2e85c385945511036f5508164d67f7e64,100000,42,cuda,QUEUED,models/WAVES/attempt_000/model.zip,checkpoints/WAVES/attempt_000,validation/WAVES/attempt_000.json,False
WAVESAPP,Waves Home Appliances Limited,eligible,eligible_trainable,canonical_mature_recurrent_contract,rl_recurrent_partition_v1,psx-4a-126450ec6355,single_symbol_env_v1,0f7502e22b1382f1fbdb118fc724fdf7ed7fee7be71ae7867ab8737ea50316f4,100000,42,cuda,QUEUED,models/WAVESAPP/attempt_000/model.zip,checkpoints/WAVESAPP/attempt_000,validation/WAVESAPP/attempt_000.json,False
WTL,Worldcall Telecom Limited,eligible,eligible_trainable,canonical_mature_recurrent_contract,rl_recurrent_partition_v1,psx-4a-126450ec6355,single_symbol_env_v1,42eb25af63ce291ca911b20f9661660c4bd66ebffa4ad1d8d958e8b58a9f60a3,100000,42,cuda,QUEUED,models/WTL/attempt_000/model.zip,checkpoints/WTL/attempt_000,validation/WTL/attempt_000.json,False
YOUW,Yousaf Weaving Mills Limited,eligible,eligible_trainable,canonical_mature_recurrent_contract,rl_recurrent_partition_v1,psx-4a-126450ec6355,single_symbol_env_v1,fba447c2faf4caaff48e72c17cb075f65023b8d7942c3b16d68460ac1b6202e6,100000,42,cuda,QUEUED,models/YOUW/attempt_000/model.zip,checkpoints/YOUW/attempt_000,validation/YOUW/attempt_000.json,False
ZAHID,Zahidjee Textile Mills Limited,eligible,eligible_trainable,canonical_mature_recurrent_contract,rl_recurrent_partition_v1,psx-4a-126450ec6355,single_symbol_env_v1,3d840664cfeb7e286a9fc1f63dbd9a695afb6ec25cb76cf3a77594684123043e,100000,42,cuda,QUEUED,models/ZAHID/attempt_000/model.zip,checkpoints/ZAHID/attempt_000,validation/ZAHID/attempt_000.json,False
ZAL,Zarea Limited,eligible,eligible_trainable,canonical_mature_recurrent_contract,rl_recurrent_partition_v1,psx-4a-126450ec6355,single_symbol_env_v1,16fade34f1ca0435a496e5cc9469ade78606406876b92b685d1b725b0996929e,100000,42,cuda,QUEUED,models/ZAL/attempt_000/model.zip,checkpoints/ZAL/attempt_000,validation/ZAL/attempt_000.json,False
ZELP,Zeal Pak Cement Factory Limited,ineligible,unsupported,unsupported:not_active_recently_traded,,,,,100000,42,cuda,INELIGIBLE,models/ZELP/attempt_000/model.zip,checkpoints/ZELP/attempt_000,validation/ZELP/attempt_000.json,False
ZIL,ZIL Limited,eligible,eligible_trainable,canonical_mature_recurrent_contract,rl_recurrent_partition_v1,psx-4a-126450ec6355,single_symbol_env_v1,68cb7885ab818164c769a9a58da07de89166e46bf6d75b4c2960faf304c0ccdf,100000,42,cuda,QUEUED,models/ZIL/attempt_000/model.zip,checkpoints/ZIL/attempt_000,validation/ZIL/attempt_000.json,False
ZTL,Zephyr Textiles Limited,eligible,eligible_trainable,canonical_mature_recurrent_contract,rl_recurrent_partition_v1,psx-4a-126450ec6355,single_symbol_env_v1,acc35796d71bb1c3b420da38cf40a15c16bdbf271c02058ffe0e098c1f0cf379,100000,42,cuda,QUEUED,models/ZTL/attempt_000/model.zip,checkpoints/ZTL/attempt_000,validation/ZTL/attempt_000.json,False
ZUMA,Zuma Resources Limited,ineligible,insufficient_data,insufficient_data:insufficient_canonical_train_history_v2:88<126,,,,,100000,42,cuda,INELIGIBLE,models/ZUMA/attempt_000/model.zip,checkpoints/ZUMA/attempt_000,validation/ZUMA/attempt_000.json,False
